[{"name":"Nước Rửa Chén Sunlight Chanh Công Nghệ Mới Dạng Túi","discount":1000,"discount_rate":2,"rating_average":4.8,"review_count":317,"price":58000,"list_price":59000,"category":"Chăm sóc nhà cửa"},{"name":"Combo 2 Nước Xả Vải Downy Huyền Bí (3L/Túi)","discount":57000,"discount_rate":14,"rating_average":4.8,"review_count":77,"price":341000,"list_price":398000,"category":"Chăm sóc nhà cửa"},{"name":"Túi Nước Giặt OMO Matic Comfort Hương Tinh dầu thơm 2.9kg","discount":30000,"discount_rate":18,"rating_average":4.7,"review_count":413,"price":135000,"list_price":165000,"category":"Chăm sóc nhà cửa"},{"name":"VIÊN GIẶT TIDE PODS HE LAUNDRY DETERGENT PODS 42 VIÊN (MẪU MỚI NHẤT)","discount":101000,"discount_rate":29,"rating_average":5,"review_count":3,"price":249000,"list_price":350000,"category":"Chăm sóc nhà cửa"},{"name":"Combo 2 Túi Nước Giặt OMO Matic Comfort Hương Tinh dầu thơm 2.9kg","discount":32000,"discount_rate":10,"rating_average":4.8,"review_count":245,"price":298000,"list_price":330000,"category":"Chăm sóc nhà cửa"},{"name":"Nước Xả Vải Downy Đam Mê 3.5L","discount":31000,"discount_rate":14,"rating_average":4.8,"review_count":96,"price":194000,"list_price":225000,"category":"Chăm sóc nhà cửa"},{"name":"Combo 2 Chai Vim Diệt Khuẩn Xanh Biển Bất Khả Chiến Bại 900ml","discount":14000,"discount_rate":19,"rating_average":4.7,"review_count":24,"price":58000,"list_price":72000,"category":"Chăm sóc nhà cửa"},{"name":"[ComBo 2 Hộp ] Thông Tắc Ngẽn Bồn Cầu, Thông Tắc Ngẽn Cống, Bột thông cống mạnh. Loại lớn 260g. Xử Lý nhanh tắc ngẽn","discount":114500,"discount_rate":68,"rating_average":4.5,"review_count":39,"price":54500,"list_price":169000,"category":"Chăm sóc nhà cửa"},{"name":"Túi Nước Giặt Omo Matic Cửa Trước Khử Mùi Thư Thái","discount":51000,"discount_rate":26,"rating_average":4.8,"review_count":601,"price":148000,"list_price":199000,"category":"Chăm sóc nhà cửa"},{"name":"Thuốc diệt kiến gián sinh học không mùi combo 2 chai","discount":66000,"discount_rate":67,"rating_average":4.5,"review_count":44,"price":33000,"list_price":99000,"category":"Chăm sóc nhà cửa"},{"name":"Nước Xả Vải Downy Hương Đam Mê 4L (Dạng chai)","discount":113000,"discount_rate":36,"rating_average":4.8,"review_count":39,"price":199000,"list_price":312000,"category":"Chăm sóc nhà cửa"},{"name":"Combo 3 Túi Nước Giặt Xả Maxkleen Hương Hoa Nắng (2.4kg/túi)","discount":126000,"discount_rate":31,"rating_average":4.8,"review_count":131,"price":282000,"list_price":408000,"category":"Chăm sóc nhà cửa"},{"name":"Nước xả vải em bé Comfort Kháng Khuẩn Dịu Nhẹ Túi 1.5L","discount":16000,"discount_rate":15,"rating_average":5,"review_count":38,"price":94000,"list_price":110000,"category":"Chăm sóc nhà cửa"},{"name":"Combo Nước giặt xả Maxkleen Hương Cam sả: 1 Chai 2.4kg + 1 Túi 600g","discount":64000,"discount_rate":32,"rating_average":4.8,"review_count":8,"price":139000,"list_price":203000,"category":"Chăm sóc nhà cửa"},{"name":"Combo 2 Nước Rửa Chén Seventh Generation Lavender&Mint (750ml)","discount":24000,"discount_rate":18,"rating_average":4.7,"review_count":276,"price":106000,"list_price":130000,"category":"Chăm sóc nhà cửa"},{"name":"Nước Rửa Chén Diệt Khuẩn Sunlight Chanh Và Lá Bạc Hà Mới (3.6kg/Chai) - Mới","discount":17000,"discount_rate":15,"rating_average":4.8,"review_count":417,"price":97000,"list_price":114000,"category":"Chăm sóc nhà cửa"},{"name":"Nước Xả Làm Mềm Vải Comfort Chăm Sóc Chuyên Sâu Đậm Đặc Một Lần Xả Hương Ban Mai Túi 2.8L","discount":26000,"discount_rate":15,"rating_average":4.8,"review_count":83,"price":144000,"list_price":170000,"category":"Chăm sóc nhà cửa"},{"name":"Viên giặt Tide Pods 4 trong 1 Downy (104 viên)","discount":301000,"discount_rate":30,"rating_average":5,"review_count":7,"price":699000,"list_price":1000000,"category":"Chăm sóc nhà cửa"},{"name":"Nước xả vải Downy Hương nước hoa Đam Mê 4L","discount":45000,"discount_rate":17,"rating_average":4.8,"review_count":49,"price":215000,"list_price":260000,"category":"Chăm sóc nhà cửa"},{"name":"Nước Giặt Ariel Cửa Trước Bung Tỏa Đam Mê 3.25Kg","discount":78000,"discount_rate":33,"rating_average":4.6,"review_count":47,"price":155000,"list_price":233000,"category":"Chăm sóc nhà cửa"},{"name":"Nước Xả Làm Mềm Vải Comfort Chăm Sóc Chuyên Sâu Ngăn Ngừa Mùi Hôi Hương Tươi Mát túi 3.8L","discount":46000,"discount_rate":21,"rating_average":5,"review_count":95,"price":173000,"list_price":219000,"category":"Chăm sóc nhà cửa"},{"name":"Túi Nước Giặt Omo Matic Bền Đẹp Cửa Trước 2.9Kg","discount":30000,"discount_rate":18,"rating_average":4.7,"review_count":225,"price":135000,"list_price":165000,"category":"Chăm sóc nhà cửa"},{"name":"Giấy Vệ Sinh Choice L (24 Cuộn)","discount":0,"discount_rate":0,"rating_average":4.7,"review_count":123,"price":49000,"list_price":49000,"category":"Chăm sóc nhà cửa"},{"name":"Nước Giặt Ariel Matic Hương Downy Túi 2.1Kg","discount":25000,"discount_rate":18,"rating_average":4.8,"review_count":91,"price":114000,"list_price":139000,"category":"Chăm sóc nhà cửa"},{"name":"Nước Rửa Chén Khử Mùi Tanh Sunlight Matcha Trà Nhật Mới (3.6kg / Chai) - Mới","discount":15000,"discount_rate":13,"rating_average":4.8,"review_count":348,"price":99000,"list_price":114000,"category":"Chăm sóc nhà cửa"},{"name":"Nước Xả Vải Downy Đóa Hoa Ngọt Ngào Dạng Chai 800ml","discount":11000,"discount_rate":17,"rating_average":4.6,"review_count":86,"price":55000,"list_price":66000,"category":"Chăm sóc nhà cửa"},{"name":"Siêu tẩy dầu mỡ HGO [XỊT LÀ SẠCH] tẩy dầu mỡ cháy két trên lưới lọc máy hút mùi, tường gạch ốp, mặt bếp ga, bếp từ hiệu quả an toàn chất lượng","discount":60000,"discount_rate":39,"rating_average":4.5,"review_count":90,"price":95000,"list_price":155000,"category":"Chăm sóc nhà cửa"},{"name":"Combo 2 túi nước giặt xả Maxkleen hương Vườn Sớm Mai 3.8kg/túi ","discount":98000,"discount_rate":26,"rating_average":5,"review_count":124,"price":282000,"list_price":380000,"category":"Chăm sóc nhà cửa"},{"name":"[XỊT LÀ SẠCH] Nước tẩy cặn canxi HGO PLUS trên vòi rửa inox, vách kính, bồn rửa sứ trong nhà tắm. Chai 500ml ","discount":96000,"discount_rate":49,"rating_average":4.5,"review_count":21,"price":99000,"list_price":195000,"category":"Chăm sóc nhà cửa"},{"name":"Diệt kiến dạng Gel Bayer Maxforce Quantum 0.03% (12g)","discount":11000,"discount_rate":7,"rating_average":4.7,"review_count":82,"price":149000,"list_price":160000,"category":"Chăm sóc nhà cửa"},{"name":"Combo 2 Túi Nước Giặt OMO Matic Bền Đẹp Lựu Và Tre Cho Máy Giặt Cửa Trước (2.3kg/Túi)","discount":75000,"discount_rate":27,"rating_average":4.7,"review_count":901,"price":203000,"list_price":278000,"category":"Chăm sóc nhà cửa"},{"name":"Hộp 12 Viên Tẩy Vệ Sinh Lồng Máy Giặt, Diệt Khuẩn Và Tẩy Chất Cặn Lồng Máy Giặt Hiệu Quả","discount":151100,"discount_rate":86,"rating_average":4.1,"review_count":17,"price":23900,"list_price":175000,"category":"Chăm sóc nhà cửa"},{"name":"Nước Lau Sàn Sunlight Tinh Dầu Thiên Nhiên - Hương hoa Diên Vỹ (2.6kg/Túi)","discount":1000,"discount_rate":2,"rating_average":4.8,"review_count":82,"price":56000,"list_price":57000,"category":"Chăm sóc nhà cửa"},{"name":"Nước Rửa Chén Sunlight Chanh Công Nghệ Mới Dạng Chai","discount":9000,"discount_rate":9,"rating_average":4.8,"review_count":271,"price":86000,"list_price":95000,"category":"Chăm sóc nhà cửa"},{"name":"Combo 2 Vim Diệt Khuẩn Trắng Sáng Hương Chanh Sả Dịu Mát 880ml","discount":9000,"discount_rate":12,"rating_average":4.7,"review_count":275,"price":67000,"list_price":76000,"category":"Chăm sóc nhà cửa"},{"name":"Nước Tẩy Bồn Cầu Vim Diệt Khuẩn (900ml) - Xanh Biển","discount":0,"discount_rate":0,"rating_average":4.8,"review_count":36,"price":36000,"list_price":36000,"category":"Chăm sóc nhà cửa"},{"name":"Nước Xả Làm Mềm Vải Comfort Chăm Sóc Chuyên Sâu Ngăn Ngừa Mùi Hôi Hương Tươi Mát túi 3.2L","discount":28000,"discount_rate":16,"rating_average":4.8,"review_count":346,"price":151000,"list_price":179000,"category":"Chăm sóc nhà cửa"},{"name":"DẠNG GÓI 20 VIÊN | HỘP 100 VIÊN - THUỐC DIỆT CHUỘT STORM - DẠNG VIÊN NÉN - ĐƠN GIẢN DỄ SỬ DỤNG - AN TOÀN VỚI NGƯỜI SỬ DỤNG VÀ MÔI TRƯỜNG","discount":12000,"discount_rate":31,"rating_average":4.5,"review_count":90,"price":27000,"list_price":39000,"category":"Chăm sóc nhà cửa"},{"name":"Nước Lau Sàn Sunlight Hương Hoa Thiên Nhiên 3.6kg","discount":3000,"discount_rate":3,"rating_average":4.8,"review_count":277,"price":97000,"list_price":100000,"category":"Chăm sóc nhà cửa"},{"name":"Combo 2 Túi Nước Giặt Ariel Dịu Nhẹ Cho Da Nhạy Cảm (2.15kg/ Túi) - Mềm mại ngát hương - An toàn cho da em bé","discount":51000,"discount_rate":18,"rating_average":4.8,"review_count":56,"price":227000,"list_price":278000,"category":"Chăm sóc nhà cửa"},{"name":"Nước Xả Làm Mềm Vải Comfort Chăm Sóc Chuyên Sâu Ngăn Ngừa Mùi Hôi Hương Tươi Mát túi 2.8L","discount":24000,"discount_rate":14,"rating_average":4.6,"review_count":41,"price":146000,"list_price":170000,"category":"Chăm sóc nhà cửa"},{"name":"Khăn Giấy Lụa Tiết Kiệm Choice L (SL) 2 lớp (180 Tờ / Gói) (Bao Bì Mới)","discount":3300,"discount_rate":9,"rating_average":4.7,"review_count":228,"price":31700,"list_price":35000,"category":"Chăm sóc nhà cửa"},{"name":"Combo 2 Nước Rửa Chén Sunlight Thiên nhiên Muối khoáng Và Lô hội (2.1kg x 2)","discount":12000,"discount_rate":9,"rating_average":4.8,"review_count":342,"price":118000,"list_price":130000,"category":"Chăm sóc nhà cửa"},{"name":"Nước Giặt Lix Đậm Đặc ","discount":24000,"discount_rate":28,"rating_average":4.8,"review_count":100,"price":61000,"list_price":85000,"category":"Chăm sóc nhà cửa"},{"name":"Nước Xả Làm Mềm Vải Comfort Chăm Sóc Chuyên Sâu Hương Nước Hoa Thiên Nhiên Bella Túi 2.8L","discount":26000,"discount_rate":15,"rating_average":4.8,"review_count":37,"price":144000,"list_price":170000,"category":"Chăm sóc nhà cửa"},{"name":"Nước giặt Ariel Dạng Túi Dịu Nhẹ Cho Da Nhạy Cảm 2.15kg","discount":25000,"discount_rate":18,"rating_average":4.7,"review_count":106,"price":114000,"list_price":139000,"category":"Chăm sóc nhà cửa"},{"name":"Bột Giặt Tide Hương Downy (5kg)","discount":41000,"discount_rate":20,"rating_average":4.7,"review_count":124,"price":168000,"list_price":209000,"category":"Chăm sóc nhà cửa"},{"name":"Thuốc viên diệt gián nội địa Nhật Bản","discount":181700,"discount_rate":78,"rating_average":4.8,"review_count":10,"price":51000,"list_price":232700,"category":"Chăm sóc nhà cửa"},{"name":"Combo 2 Nước xả vải em bé Comfort Kháng Khuẩn Dịu Nhẹ Túi 2.4L","discount":66000,"discount_rate":19,"rating_average":4.6,"review_count":113,"price":274000,"list_price":340000,"category":"Chăm sóc nhà cửa"},{"name":"Combo 3 Túi Nước Giặt Xả Maxkleen Hương Vườn Sớm Mai (2.4kg/túi)","discount":126000,"discount_rate":31,"rating_average":4.8,"review_count":70,"price":282000,"list_price":408000,"category":"Chăm sóc nhà cửa"},{"name":"Túi Nước Giặt OMO Dịu Nhẹ Trên Da 2.0kg","discount":20000,"discount_rate":16,"rating_average":5,"review_count":161,"price":107000,"list_price":127000,"category":"Chăm sóc nhà cửa"},{"name":"Nước Giặt Xả Công Nghê Thái Lan Di-mark 5 lít (đen) Thơm Lâu Công Nghệ Mới 5 IN 1","discount":225000,"discount_rate":59,"rating_average":4.6,"review_count":121,"price":155000,"list_price":380000,"category":"Chăm sóc nhà cửa"},{"name":"Nước Lau Sàn Sunlight Thiên Nhiên Chiết Xuất Chanh Yuzu & Tinh Dầu Sả 3.6Kg","discount":13000,"discount_rate":13,"rating_average":4.8,"review_count":160,"price":87000,"list_price":100000,"category":"Chăm sóc nhà cửa"},{"name":"Muối rửa bát Finish 4.0 kg","discount":270000,"discount_rate":54,"rating_average":4.7,"review_count":142,"price":230000,"list_price":500000,"category":"Chăm sóc nhà cửa"},{"name":"Combo 3 lọ Thuốc diệt kiến gián sinh học Hanpet- Dung dịch diệt kiến tận gốc","discount":14700,"discount_rate":25,"rating_average":4.5,"review_count":126,"price":44300,"list_price":59000,"category":"Chăm sóc nhà cửa"},{"name":"Nước Xả Vải Downy Cuốn Hút Dạng Túi","discount":21000,"discount_rate":13,"rating_average":4.7,"review_count":77,"price":138000,"list_price":159000,"category":"Chăm sóc nhà cửa"},{"name":"Combo 2 Túi Nước Giặt Ariel Matic Đậm Đặc (2.3kg/ Túi)","discount":43000,"discount_rate":16,"rating_average":4.6,"review_count":247,"price":229000,"list_price":272000,"category":"Chăm sóc nhà cửa"},{"name":"Giấy Vệ Sinh Pulppy Classic (10 Cuộn)","discount":0,"discount_rate":0,"rating_average":4.7,"review_count":115,"price":81900,"list_price":81900,"category":"Chăm sóc nhà cửa"}]