[{"name":"Nước Xả Làm Mềm Vải Comfort Chăm Sóc Chuyên Sâu Ngăn Ngừa Mùi Hôi Hương Tươi Mát túi 2.8L","discount":24000,"discount_rate":14,"rating_average":4.6,"review_count":41,"price":146000,"list_price":170000,"category":"Chăm sóc nhà cửa"},{"name":"Combo 10 Viên Tẩy Bồn Cầu","discount":57100,"discount_rate":76,"rating_average":4.7,"review_count":3,"price":17900,"list_price":75000,"category":"Chăm sóc nhà cửa"},{"name":"Nước Xả Làm Mềm Vải Comfort Chăm Sóc Chuyên Sâu Đậm Đặc Một Lần Xả Hương Ban Mai Túi 2.8L","discount":26000,"discount_rate":15,"rating_average":4.8,"review_count":83,"price":144000,"list_price":170000,"category":"Chăm sóc nhà cửa"},{"name":"Thuốc diệt chuột tiêu diệt cả đàn chuột hàng xách tay Nhật Bản","discount":195000,"discount_rate":67,"rating_average":3.6,"review_count":24,"price":94000,"list_price":289000,"category":"Chăm sóc nhà cửa"},{"name":"Viên rửa bát Finish All in one 100 viên","discount":100000,"discount_rate":13,"rating_average":5,"review_count":6,"price":650000,"list_price":750000,"category":"Chăm sóc nhà cửa"},{"name":"Hộp 4 Viên Nén Vệ Sinh Lồng Giặt OMO Matic 80gr","discount":0,"discount_rate":0,"rating_average":0,"review_count":0,"price":85000,"list_price":85000,"category":"Chăm sóc nhà cửa"},{"name":"Nước Xả Vải Downy Hương Nắng Mai 8.5L","discount":89000,"discount_rate":20,"rating_average":4.7,"review_count":27,"price":357000,"list_price":446000,"category":"Chăm sóc nhà cửa"},{"name":"Nước Lau Sàn Sunlight Tinh Dầu Thiên Nhiên - Hương Hoa Diên Vỹ 3.8kg","discount":13000,"discount_rate":14,"rating_average":4.8,"review_count":202,"price":80000,"list_price":93000,"category":"Chăm sóc nhà cửa"},{"name":"Nước Hoa Tinh Dầu Thơm Phòng - Tinh Dầu Khô MissuVN","discount":81000,"discount_rate":74,"rating_average":4.2,"review_count":43,"price":28000,"list_price":109000,"category":"Chăm sóc nhà cửa"},{"name":"Combo 5 hộp khăn giấy Pulppy ( 180 tờ / hộp )","discount":64000,"discount_rate":39,"rating_average":4.6,"review_count":81,"price":101000,"list_price":165000,"category":"Chăm sóc nhà cửa"},{"name":"Combo 2 Nước Giặt Ariel Matic Đậm Đặc (3.6Kg/ Túi)","discount":179000,"discount_rate":38,"rating_average":4.6,"review_count":9,"price":289000,"list_price":468000,"category":"Chăm sóc nhà cửa"},{"name":"Viên Thả Làm Sạch Bồn Cầu (1 Gói 10 Viên)","discount":30600,"discount_rate":68,"rating_average":4.5,"review_count":13,"price":14400,"list_price":45000,"category":"Chăm sóc nhà cửa"},{"name":"Bột giặt Surf Hương nước xả vải (Hồng) Gói lớn 5.8kg","discount":54000,"discount_rate":32,"rating_average":4.7,"review_count":46,"price":115000,"list_price":169000,"category":"Chăm sóc nhà cửa"},{"name":"Combo 2 Túi Nước Xả Vải Downy Hương Hoa Nắng Mai (2.4L/ Túi)","discount":65000,"discount_rate":21,"rating_average":0,"review_count":0,"price":239000,"list_price":304000,"category":"Chăm sóc nhà cửa"},{"name":"Nước Tẩy Diệt Khuẩn Bồn Cầu Vim Zero Mảng Bám (750ml)","discount":5000,"discount_rate":15,"rating_average":4.8,"review_count":312,"price":29000,"list_price":34000,"category":"Chăm sóc nhà cửa"},{"name":"Nước Xả Vải Downy Dịu Nhẹ Túi 2.6L cho Da Nhạy Cảm","discount":22500,"discount_rate":14,"rating_average":4.7,"review_count":55,"price":143000,"list_price":165500,"category":"Chăm sóc nhà cửa"},{"name":"Nước Lau Sàn Sunlight Tinh Dầu Thiên Nhiên - Hương hoa Diên Vỹ (2.6kg/Túi)","discount":12000,"discount_rate":21,"rating_average":5,"review_count":10,"price":45000,"list_price":57000,"category":"Chăm sóc nhà cửa"},{"name":"Combo 2 Túi Nước Giặt OMO Matic Comfort Hương Tinh dầu thơm 2.0kg","discount":36000,"discount_rate":14,"rating_average":4.6,"review_count":94,"price":218000,"list_price":254000,"category":"Chăm sóc nhà cửa"},{"name":"Viên rửa bát Finish Nhật 150 viên","discount":175000,"discount_rate":35,"rating_average":4.7,"review_count":13,"price":325000,"list_price":500000,"category":"Chăm sóc nhà cửa"},{"name":"Nước Xả Vải Downy Mềm Mại Tinh Khiết (3.5L/ Túi) ","discount":54000,"discount_rate":25,"rating_average":4.6,"review_count":156,"price":165000,"list_price":219000,"category":"Chăm sóc nhà cửa"},{"name":"COMBO 2 Hộp Viên Tẩy Lồng Máy Giặt Khử Sạch Cặn Bẩn, Vệ Sinh Máy Giặt Diệt Khuẩn Và Khử Mùi Lồng Máy - Đa Năng Phù Hợp Sử Dụng Cho Nhiều Loại Máy Giặt (COMBO 12 Viên)","discount":154000,"discount_rate":81,"rating_average":3.7,"review_count":16,"price":36000,"list_price":190000,"category":"Chăm sóc nhà cửa"},{"name":"Nước Giặt Ariel Cửa Trước Hương Đam Mê Dạng Túi (2.15Kg/Túi)","discount":31000,"discount_rate":19,"rating_average":5,"review_count":3,"price":129000,"list_price":160000,"category":"Chăm sóc nhà cửa"},{"name":"Bột Thông Cống Cực Mạnh-268g-TVS55-Hạt Trắng","discount":763001,"discount_rate":95,"rating_average":5,"review_count":3,"price":37000,"list_price":800001,"category":"Chăm sóc nhà cửa"},{"name":"Hộp đốt nhang muỗi chuyên dụng, khay đựng hương muỗi an toàn chống cháy siêu tiện dụng","discount":14100,"discount_rate":14,"rating_average":0,"review_count":0,"price":84900,"list_price":99000,"category":"Chăm sóc nhà cửa"},{"name":"Nước xả vải em bé Comfort Kháng Khuẩn Dịu Nhẹ Túi 2.4L","discount":28000,"discount_rate":16,"rating_average":4.7,"review_count":172,"price":142000,"list_price":170000,"category":"Chăm sóc nhà cửa"},{"name":"Máy Xịt Phòng Tự Động 60 Ngày Glade - Hương Oải Hương Và Vani Ngọt Ngào","discount":44900,"discount_rate":17,"rating_average":5,"review_count":4,"price":221000,"list_price":265900,"category":"Chăm sóc nhà cửa"},{"name":"Nước Giặt Lix Hương Nước Hoa 3.8Kg NGH01 - Tẩy Sạch Vết Bẩn Cực Mạnh","discount":70000,"discount_rate":39,"rating_average":4.7,"review_count":76,"price":109000,"list_price":179000,"category":"Chăm sóc nhà cửa"},{"name":"Nước Giặt Downy Biển Xanh Tươi Mát 3.25kg","discount":58000,"discount_rate":27,"rating_average":5,"review_count":2,"price":159000,"list_price":217000,"category":"Chăm sóc nhà cửa"},{"name":"Chất thông tắc Cầu, Cống Sifa chống hôi Siêu nhanh Siêu mạnh 5 phút","discount":62594,"discount_rate":45,"rating_average":4.2,"review_count":135,"price":77406,"list_price":140000,"category":"Chăm sóc nhà cửa"},{"name":"PHẤN DIỆT KIẾN VÀ CÔN TRÙNG VIPESCO - DIỆT TRỪ CÔN TRÙNG QUANH NHÀ - DẠNG VIÊN PHẤN - CÓ THỂ VẼ HOẶC NGHIỀN BỘT RẮC","discount":0,"discount_rate":0,"rating_average":4.6,"review_count":84,"price":25000,"list_price":25000,"category":"Chăm sóc nhà cửa"},{"name":"Bột Giặt Lix Extra Hương Hoa 6Kg EB006 - Tẩy Sạch Vết Bẩn Cực Mạnh","discount":60000,"discount_rate":32,"rating_average":5,"review_count":8,"price":125000,"list_price":185000,"category":"Chăm sóc nhà cửa"},{"name":"1 Thùng Viên Giặt Tide Power PODS Hygienic Clean Detergent Mỹ - 68 viên","discount":180000,"discount_rate":22,"rating_average":4.8,"review_count":5,"price":640000,"list_price":820000,"category":"Chăm sóc nhà cửa"},{"name":"Nước Xả Vải Downy Huyền Bí (3L/Túi)","discount":28000,"discount_rate":14,"rating_average":4.8,"review_count":49,"price":171000,"list_price":199000,"category":"Chăm sóc nhà cửa"},{"name":"Bình Xịt Muỗi Jumbo Vape FIK Hương Cam Chanh 100712620 (600ml)","discount":12300,"discount_rate":19,"rating_average":4.7,"review_count":108,"price":54000,"list_price":66300,"category":"Chăm sóc nhà cửa"},{"name":"Combo muối rửa bát Finish 1,5kg+viên rửa bát Finish 120 viên+Nước làm bóng bát chén finish 800ml","discount":1500005,"discount_rate":65,"rating_average":3.8,"review_count":4,"price":799995,"list_price":2300000,"category":"Chăm sóc nhà cửa"},{"name":"Muối rửa bát finish 1.5kg","discount":407000,"discount_rate":74,"rating_average":5,"review_count":1,"price":143000,"list_price":550000,"category":"Chăm sóc nhà cửa"},{"name":"Combo 2 Nước Rửa Chén Sunlight Khử mùi tanh Matcha Trà Nhật (2.1kg x 2)","discount":14000,"discount_rate":11,"rating_average":5,"review_count":253,"price":116000,"list_price":130000,"category":"Chăm sóc nhà cửa"},{"name":"Xịt Thơm Quần Áo Fabric Perfume Nội Địa Hàn Quốc Cao Cấp (250ml) – Hàng Nội Địa Chính Hãng","discount":111000,"discount_rate":56,"rating_average":3.5,"review_count":32,"price":89000,"list_price":200000,"category":"Chăm sóc nhà cửa"},{"name":"Bình xịt Phòng tinh dầu Hương Sả Chanh 280ml JULYHOUSE ","discount":100000,"discount_rate":40,"rating_average":4.6,"review_count":164,"price":149000,"list_price":249000,"category":"Chăm sóc nhà cửa"},{"name":"Nước Giặt OMO Matic Comfort Tinh Dầu Thơm Cho Máy Giặt Cửa Trên (3.7Kg/Túi)","discount":41000,"discount_rate":21,"rating_average":4.7,"review_count":51,"price":150000,"list_price":191000,"category":"Chăm sóc nhà cửa"},{"name":"Nước Giặt Lix Nha Đam Aloe Vera 4Kg NG400 - Bảo Vệ Da Tay","discount":29000,"discount_rate":23,"rating_average":4.8,"review_count":36,"price":96000,"list_price":125000,"category":"Chăm sóc nhà cửa"},{"name":"Nước Xả Vải Downy Hương Nước Hoa Đam Mê 8.5L","discount":95000,"discount_rate":19,"rating_average":4.8,"review_count":48,"price":405000,"list_price":500000,"category":"Chăm sóc nhà cửa"},{"name":"Combo 2 Nước Lau Bếp Cif Thiên Nhiên 500ml Chanh & Baking Soda Sạch Dầu Mỡ An Toàn","discount":5000,"discount_rate":8,"rating_average":4.5,"review_count":85,"price":61000,"list_price":66000,"category":"Chăm sóc nhà cửa"},{"name":"Hộp 8 Viên Tẩy Lồng Máy Giặt SPEVI Dạng Sủi Xuất Xứ Nhật Bản - Vệ Sinh Máy Giặt, Diệt Sạch Vi Khuẩn, Vệ Sinh Lồng Máy Giặt Và Khử Mùi Hiệu Quả - Hàng chính hãng","discount":90000,"discount_rate":70,"rating_average":4.3,"review_count":187,"price":39000,"list_price":129000,"category":"Chăm sóc nhà cửa"},{"name":"2 lọ diệt kiến gián sinh học không mùi","discount":107500,"discount_rate":90,"rating_average":4.5,"review_count":241,"price":12500,"list_price":120000,"category":"Chăm sóc nhà cửa"},{"name":"Combo 2 Nước Giặt Ariel Khử Mùi Ẩm Mốc 3.2kg","discount":83000,"discount_rate":21,"rating_average":4.7,"review_count":47,"price":307000,"list_price":390000,"category":"Chăm sóc nhà cửa"},{"name":"Nước Xả Vải Downy Đam Mê Dạng Túi (750ml/Túi)","discount":1000,"discount_rate":2,"rating_average":4.8,"review_count":56,"price":55000,"list_price":56000,"category":"Chăm sóc nhà cửa"},{"name":"Diệt côn trùng gián, kiến, kiến ba khoang, muỗi, ruồi, mối, mọt 100% Sinh học Thảo mộc 10s Chai xịt 100ml An toàn cho sức khỏe em bé và người già , đã được Bộ Y tế cho phép lưu hành","discount":0,"discount_rate":0,"rating_average":4.5,"review_count":26,"price":55000,"list_price":55000,"category":"Chăm sóc nhà cửa"},{"name":"Bột Giặt Ariel Chuyên Dụng (9kg)","discount":97000,"discount_rate":25,"rating_average":4.6,"review_count":66,"price":293000,"list_price":390000,"category":"Chăm sóc nhà cửa"}]