[{"name":"Nước Xả Vải Comfort Cho Da Nhạy Cảm (3.2L/Túi)  - Phù Hợp Với Làn Da Em Bé","discount":41000,"discount_rate":20,"rating_average":4.7,"review_count":1777,"price":168000,"list_price":209000,"category":"Chăm sóc nhà cửa"},{"name":"Túi Nước Giặt Omo Matic Bền Đẹp Cửa Trước 3.7Kg","discount":49000,"discount_rate":25,"rating_average":5,"review_count":32,"price":150000,"list_price":199000,"category":"Chăm sóc nhà cửa"},{"name":"Túi Nước Giặt OMO Matic Comfort Hương Tinh dầu thơm 3.7kg","discount":38000,"discount_rate":19,"rating_average":5,"review_count":26,"price":161000,"list_price":199000,"category":"Chăm sóc nhà cửa"},{"name":"Nước Giặt Ariel Hương Downy Túi 3.2Kg","discount":37000,"discount_rate":20,"rating_average":4.8,"review_count":224,"price":149000,"list_price":186000,"category":"Chăm sóc nhà cửa"},{"name":"Combo 2 Túi Nước Giặt Omo Matic Bền Đẹp Cửa Trước 2.0Kg","discount":51000,"discount_rate":20,"rating_average":4.8,"review_count":255,"price":203000,"list_price":254000,"category":"Chăm sóc nhà cửa"},{"name":"Nước Xả Làm Mềm Vải Comfort Chăm Sóc Chuyên Sâu Đậm Đặc Một Lần Xả Hương Ban Mai Túi 3.2L","discount":32000,"discount_rate":18,"rating_average":4.8,"review_count":477,"price":147000,"list_price":179000,"category":"Chăm sóc nhà cửa"},{"name":"Túi Nước Giặt Omo Matic Cửa Trước Khử Mùi Thư Thái","discount":18000,"discount_rate":14,"rating_average":4.8,"review_count":601,"price":109000,"list_price":127000,"category":"Chăm sóc nhà cửa"},{"name":"Nước Giặt Ariel Đậm Đặc Dạng Túi 3.6kg","discount":47000,"discount_rate":23,"rating_average":4.8,"review_count":533,"price":155000,"list_price":202000,"category":"Chăm sóc nhà cửa"},{"name":"Nước Rửa Chén Sunlight Thiên Nhiên Muối Khoáng Và Lô Hội (3.6 kg) - Mới","discount":14000,"discount_rate":12,"rating_average":4.8,"review_count":994,"price":100000,"list_price":114000,"category":"Chăm sóc nhà cửa"},{"name":"Nước Xả Vải Downy Nắng Mai  (3.5L/ Túi) - Giữ quần áo tươi mới - Hương thơm tươi mới kéo dài ","discount":39000,"discount_rate":18,"rating_average":4.8,"review_count":130,"price":176000,"list_price":215000,"category":"Chăm sóc nhà cửa"},{"name":"Nước Xả Làm Mềm Vải Comfort Chăm Sóc Chuyên Sâu Hương Nước Hoa Thiên Nhiên Sophia túi 3.8L","discount":40000,"discount_rate":18,"rating_average":4.8,"review_count":335,"price":179000,"list_price":219000,"category":"Chăm sóc nhà cửa"},{"name":"Túi Nước Giặt OMO Dịu Nhẹ Trên Da 2.9kg","discount":29000,"discount_rate":18,"rating_average":4.8,"review_count":403,"price":136000,"list_price":165000,"category":"Chăm sóc nhà cửa"},{"name":"Combo 2 Túi Nước Giặt OMO Matic Comfort Hương Tinh dầu thơm 2.9kg","discount":32000,"discount_rate":10,"rating_average":4.8,"review_count":245,"price":298000,"list_price":330000,"category":"Chăm sóc nhà cửa"},{"name":"Túi Nước Giặt Omo Matic Cửa Trên (4.0Kg)","discount":38000,"discount_rate":19,"rating_average":4.6,"review_count":69,"price":161000,"list_price":199000,"category":"Chăm sóc nhà cửa"},{"name":"Combo 2 Nước Giặt Ariel Matic Hương Downy 3.2kg","discount":97000,"discount_rate":24,"rating_average":5,"review_count":143,"price":307000,"list_price":404000,"category":"Chăm sóc nhà cửa"},{"name":"Nước Xả Vải Downy Hương Nước Hoa Quyến Rũ (Huyền Bí) 4L (Dạng chai)","discount":45000,"discount_rate":17,"rating_average":5,"review_count":57,"price":215000,"list_price":260000,"category":"Chăm sóc nhà cửa"},{"name":"Túi Nước Giặt Omo Matic Bền Đẹp Cửa Trước 2.9Kg","discount":30000,"discount_rate":18,"rating_average":4.7,"review_count":225,"price":135000,"list_price":165000,"category":"Chăm sóc nhà cửa"},{"name":"Nước Giặt Ariel Dịu Nhẹ Cho Da Nhạy Cảm Dạng Túi 3.25kg - Mềm mại ngát hương - An toàn cho da em bé","discount":37000,"discount_rate":19,"rating_average":4.8,"review_count":188,"price":154000,"list_price":191000,"category":"Chăm sóc nhà cửa"},{"name":"Combo 2 Túi Nước Giặt Xả Maxkleen Hương Hoa Nắng (3.8kg/túi)","discount":98000,"discount_rate":26,"rating_average":4.8,"review_count":311,"price":282000,"list_price":380000,"category":"Chăm sóc nhà cửa"},{"name":"Combo 2 Túi nước giặt xả Maxkleen Hương Huyền Diệu 3.8kg/túi ","discount":98000,"discount_rate":26,"rating_average":4.8,"review_count":299,"price":282000,"list_price":380000,"category":"Chăm sóc nhà cửa"},{"name":"Nước Rửa Chén Diệt Khuẩn Sunlight Chanh Và Lá Bạc Hà Mới (3.6kg/Chai) - Mới","discount":17000,"discount_rate":15,"rating_average":4.8,"review_count":417,"price":97000,"list_price":114000,"category":"Chăm sóc nhà cửa"},{"name":"Nước Xả Vải Downy Hương Nước Hoa Huyền Bí (3.5L/ Túi)","discount":44000,"discount_rate":18,"rating_average":4.7,"review_count":171,"price":194000,"list_price":238000,"category":"Chăm sóc nhà cửa"},{"name":"Nước Giặt Downy Vườn Hoa Thơm Ngát Dạng Túi 2.15KG","discount":46000,"discount_rate":31,"rating_average":4.8,"review_count":85,"price":102000,"list_price":148000,"category":"Chăm sóc nhà cửa"},{"name":"Nước Xả Làm Mềm Vải Comfort Chăm Sóc Chuyên Sâu Đậm Đặc Một Lần Xả Hương Ban Mai Túi 3.8L","discount":41000,"discount_rate":19,"rating_average":4.7,"review_count":108,"price":178000,"list_price":219000,"category":"Chăm sóc nhà cửa"},{"name":"[XỊT LÀ SẠCH] Nước tẩy cặn canxi HGO PLUS trên vòi rửa inox, vách kính, bồn rửa sứ trong nhà tắm. Chai 500ml ","discount":96000,"discount_rate":49,"rating_average":4.5,"review_count":21,"price":99000,"list_price":195000,"category":"Chăm sóc nhà cửa"},{"name":"Combo 2 Nước Giặt Ariel Đậm Đặc 3.5kg","discount":73000,"discount_rate":19,"rating_average":4.8,"review_count":120,"price":309000,"list_price":382000,"category":"Chăm sóc nhà cửa"},{"name":"Combo 3 Túi Nước Giặt Xả Maxkleen Hương Nước Hoa Huyền Diệu (2.4kg/túi)","discount":126000,"discount_rate":31,"rating_average":5,"review_count":296,"price":282000,"list_price":408000,"category":"Chăm sóc nhà cửa"},{"name":"Nước Giặt Ariel Giữ Màu Túi 3.2kg - Công nghệ 3D Làm sạch sâu - Giữ màu không phai","discount":73000,"discount_rate":36,"rating_average":4.8,"review_count":88,"price":129000,"list_price":202000,"category":"Chăm sóc nhà cửa"},{"name":"Nước Lau Sàn Sunlight Tinh Dầu Thiên Nhiên - Hương Hoa Lily 3.8kg","discount":17000,"discount_rate":18,"rating_average":4.8,"review_count":525,"price":76000,"list_price":93000,"category":"Chăm sóc nhà cửa"},{"name":"Nước Xả Làm Mềm Vải Comfort Chăm Sóc Chuyên Sâu Hương Nước Hoa Thiên Nhiên Bella Túi 3.8L","discount":39000,"discount_rate":18,"rating_average":4.8,"review_count":160,"price":180000,"list_price":219000,"category":"Chăm sóc nhà cửa"},{"name":"Nước Xả Vải Downy Chống Khuẩn Ngăn Mùi Hôi 4L (Dạng chai)","discount":46000,"discount_rate":19,"rating_average":4.7,"review_count":147,"price":196000,"list_price":242000,"category":"Chăm sóc nhà cửa"},{"name":" Nước xả vải Downy Hương Nắng mai 4L (Dạng chai)","discount":77000,"discount_rate":32,"rating_average":5,"review_count":88,"price":165000,"list_price":242000,"category":"Chăm sóc nhà cửa"},{"name":"Nước Xả Làm Mềm Vải Comfort Chăm Sóc Chuyên Sâu Ngăn Ngừa Mùi Hôi Hương Tươi Mát túi 3.8L","discount":46000,"discount_rate":21,"rating_average":5,"review_count":95,"price":173000,"list_price":219000,"category":"Chăm sóc nhà cửa"},{"name":"Nước Giặt Ariel Khử Mùi Ẩm Mốc Túi 3.2kg","discount":57000,"discount_rate":28,"rating_average":4.7,"review_count":135,"price":145000,"list_price":202000,"category":"Chăm sóc nhà cửa"},{"name":"Nước Xả Vải Downy Đam Mê Dạng Túi 3L","discount":38000,"discount_rate":18,"rating_average":4.7,"review_count":98,"price":171000,"list_price":209000,"category":"Chăm sóc nhà cửa"},{"name":"Chai Nước Giặt Xả Maxkleen Hương Vườn Sớm Mai Sạch Khuẩn Thơm Mềm Tiện Lợi & Tiết Kiệm 2.4Kg Tặng Túi 600G","discount":65000,"discount_rate":32,"rating_average":4.8,"review_count":341,"price":138000,"list_price":203000,"category":"Chăm sóc nhà cửa"},{"name":"Nước xả vải em bé Comfort Kháng Khuẩn Dịu Nhẹ Túi 2.4L","discount":28000,"discount_rate":16,"rating_average":4.7,"review_count":172,"price":142000,"list_price":170000,"category":"Chăm sóc nhà cửa"},{"name":" Thuốc diệt gián hộp 12 viên - Nội địa Nhật","discount":271000,"discount_rate":84,"rating_average":4.7,"review_count":54,"price":50000,"list_price":321000,"category":"Chăm sóc nhà cửa"},{"name":"Nước Rửa Chén Sunlight Mềm Dịu Hương Bưởi Tây & Hoa Anh Đào Chai 3.6kg","discount":19000,"discount_rate":17,"rating_average":5,"review_count":3,"price":95000,"list_price":114000,"category":"Chăm sóc nhà cửa"},{"name":"Nước Xả Làm Mềm Vải Comfort Chăm Sóc Chuyên Sâu Ngăn Ngừa Mùi Hôi Hương Tươi Mát túi 3.2L","discount":28000,"discount_rate":16,"rating_average":4.8,"review_count":346,"price":151000,"list_price":179000,"category":"Chăm sóc nhà cửa"},{"name":"Nước Lau Sàn Sunlight Thiên Nhiên Chiết Xuất Chanh Yuzu & Tinh Dầu Sả 3.6Kg","discount":13000,"discount_rate":13,"rating_average":4.8,"review_count":160,"price":87000,"list_price":100000,"category":"Chăm sóc nhà cửa"},{"name":"Nước Giặt Ariel Đậm Đặc Dạng Túi 3.5kg","discount":36000,"discount_rate":19,"rating_average":4.8,"review_count":43,"price":155000,"list_price":191000,"category":"Chăm sóc nhà cửa"},{"name":"Combo 2 Túi Nước Xả Vải Downy Hương Nước Hoa Huyền Bí (2.3L/ Túi) - Công nghệ nước hoa mới - Lưu hương bền lâu","discount":29000,"discount_rate":10,"rating_average":4.7,"review_count":82,"price":275000,"list_price":304000,"category":"Chăm sóc nhà cửa"},{"name":"Nước Rửa Chén Khử Mùi Tanh Sunlight Matcha Trà Nhật Mới (3.6kg / Chai) - Mới","discount":15000,"discount_rate":13,"rating_average":4.8,"review_count":348,"price":99000,"list_price":114000,"category":"Chăm sóc nhà cửa"},{"name":"Nước Xả Làm Mềm Vải Comfort Chăm Sóc Chuyên Sâu Đậm Đặc Một Lần Xả Hương Ban Mai Túi 2.8L","discount":26000,"discount_rate":15,"rating_average":4.8,"review_count":83,"price":144000,"list_price":170000,"category":"Chăm sóc nhà cửa"},{"name":"Combo 2 Túi Nước Giặt OMO Dịu Nhẹ Trên Da 2.0kg","discount":48000,"discount_rate":19,"rating_average":4.8,"review_count":397,"price":206000,"list_price":254000,"category":"Chăm sóc nhà cửa"},{"name":"Nước Giặt Ariel Cửa Trước Tươi Mát Rực Rỡ 3.6Kg","discount":78000,"discount_rate":33,"rating_average":4.8,"review_count":62,"price":155000,"list_price":233000,"category":"Chăm sóc nhà cửa"},{"name":"Nước Xả Vải Downy Đam Mê Dạng Túi 2.3L ","discount":30000,"discount_rate":19,"rating_average":4.5,"review_count":24,"price":129000,"list_price":159000,"category":"Chăm sóc nhà cửa"},{"name":"Nước xả vải em bé Comfort Kháng Khuẩn Dịu Nhẹ Túi 1.5L","discount":16000,"discount_rate":15,"rating_average":5,"review_count":38,"price":94000,"list_price":110000,"category":"Chăm sóc nhà cửa"},{"name":"Túi Nước Giặt Omo Matic Bền Đẹp Cửa Trước 2.0Kg","discount":22000,"discount_rate":17,"rating_average":4.8,"review_count":148,"price":105000,"list_price":127000,"category":"Chăm sóc nhà cửa"},{"name":"THÙNG VIÊN GIẶT TIDE PODS HE LAUNDRY DETERGENT PODS 42x4 VIÊN (168 VIÊN)","discount":300000,"discount_rate":22,"rating_average":5,"review_count":24,"price":1050000,"list_price":1350000,"category":"Chăm sóc nhà cửa"},{"name":"Combo 2 Túi Nước Xả Vải Downy Đam Mê (2.3L/Túi) - Công nghệ nước hoa mới - Lưu hương bền lâu","discount":29000,"discount_rate":10,"rating_average":4.8,"review_count":78,"price":275000,"list_price":304000,"category":"Chăm sóc nhà cửa"},{"name":"Túi Nước Giặt OMO Matic Comfort Hương Tinh dầu thơm 2.9kg","discount":30000,"discount_rate":18,"rating_average":4.7,"review_count":413,"price":135000,"list_price":165000,"category":"Chăm sóc nhà cửa"},{"name":"Chai Nước Giặt Xả Maxkleen Hương Hoa Nắng Sạch Khuẩn Thơm Mềm Tiện Lợi & Tiết Kiệm 2.4Kg Tặng Túi 600G","discount":74000,"discount_rate":36,"rating_average":5,"review_count":11,"price":129000,"list_price":203000,"category":"Chăm sóc nhà cửa"},{"name":"Combo 3 Túi Nước Giặt Xả Maxkleen 2.4kg/túi: 1 Hương Hoa nắng + 1 Hương Vườn sớm mai + 1 Hương Huyền diệu","discount":126000,"discount_rate":31,"rating_average":5,"review_count":210,"price":282000,"list_price":408000,"category":"Chăm sóc nhà cửa"},{"name":"Nước xả làm mềm vải Comfort Chăm sóc Chuyên sâu Hương nước hoa thiên nhiên Bella túi 3.2L","discount":30000,"discount_rate":17,"rating_average":4.8,"review_count":165,"price":149000,"list_price":179000,"category":"Chăm sóc nhà cửa"},{"name":"Nước Rửa Chén Sunlight Chanh Công Nghệ Mới Dạng Túi","discount":1000,"discount_rate":2,"rating_average":4.8,"review_count":317,"price":58000,"list_price":59000,"category":"Chăm sóc nhà cửa"},{"name":"Combo 2 Túi Nước Giặt Ariel Matic Hương Downy (2.1Kg/ Túi)","discount":45000,"discount_rate":17,"rating_average":5,"review_count":86,"price":227000,"list_price":272000,"category":"Chăm sóc nhà cửa"}]