[{"name":"Điện Thoại iPhone 12 Pro 512GB - Hàng Chính Hãng","discount":9000000,"discount_rate":22,"rating_average":5,"review_count":15,"price":31990000,"list_price":40990000,"category":"Điện Thoại - Máy Tính Bảng"},{"name":"Điện Thoại Oppo A31 2020 (6GB/128GB) - Hàng Chính Hãng","discount":1340000,"discount_rate":25,"rating_average":4.5,"review_count":40,"price":3950000,"list_price":5290000,"category":"Điện Thoại - Máy Tính Bảng"},{"name":"iPad Pro 11 inch (2020) 128GB Wifi Cellular  - Hàng  Chính Hãng","discount":3000000,"discount_rate":11,"rating_average":4.8,"review_count":5,"price":23990000,"list_price":26990000,"category":"Điện Thoại - Máy Tính Bảng"},{"name":"Máy Đọc Sách All New Kindle 2019 (10th) – Hàng Chính Hãng","discount":700000,"discount_rate":23,"rating_average":4.8,"review_count":68,"price":2299000,"list_price":2999000,"category":"Điện Thoại - Máy Tính Bảng"},{"name":"Điện thoại Mobell C106 - Hàng chính hãng","discount":50000,"discount_rate":25,"rating_average":4.8,"review_count":44,"price":149000,"list_price":199000,"category":"Điện Thoại - Máy Tính Bảng"},{"name":"Điện Thoại Samsung Galaxy A51 (6GB/128GB) - ĐÃ KÍCH HOẠT BẢO HÀNH ĐIỆN TỬ - Hàng Chính Hãng","discount":1910000,"discount_rate":24,"rating_average":5,"review_count":4,"price":6080000,"list_price":7990000,"category":"Điện Thoại - Máy Tính Bảng"},{"name":"Điện thoại Vsmart Aris Pro (8GB/128GB) - Hàng chính hãng","discount":3249000,"discount_rate":33,"rating_average":5,"review_count":1,"price":6741000,"list_price":9990000,"category":"Điện Thoại - Máy Tính Bảng"},{"name":"Điện Thoại Oppo A15 (3GB/32G) - Hàng Chính Hãng","discount":300000,"discount_rate":9,"rating_average":5,"review_count":9,"price":3190000,"list_price":3490000,"category":"Điện Thoại - Máy Tính Bảng"},{"name":"Điện Thoại Nokia 215 4G - Hàng Chính Hãng","discount":109000,"discount_rate":15,"rating_average":0,"review_count":0,"price":640000,"list_price":749000,"category":"Điện Thoại - Máy Tính Bảng"},{"name":"Điện thoại Xiaomi Redmi Note 10 Pro (8GB/128GB) - Hàng chính hãng - Xám","discount":400000,"discount_rate":5,"rating_average":5,"review_count":2,"price":7090000,"list_price":7490000,"category":"Điện Thoại - Máy Tính Bảng"},{"name":"Điện Thoại Samsung Galaxy A12 (4GB/128GB) - Đã kích hoạt bảo hành điện tử-Hàng Chính Hãng - Đen","discount":615000,"discount_rate":15,"rating_average":4.5,"review_count":4,"price":3575000,"list_price":4190000,"category":"Điện Thoại - Máy Tính Bảng"},{"name":"Điện Thoại Samsung Galaxy A21s - ĐÃ KÍCH HOẠT BẢO HÀNH ĐIỆN TỬ - Hàng Chính Hãng","discount":1100000,"discount_rate":23,"rating_average":5,"review_count":5,"price":3590000,"list_price":4690000,"category":"Điện Thoại - Máy Tính Bảng"},{"name":"Máy Tính Bảng Masstel Tab 10 Pro - Hàng Chính Hãng","discount":700000,"discount_rate":25,"rating_average":4,"review_count":14,"price":2090000,"list_price":2790000,"category":"Điện Thoại - Máy Tính Bảng"},{"name":"Điện Thoại Xiaomi Redmi 9T - Hàng Chính Hãng","discount":340000,"discount_rate":9,"rating_average":3.7,"review_count":3,"price":3650000,"list_price":3990000,"category":"Điện Thoại - Máy Tính Bảng"},{"name":"Điện Thoại Di Động GSM ZONO N8110 2.4inch – Hàng Nhập Khẩu - Vàng","discount":141000,"discount_rate":40,"rating_average":4.5,"review_count":33,"price":209000,"list_price":350000,"category":"Điện Thoại - Máy Tính Bảng"},{"name":"Điện Thoại Nokia 210 - Hàng Chính Hãng","discount":0,"discount_rate":0,"rating_average":5,"review_count":1,"price":779000,"list_price":779000,"category":"Điện Thoại - Máy Tính Bảng"},{"name":"Máy đọc sách Onyx Boox Poke 3 - Hàng Chính Hãng","discount":990000,"discount_rate":17,"rating_average":5,"review_count":11,"price":5000000,"list_price":5990000,"category":"Điện Thoại - Máy Tính Bảng"},{"name":"Điện Thoại iPhone 12 Mini 256GB - Hàng Chính Hãng","discount":2990000,"discount_rate":12,"rating_average":5,"review_count":1,"price":23000000,"list_price":25990000,"category":"Điện Thoại - Máy Tính Bảng"},{"name":"Máy Tính Bảng Samsung Galaxy Tab S6 Lite (SM-P615N) - Hàng Chính Hãng","discount":1440000,"discount_rate":14,"rating_average":5,"review_count":9,"price":8550000,"list_price":9990000,"category":"Điện Thoại - Máy Tính Bảng"},{"name":"Điện Thoại Di Động GSM ZONO N8110 1.8inch – Hàng Nhập Khẩu","discount":181000,"discount_rate":55,"rating_average":3.9,"review_count":68,"price":149000,"list_price":330000,"category":"Điện Thoại - Máy Tính Bảng"},{"name":"iPad Air 10.5 Wi-Fi 256GB New 2019 - Hàng Chính Hãng","discount":2000000,"discount_rate":12,"rating_average":5,"review_count":7,"price":14990000,"list_price":16990000,"category":"Điện Thoại - Máy Tính Bảng"},{"name":"Điện thoại Vsmart Joy 4 (4GB/64GB)- Hàng chính hãng-màu xanh ngọc lam","discount":320000,"discount_rate":9,"rating_average":5,"review_count":7,"price":3270000,"list_price":3590000,"category":"Điện Thoại - Máy Tính Bảng"},{"name":"Máy Tính Bảng Mobell Tab 7S (8GB) - Hàng Chính Hãng","discount":1011000,"discount_rate":51,"rating_average":4.7,"review_count":10,"price":979000,"list_price":1990000,"category":"Điện Thoại - Máy Tính Bảng"},{"name":"Điện Thoại iPhone SE 64GB ( 2020) - Hàng NHập Khẩu","discount":3000000,"discount_rate":23,"rating_average":4.5,"review_count":53,"price":9990000,"list_price":12990000,"category":"Điện Thoại - Máy Tính Bảng"},{"name":"Điện thoại itel it2161 (Ace) - FM không dây, đèn pin cỡ lớn, 2 sim, danh bạ 1000 số - Hàng chính hãng","discount":85000,"discount_rate":34,"rating_average":4.7,"review_count":21,"price":165000,"list_price":250000,"category":"Điện Thoại - Máy Tính Bảng"},{"name":"Điện thoại Xiaomi Redmi Note 9 Pro - Hàng Chính Hãng","discount":1200000,"discount_rate":17,"rating_average":5,"review_count":1,"price":5790000,"list_price":6990000,"category":"Điện Thoại - Máy Tính Bảng"},{"name":"Điện Thoại Realme C17 (6GB/128GB) - Hàng Chính Hãng","discount":500000,"discount_rate":9,"rating_average":5,"review_count":4,"price":4790000,"list_price":5290000,"category":"Điện Thoại - Máy Tính Bảng"},{"name":"Máy Tính Bảng Masstel Tab 10 4G - Hàng Chính Hãng","discount":200000,"discount_rate":6,"rating_average":0,"review_count":0,"price":2990000,"list_price":3190000,"category":"Điện Thoại - Máy Tính Bảng"},{"name":"Máy Tính Bảng Samsung Galaxy Tab A8 8\" T295 - Đã Kích Hoạt Bảo Hành - Hàng Chính Hãng","discount":500000,"discount_rate":14,"rating_average":5,"review_count":5,"price":3190000,"list_price":3690000,"category":"Điện Thoại - Máy Tính Bảng"},{"name":"Máy tính bảng HUAWEI MatePad T 10s - Hàng Phân Phối Chính Hãng","discount":200000,"discount_rate":4,"rating_average":5,"review_count":3,"price":5290000,"list_price":5490000,"category":"Điện Thoại - Máy Tính Bảng"},{"name":"Điện Thoại Vivo Y20s (6GB/128GB) - Hàng Chính Hãng","discount":600000,"discount_rate":12,"rating_average":0,"review_count":0,"price":4390000,"list_price":4990000,"category":"Điện Thoại - Máy Tính Bảng"},{"name":"Điện thoại Samsung Galaxy A32-Hàng Chính Hãng","discount":911000,"discount_rate":14,"rating_average":0,"review_count":0,"price":5779000,"list_price":6690000,"category":"Điện Thoại - Máy Tính Bảng"},{"name":"Máy TÍnh Bảng HUAWEI Matepad T8 2G/32G- Thẻ nhớ ngoài 512GB - Hàng Chính Hãng","discount":300000,"discount_rate":9,"rating_average":5,"review_count":7,"price":2990000,"list_price":3290000,"category":"Điện Thoại - Máy Tính Bảng"},{"name":"Điện thoại Nokia 105- Dual sim (2 sim)- Hàng chính hãng","discount":25000,"discount_rate":7,"rating_average":4.3,"review_count":4,"price":335000,"list_price":360000,"category":"Điện Thoại - Máy Tính Bảng"},{"name":"Điện thoại Energizer Power Max P20 kiêm sạc dự phòng - Hàng chính hãng","discount":301000,"discount_rate":38,"rating_average":4.1,"review_count":23,"price":499000,"list_price":800000,"category":"Điện Thoại - Máy Tính Bảng"},{"name":"Combo Máy Đọc Sách Kindle Paperwhite 4 Gen 10 (8GB - Màu Đen - Hàng nhập khẩu) và Bao Da WELL BEGUN","discount":1810000,"discount_rate":36,"rating_average":4.3,"review_count":18,"price":3180000,"list_price":4990000,"category":"Điện Thoại - Máy Tính Bảng"},{"name":"Điện thoại Samsung E1200 - Hàng Chính Hãng ","discount":0,"discount_rate":0,"rating_average":4.7,"review_count":40,"price":347000,"list_price":347000,"category":"Điện Thoại - Máy Tính Bảng"},{"name":"Combo Máy Đọc Sách Kindle Paperwhite Gen 10 (8GB - Màu Đen) và Bao da WELL BEGUN - Hàng nhập khẩu","discount":1145000,"discount_rate":27,"rating_average":4.8,"review_count":35,"price":3145000,"list_price":4290000,"category":"Điện Thoại - Máy Tính Bảng"},{"name":"Điện thoại Energizer E12 - Hàng Chính Hãng","discount":263000,"discount_rate":53,"rating_average":4.1,"review_count":56,"price":237000,"list_price":500000,"category":"Điện Thoại - Máy Tính Bảng"},{"name":"Điện thoại Masstel IZI 230","discount":75000,"discount_rate":21,"rating_average":4.5,"review_count":41,"price":275000,"list_price":350000,"category":"Điện Thoại - Máy Tính Bảng"},{"name":"iPad Pro 12.9 inch (2020) Wifi - Hàng Nhập Khẩu","discount":3691000,"discount_rate":13,"rating_average":4.5,"review_count":16,"price":24299000,"list_price":27990000,"category":"Điện Thoại - Máy Tính Bảng"},{"name":"Điện thoại Realme C20 (2GB/32GB)- Hàng chính hãng","discount":400000,"discount_rate":15,"rating_average":5,"review_count":4,"price":2290000,"list_price":2690000,"category":"Điện Thoại - Máy Tính Bảng"},{"name":"Máy tính bảng Kindle Fire HD8 Model 2020 - 32GB - Hàng nhập khẩu","discount":2000000,"discount_rate":50,"rating_average":5,"review_count":3,"price":1990000,"list_price":3990000,"category":"Điện Thoại - Máy Tính Bảng"},{"name":"Điện Thoại Samsung Galaxy A02s (4GB/64GB) - Hàng Chính Hãng","discount":1200000,"discount_rate":29,"rating_average":0,"review_count":0,"price":2990000,"list_price":4190000,"category":"Điện Thoại - Máy Tính Bảng"},{"name":"Điện thoại Vsmart Aris (6GB/64GB) - Hàng Chính Hãng","discount":1591000,"discount_rate":23,"rating_average":0,"review_count":0,"price":5399000,"list_price":6990000,"category":"Điện Thoại - Máy Tính Bảng"},{"name":"iPad 10.2 Inch WiFi + Cellular 32GB (Gen 8) New 2020 - Hàng Chính Hãng","discount":4140000,"discount_rate":26,"rating_average":4.7,"review_count":18,"price":11850000,"list_price":15990000,"category":"Điện Thoại - Máy Tính Bảng"},{"name":"Điện Thoại Nokia 5310 (2020) - Hàng Chính Hãng","discount":71000,"discount_rate":7,"rating_average":4.5,"review_count":6,"price":919000,"list_price":990000,"category":"Điện Thoại - Máy Tính Bảng"},{"name":"ĐIỆN THOẠI VIVO Y12S- HÀNG CHÍNH HÃNG","discount":200000,"discount_rate":7,"rating_average":0,"review_count":0,"price":2790000,"list_price":2990000,"category":"Điện Thoại - Máy Tính Bảng"}]