[{"name":"Máy Tính Bảng Samsung Galaxy Tab S7 Wifi T870 (6GB/128GB) - Hàng Chính Hãng","discount":400000,"discount_rate":3,"rating_average":5,"review_count":42,"price":14590000,"list_price":14990000,"category":"Điện Thoại - Máy Tính Bảng"},{"name":"Điện Thoại Vsmart Live 4 (6GB/64GB) - Hàng Chính Hãng","discount":1100000,"discount_rate":23,"rating_average":0,"review_count":0,"price":3690000,"list_price":4790000,"category":"Điện Thoại - Máy Tính Bảng"},{"name":"Điện Thoại iPhone 12 Pro Max 128GB - Hàng Chính Hãng","discount":4290000,"discount_rate":13,"rating_average":5,"review_count":455,"price":29700000,"list_price":33990000,"category":"Điện Thoại - Máy Tính Bảng"},{"name":"Điện Thoại Realme C11 (2GB/32GB) - Hàng Chính Hãng","discount":540000,"discount_rate":20,"rating_average":4.8,"review_count":137,"price":2150000,"list_price":2690000,"category":"Điện Thoại - Máy Tính Bảng"},{"name":"Máy tính bảng Vankyo MatrixPad S20 - Hàng Chính Hãng","discount":1800000,"discount_rate":34,"rating_average":4.6,"review_count":7,"price":3490000,"list_price":5290000,"category":"Điện Thoại - Máy Tính Bảng"},{"name":"Điện Thoại Samsung Galaxy M31 (6GB/128GB) - Hàng Chính Hãng","discount":1600000,"discount_rate":25,"rating_average":4.7,"review_count":1769,"price":4890000,"list_price":6490000,"category":"Điện Thoại - Máy Tính Bảng"},{"name":"Điện Thoại Nokia 105 Dual Sim (2019) - Hàng Chính Hãng","discount":14000,"discount_rate":4,"rating_average":5,"review_count":2,"price":346000,"list_price":360000,"category":"Điện Thoại - Máy Tính Bảng"},{"name":"Điện Thoại Oppo A12 (3GB/32GB) - Hàng Chính Hãng","discount":600000,"discount_rate":20,"rating_average":4.7,"review_count":196,"price":2390000,"list_price":2990000,"category":"Điện Thoại - Máy Tính Bảng"},{"name":"Máy tính bảng Kindle Fire HD8 Plus 2020 - Ram 3Gb - 32Gb - Hàng nhập khẩu","discount":640000,"discount_rate":20,"rating_average":5,"review_count":5,"price":2550000,"list_price":3190000,"category":"Điện Thoại - Máy Tính Bảng"},{"name":"Điện Thoại Vsmart Joy 4 - Hàng Chính Hãng","discount":500000,"discount_rate":15,"rating_average":4.7,"review_count":1489,"price":2790000,"list_price":3290000,"category":"Điện Thoại - Máy Tính Bảng"},{"name":"Điện Thoại Samsung Galaxy M11 (3GB/32GB) - Hàng Chính Hãng","discount":900000,"discount_rate":24,"rating_average":4.7,"review_count":1023,"price":2790000,"list_price":3690000,"category":"Điện Thoại - Máy Tính Bảng"},{"name":"Điện Thoại Samsung Galaxy A51 (6GB/128GB) - Hàng Chính Hãng","discount":2100000,"discount_rate":26,"rating_average":4.6,"review_count":286,"price":5890000,"list_price":7990000,"category":"Điện Thoại - Máy Tính Bảng"},{"name":"Máy Đọc Sách Kindle Fire HD 10 (Đen) - Hàng Nhập Khẩu","discount":440000,"discount_rate":12,"rating_average":4.4,"review_count":7,"price":3350000,"list_price":3790000,"category":"Điện Thoại - Máy Tính Bảng"},{"name":"Điện Thoại Xiaomi Redmi Note 10 (4GB/64GB) - Hàng Chính Hãng","discount":600000,"discount_rate":13,"rating_average":4.8,"review_count":51,"price":4090000,"list_price":4690000,"category":"Điện Thoại - Máy Tính Bảng"},{"name":"Điện Thoại Nokia 105 Single Sim - Hàng Chính Hãng","discount":25000,"discount_rate":7,"rating_average":4,"review_count":2,"price":335000,"list_price":360000,"category":"Điện Thoại - Máy Tính Bảng"},{"name":"Điện thoại Xiaomi POCO M3 - HÀNG CHÍNH HÃNG","discount":811000,"discount_rate":20,"rating_average":4.8,"review_count":63,"price":3179000,"list_price":3990000,"category":"Điện Thoại - Máy Tính Bảng"},{"name":"Máy đọc sách Kobo Clara HD 8GB đen, 6 inch, có đèn cam - Hàng nhập khẩu","discount":1755000,"discount_rate":35,"rating_average":5,"review_count":4,"price":3245000,"list_price":5000000,"category":"Điện Thoại - Máy Tính Bảng"},{"name":"Điện thoại Xiaomi Redmi 9A (2GB/32GB) - Hàng chính hãng","discount":0,"discount_rate":0,"rating_average":4.7,"review_count":55,"price":1990000,"list_price":1990000,"category":"Điện Thoại - Máy Tính Bảng"},{"name":"Điện Thoại iPhone 12 Pro 128GB - Hàng Chính Hãng","discount":4040000,"discount_rate":13,"rating_average":5,"review_count":188,"price":26950000,"list_price":30990000,"category":"Điện Thoại - Máy Tính Bảng"},{"name":"Điện Thoại iPhone 11 64GB  - Hàng  Chính Hãng","discount":6700000,"discount_rate":29,"rating_average":4.8,"review_count":630,"price":16290000,"list_price":22990000,"category":"Điện Thoại - Máy Tính Bảng"},{"name":"Điện Thoại Nokia 215 4G - Hàng Chính Hãng","discount":109000,"discount_rate":15,"rating_average":0,"review_count":0,"price":640000,"list_price":749000,"category":"Điện Thoại - Máy Tính Bảng"},{"name":"iPad 10.2 Inch WiFi 32GB (Gen 8) New 2020 - Hàng  Chính Hãng","discount":2300000,"discount_rate":21,"rating_average":4.8,"review_count":520,"price":8690000,"list_price":10990000,"category":"Điện Thoại - Máy Tính Bảng"},{"name":"Điện Thoại iPhone 12 Pro Max 256GB - Hàng Chính Hãng","discount":5640000,"discount_rate":15,"rating_average":5,"review_count":406,"price":32350000,"list_price":37990000,"category":"Điện Thoại - Máy Tính Bảng"},{"name":" Điện thoại Xiaomi Poco X3 Pro 6GB l 128GB - Hàng chính hãng","discount":1100000,"discount_rate":16,"rating_average":5,"review_count":15,"price":5890000,"list_price":6990000,"category":"Điện Thoại - Máy Tính Bảng"},{"name":"Điện thoại di động Forme D777 - Hàng Chính Hãng","discount":0,"discount_rate":0,"rating_average":4.6,"review_count":22,"price":399000,"list_price":399000,"category":"Điện Thoại - Máy Tính Bảng"},{"name":"Điện thoại Xiaomi POCO X3 PRO - Hàng Chính Hãng","discount":1400000,"discount_rate":20,"rating_average":5,"review_count":14,"price":5590000,"list_price":6990000,"category":"Điện Thoại - Máy Tính Bảng"},{"name":"Điện Thoại iPhone 12 64GB - Hàng  Chính Hãng","discount":4600000,"discount_rate":18,"rating_average":4.8,"review_count":179,"price":20390000,"list_price":24990000,"category":"Điện Thoại - Máy Tính Bảng"},{"name":"Điện Thoại Xiaomi Redmi Note 10 (6GB/128GB) - Hàng Chính Hãng","discount":800000,"discount_rate":15,"rating_average":4.6,"review_count":24,"price":4690000,"list_price":5490000,"category":"Điện Thoại - Máy Tính Bảng"},{"name":"Điện thoại Forme Duos 1900, màn hình 2.8inch, pin 1900mAh, font chữ lớn - Phân phối chính hãng","discount":50000,"discount_rate":14,"rating_average":4.6,"review_count":15,"price":310000,"list_price":360000,"category":"Điện Thoại - Máy Tính Bảng"},{"name":"Điện Thoại iPhone 12 Mini 64GB - Hàng Chính Hãng","discount":5040000,"discount_rate":23,"rating_average":4.7,"review_count":85,"price":16950000,"list_price":21990000,"category":"Điện Thoại - Máy Tính Bảng"},{"name":"Điện Thoại iPhone 11 128GB - Hàng Chính Hãng","discount":6390000,"discount_rate":27,"rating_average":4.8,"review_count":363,"price":17600000,"list_price":23990000,"category":"Điện Thoại - Máy Tính Bảng"},{"name":"Điện Thoại Samsung Galaxy A02s (4GB/64GB) -  ĐÃ KÍCH HOẠT BẢO HÀNH ĐIỆN TỬ - Hàng Chính Hãng","discount":1315000,"discount_rate":31,"rating_average":4.8,"review_count":9,"price":2875000,"list_price":4190000,"category":"Điện Thoại - Máy Tính Bảng"},{"name":"Điện Thoại Di Động Forme Gorilla  - Hàng Chính Hãng","discount":60000,"discount_rate":17,"rating_average":4.5,"review_count":8,"price":299000,"list_price":359000,"category":"Điện Thoại - Máy Tính Bảng"},{"name":"Điện Thoại Samsung Galaxy A10s (2GB/32GB) - Hàng Chính Hãng","discount":1340000,"discount_rate":36,"rating_average":4.7,"review_count":332,"price":2350000,"list_price":3690000,"category":"Điện Thoại - Máy Tính Bảng"},{"name":"iPad Air 10.9 Wi-Fi 64GB New 2020 - Hàng Chính Hãng","discount":3040000,"discount_rate":17,"rating_average":4.8,"review_count":124,"price":14950000,"list_price":17990000,"category":"Điện Thoại - Máy Tính Bảng"},{"name":"Điện Thoại Oppo A93 2020 (8GB/128GB) - Hàng Chính Hãng","discount":1900000,"discount_rate":25,"rating_average":4.8,"review_count":108,"price":5590000,"list_price":7490000,"category":"Điện Thoại - Máy Tính Bảng"},{"name":"Điện Thoại Di Động Forme L6 Hồng - Hàng Chính Hãng","discount":4000,"discount_rate":1,"rating_average":4.5,"review_count":16,"price":345000,"list_price":349000,"category":"Điện Thoại - Máy Tính Bảng"},{"name":"Điện Thoại Vsmart Star 5 (3GB/32GB) - Hàng Chính Hãng","discount":400000,"discount_rate":15,"rating_average":4.7,"review_count":19,"price":2290000,"list_price":2690000,"category":"Điện Thoại - Máy Tính Bảng"},{"name":"Điện Thoại Samsung Galaxy A12 (4GB/128GB) - Hàng Chính Hãng","discount":540000,"discount_rate":13,"rating_average":4.8,"review_count":54,"price":3750000,"list_price":4290000,"category":"Điện Thoại - Máy Tính Bảng"},{"name":"Điện Thoại Nokia 3.4 - Hàng Chính Hãng","discount":1460300,"discount_rate":40,"rating_average":4.5,"review_count":56,"price":2229700,"list_price":3690000,"category":"Điện Thoại - Máy Tính Bảng"},{"name":"Điện thoại Forme D10, MÀN HÌNH 2.0inch, CHỨC NĂNG GỌI KHẨN CẤP SOS, LOA TO, FONT CHỮ LỚN, PHÍM SỐ LỚN, FM KHÔNG DÂY - Hàng chính hãng","discount":10000,"discount_rate":3,"rating_average":5,"review_count":3,"price":335000,"list_price":345000,"category":"Điện Thoại - Máy Tính Bảng"},{"name":"Điện Thoại Xiaomi POCO X3 NFC (6GB/128GB) - Hàng Chính Hãng","discount":1611000,"discount_rate":23,"rating_average":0,"review_count":0,"price":5379000,"list_price":6990000,"category":"Điện Thoại - Máy Tính Bảng"},{"name":"Điện Thoại Samsung Galaxy S21 Ultra 5G (12GB/128GB) - Hàng Chính Hãng","discount":9370000,"discount_rate":30,"rating_average":0,"review_count":0,"price":21620000,"list_price":30990000,"category":"Điện Thoại - Máy Tính Bảng"},{"name":"Điện Thoại Samsung Galaxy S21 Plus 5G (8GB/128GB) - Hàng Chính Hãng","discount":9000000,"discount_rate":35,"rating_average":0,"review_count":0,"price":16990000,"list_price":25990000,"category":"Điện Thoại - Máy Tính Bảng"},{"name":"Điện Thoại Di Động Forme A5 - Hãng phân phối chính hãng","discount":54000,"discount_rate":14,"rating_average":4,"review_count":4,"price":335000,"list_price":389000,"category":"Điện Thoại - Máy Tính Bảng"},{"name":"Máy đọc sách Kindle Oasis 3 (2019) - Amazon - Hàng nhập khẩu","discount":2543400,"discount_rate":28,"rating_average":4.7,"review_count":131,"price":6456600,"list_price":9000000,"category":"Điện Thoại - Máy Tính Bảng"},{"name":"Điện thoại Vsmart Star 4 (4GB/64GB) - Hàng Chính Hãng","discount":500000,"discount_rate":19,"rating_average":5,"review_count":7,"price":2190000,"list_price":2690000,"category":"Điện Thoại - Máy Tính Bảng"},{"name":"Điện Thoại iPhone 11 64GB  - Hàng Nhập Khẩu","discount":6890000,"discount_rate":30,"rating_average":4.7,"review_count":62,"price":16100000,"list_price":22990000,"category":"Điện Thoại - Máy Tính Bảng"},{"name":"Điện Thoại Di Động Forme L6  - Hàng Chính Hãng","discount":4000,"discount_rate":1,"rating_average":3.9,"review_count":8,"price":345000,"list_price":349000,"category":"Điện Thoại - Máy Tính Bảng"},{"name":"Điện Thoại iPhone 12 Pro 256GB - Hàng Chính Hãng","discount":6000000,"discount_rate":17,"rating_average":4.8,"review_count":96,"price":28990000,"list_price":34990000,"category":"Điện Thoại - Máy Tính Bảng"},{"name":"Điện thoại Vivo Y1S - Hàng chính hãng","discount":650000,"discount_rate":24,"rating_average":4.8,"review_count":26,"price":2040000,"list_price":2690000,"category":"Điện Thoại - Máy Tính Bảng"},{"name":"Điện thoại Vsmart Aris (8GB/128GB) - Hàng Chính Hãng","discount":2240100,"discount_rate":30,"rating_average":4.7,"review_count":94,"price":5249900,"list_price":7490000,"category":"Điện Thoại - Máy Tính Bảng"},{"name":"Điện Thoại Di Động Forme F1 Black Golden - Hàng Chính Hãng","discount":24000,"discount_rate":8,"rating_average":4.5,"review_count":4,"price":275000,"list_price":299000,"category":"Điện Thoại - Máy Tính Bảng"},{"name":"Máy đọc sách Kindle PaperWhite Gen 4 (10th) - Bản 8GB - Hàng chính hãng","discount":1060000,"discount_rate":27,"rating_average":4.6,"review_count":478,"price":2930000,"list_price":3990000,"category":"Điện Thoại - Máy Tính Bảng"},{"name":"Điện Thoại Oppo Reno 5 (8GB/128G) - Hàng Chính Hãng","discount":1740000,"discount_rate":19,"rating_average":4.8,"review_count":27,"price":7250000,"list_price":8990000,"category":"Điện Thoại - Máy Tính Bảng"},{"name":"iPad Pro 11 inch (2020) 128GB Wifi  - Hàng  Chính Hãng","discount":1540000,"discount_rate":7,"rating_average":5,"review_count":36,"price":20450000,"list_price":21990000,"category":"Điện Thoại - Máy Tính Bảng"},{"name":"Điện Thoại Di Động Forme Gorilla Coffee - Hàng Chính Hãng","discount":60000,"discount_rate":17,"rating_average":3.8,"review_count":4,"price":299000,"list_price":359000,"category":"Điện Thoại - Máy Tính Bảng"},{"name":"Điện Thoại Vsmart Star 4 (2GB/16GB) - Hàng Chính Hãng","discount":51000,"discount_rate":3,"rating_average":4.6,"review_count":56,"price":1799000,"list_price":1850000,"category":"Điện Thoại - Máy Tính Bảng"},{"name":"Máy Tính Bảng Samsung Galaxy Tab S7 Plus T975 (6GB/128GB) - ĐÃ KÍCH HOẠT BẢO HÀNH ĐIỆN TỬ - Hàng Chính Hãng","discount":7000000,"discount_rate":29,"rating_average":5,"review_count":13,"price":16990000,"list_price":23990000,"category":"Điện Thoại - Máy Tính Bảng"},{"name":"Điện Thoại Vsmart Active 3 - Hàng Chính Hãng","discount":1800000,"discount_rate":36,"rating_average":4.5,"review_count":17,"price":3190000,"list_price":4990000,"category":"Điện Thoại - Máy Tính Bảng"},{"name":"Điện Thoại Di Động Forme D555+ - Hàng Chính Hãng","discount":49000,"discount_rate":14,"rating_average":4,"review_count":4,"price":290000,"list_price":339000,"category":"Điện Thoại - Máy Tính Bảng"},{"name":"Điện Thoại Samsung Galaxy A12 (4GB/128GB) - ĐÃ KÍCH HOẠT BẢO HÀNH ĐIỆN TỬ - Hàng Chính Hãng","discount":715000,"discount_rate":17,"rating_average":0,"review_count":0,"price":3575000,"list_price":4290000,"category":"Điện Thoại - Máy Tính Bảng"},{"name":"Điện Thoại Oppo A73 2020 (6GB/128GB) - Hàng Chính Hãng","discount":677200,"discount_rate":12,"rating_average":4.8,"review_count":540,"price":4812800,"list_price":5490000,"category":"Điện Thoại - Máy Tính Bảng"}]