[{"name":"Điện thoại Forme Duos 1900, màn hình 2.8inch, pin 1900mAh, font chữ lớn - Phân phối chính hãng","discount":50000,"discount_rate":14,"rating_average":4.6,"review_count":15,"price":310000,"list_price":360000,"category":"Điện Thoại - Máy Tính Bảng"},{"name":"Điện Thoại Xiaomi Redmi Note 10 Pro (6GB/128GB) - Hàng Chính Hãng","discount":300000,"discount_rate":4,"rating_average":5,"review_count":1,"price":6690000,"list_price":6990000,"category":"Điện Thoại - Máy Tính Bảng"},{"name":"Điện Thoại Xiaomi Redmi 9 - Hàng Chính Hãng","discount":700000,"discount_rate":19,"rating_average":5,"review_count":95,"price":2890000,"list_price":3590000,"category":"Điện Thoại - Máy Tính Bảng"},{"name":"Điện Thoại iPhone 12 128GB - Hàng Chính Hãng","discount":1000000,"discount_rate":4,"rating_average":0,"review_count":0,"price":25990000,"list_price":26990000,"category":"Điện Thoại - Máy Tính Bảng"},{"name":"Điện Thoại Di Động Forme Gorilla  - Hàng Chính Hãng","discount":60000,"discount_rate":17,"rating_average":4.5,"review_count":8,"price":299000,"list_price":359000,"category":"Điện Thoại - Máy Tính Bảng"},{"name":"Điện Thoại OPPO RENO 3 Pro (8GB/256GB) - Hàng Chính Hãng","discount":8540000,"discount_rate":57,"rating_average":4.8,"review_count":46,"price":6450000,"list_price":14990000,"category":"Điện Thoại - Máy Tính Bảng"},{"name":"Điện Thoại Samsung Galaxy Note 20 (8GB/256GB) - ĐÃ KÍCH HOẠT BẢO HÀNH ĐIỆN TỬ - Hàng Chính Hãng","discount":8200000,"discount_rate":34,"rating_average":4.8,"review_count":48,"price":15790000,"list_price":23990000,"category":"Điện Thoại - Máy Tính Bảng"},{"name":"Điện Thoại Samsung Galaxy A72 (8GB/256GB) - Hàng Chính Hãng","discount":790000,"discount_rate":7,"rating_average":0,"review_count":0,"price":10700000,"list_price":11490000,"category":"Điện Thoại - Máy Tính Bảng"},{"name":"Điện thoại Forme D10, MÀN HÌNH 2.0inch, CHỨC NĂNG GỌI KHẨN CẤP SOS, LOA TO, FONT CHỮ LỚN, PHÍM SỐ LỚN, FM KHÔNG DÂY - Hàng chính hãng","discount":10000,"discount_rate":3,"rating_average":5,"review_count":3,"price":335000,"list_price":345000,"category":"Điện Thoại - Máy Tính Bảng"},{"name":"Máy Đọc Sách Kindle Paperwhite Gen 10 - Hàng Nhập Khẩu","discount":1350000,"discount_rate":31,"rating_average":4.8,"review_count":213,"price":2950000,"list_price":4300000,"category":"Điện Thoại - Máy Tính Bảng"},{"name":"Máy Tính Bảng Samsung Galaxy Tab A8 8\" T295 - Hàng Chính Hãng","discount":200000,"discount_rate":5,"rating_average":4,"review_count":8,"price":3490000,"list_price":3690000,"category":"Điện Thoại - Máy Tính Bảng"},{"name":"Máy Tính Bảng Samsung Galaxy Tab A7 (3GB/64GB) SM-T505 ĐÃ KÍCH HOẠT BẢO HÀNH ĐIỆN TỬ - Hàng Chính Hãng","discount":2000000,"discount_rate":25,"rating_average":5,"review_count":7,"price":5990000,"list_price":7990000,"category":"Điện Thoại - Máy Tính Bảng"},{"name":"Điện Thoại Di Động Forme A5 - Hãng phân phối chính hãng","discount":54000,"discount_rate":14,"rating_average":4,"review_count":4,"price":335000,"list_price":389000,"category":"Điện Thoại - Máy Tính Bảng"},{"name":"Điện Thoại iPhone 11 128GB  - Hàng Nhập Khẩu","discount":7090000,"discount_rate":28,"rating_average":4.8,"review_count":36,"price":17900000,"list_price":24990000,"category":"Điện Thoại - Máy Tính Bảng"},{"name":"Điện thoại Xiaomi Redmi Note 10 (4GB/64GB) - Hàng chính hãng","discount":640000,"discount_rate":14,"rating_average":5,"review_count":1,"price":4050000,"list_price":4690000,"category":"Điện Thoại - Máy Tính Bảng"},{"name":"Điện thoại Xiaomi POCO X3 - Hàng Chính Hãng ","discount":1700000,"discount_rate":25,"rating_average":4.8,"review_count":4,"price":4990000,"list_price":6690000,"category":"Điện Thoại - Máy Tính Bảng"},{"name":"Điện Thoại Di Động Forme F1 Black Golden - Hàng Chính Hãng","discount":24000,"discount_rate":8,"rating_average":4.5,"review_count":4,"price":275000,"list_price":299000,"category":"Điện Thoại - Máy Tính Bảng"},{"name":"Điện Thoại Vsmart Joy 3 - Hàng chính hãng","discount":500000,"discount_rate":15,"rating_average":0,"review_count":0,"price":2790000,"list_price":3290000,"category":"Điện Thoại - Máy Tính Bảng"},{"name":"Điện Thoại Realme C15 (4GB/64G) - Hàng Chính Hãng","discount":800000,"discount_rate":19,"rating_average":0,"review_count":0,"price":3390000,"list_price":4190000,"category":"Điện Thoại - Máy Tính Bảng"},{"name":"Điện Thoại iPhone 11 Pro 64GB - Hàng Nhập Khẩu ","discount":11340000,"discount_rate":34,"rating_average":4.8,"review_count":10,"price":21650000,"list_price":32990000,"category":"Điện Thoại - Máy Tính Bảng"},{"name":"Điện Thoại Di Động Forme Gorilla Coffee - Hàng Chính Hãng","discount":60000,"discount_rate":17,"rating_average":3.8,"review_count":4,"price":299000,"list_price":359000,"category":"Điện Thoại - Máy Tính Bảng"},{"name":"Điện Thoại Oppo A91 (8GB/128G) - Hàng Chính Hãng","discount":2000000,"discount_rate":29,"rating_average":4.5,"review_count":85,"price":4990000,"list_price":6990000,"category":"Điện Thoại - Máy Tính Bảng"},{"name":"Điện Thoại Oppo A12 (4GB/64GB) - Hàng Chính Hãng","discount":1040000,"discount_rate":26,"rating_average":4.7,"review_count":45,"price":2950000,"list_price":3990000,"category":"Điện Thoại - Máy Tính Bảng"},{"name":"Điện thoại Forme A77 màn hình 5inch, Wifi, 3G, 2 sim  - Hàng chính hãng","discount":261000,"discount_rate":26,"rating_average":3.7,"review_count":67,"price":729000,"list_price":990000,"category":"Điện Thoại - Máy Tính Bảng"},{"name":"Điện Thoại Di Động Forme L6  - Hàng Chính Hãng","discount":4000,"discount_rate":1,"rating_average":3.9,"review_count":8,"price":345000,"list_price":349000,"category":"Điện Thoại - Máy Tính Bảng"},{"name":"Điện Thoại Nokia 150 (2020) -  Hàng Chính Hãng","discount":51000,"discount_rate":8,"rating_average":4.7,"review_count":3,"price":609000,"list_price":660000,"category":"Điện Thoại - Máy Tính Bảng"},{"name":"iPad 10.2 Inch WiFi/Cellular 32GB New 2019 - Hàng Nhập Khẩu Chính Hãng","discount":2000000,"discount_rate":17,"rating_average":4.8,"review_count":36,"price":9990000,"list_price":11990000,"category":"Điện Thoại - Máy Tính Bảng"},{"name":"Điện Thoại Xiaomi Redmi 9C - Hàng Chính Hãng","discount":0,"discount_rate":0,"rating_average":5,"review_count":42,"price":2490000,"list_price":2490000,"category":"Điện Thoại - Máy Tính Bảng"},{"name":"Điện Thoại Di Động Forme D555+ - Hàng Chính Hãng","discount":49000,"discount_rate":14,"rating_average":4,"review_count":4,"price":290000,"list_price":339000,"category":"Điện Thoại - Máy Tính Bảng"},{"name":"Điện Thoại OPPO Reno 2 (8GB/256GB) - Hàng Chính Hãng","discount":7290000,"discount_rate":49,"rating_average":5,"review_count":20,"price":7700000,"list_price":14990000,"category":"Điện Thoại - Máy Tính Bảng"},{"name":"Điện Thoại iPhone 12 Mini 128GB - Hàng Chính Hãng","discount":4290000,"discount_rate":18,"rating_average":4.5,"review_count":2,"price":19700000,"list_price":23990000,"category":"Điện Thoại - Máy Tính Bảng"},{"name":"Điện Thoại Samsung Galaxy A11 (32GB/3GB) - Hàng Chính Hãng - (Đã kích hoạt bảo hành điện tử)","discount":1040000,"discount_rate":28,"rating_average":4.7,"review_count":95,"price":2650000,"list_price":3690000,"category":"Điện Thoại - Máy Tính Bảng"},{"name":"Máy đọc sách All New Kindle Bản đặc biệt 8GB - Hàng nhập khẩu","discount":975000,"discount_rate":31,"rating_average":4.7,"review_count":39,"price":2215000,"list_price":3190000,"category":"Điện Thoại - Máy Tính Bảng"},{"name":"Điện thoại Vivo Y12s - Hàng Chính Hãng","discount":650000,"discount_rate":20,"rating_average":0,"review_count":0,"price":2640000,"list_price":3290000,"category":"Điện Thoại - Máy Tính Bảng"},{"name":"Điện Thoại Nokia 2.4 (2GB/32GB) - Hàng Chính Hãng","discount":660000,"discount_rate":25,"rating_average":5,"review_count":2,"price":2030000,"list_price":2690000,"category":"Điện Thoại - Máy Tính Bảng"},{"name":"Điện Thoại Samsung Galaxy Note 20 Ultra 5G (12GB/256GB) - ĐÃ KÍCH HOẠT BẢO HÀNH ĐIỆN TỬ - Hàng Chính Hãng","discount":11550000,"discount_rate":35,"rating_average":0,"review_count":0,"price":21450000,"list_price":33000000,"category":"Điện Thoại - Máy Tính Bảng"},{"name":"Điện thoại Xiaomi Redmi Note 9S - Hàng Chính Hãng","discount":740000,"discount_rate":13,"rating_average":5,"review_count":4,"price":4750000,"list_price":5490000,"category":"Điện Thoại - Máy Tính Bảng"},{"name":"Điện Thoại Nokia 5.4 (4GB/128GB) - Hàng Chính Hãng","discount":1410000,"discount_rate":28,"rating_average":5,"review_count":1,"price":3580000,"list_price":4990000,"category":"Điện Thoại - Máy Tính Bảng"},{"name":"iPad 10.2 Inch WiFi 128GB (gen 8) New 2020 - Hàng Chính Hãng","discount":4040000,"discount_rate":27,"rating_average":4.8,"review_count":122,"price":10950000,"list_price":14990000,"category":"Điện Thoại - Máy Tính Bảng"},{"name":"Điện Thoại Samsung Galaxy Note 20 Ultra (8GB/256GB) - ĐÃ KÍCH HOẠT BẢO HÀNH ĐIỆN TỬ - Hàng Chính Hãng","discount":9900000,"discount_rate":33,"rating_average":4.6,"review_count":5,"price":20090000,"list_price":29990000,"category":"Điện Thoại - Máy Tính Bảng"},{"name":"Điện thoại Xiaomi Redmi Note 10 (6GB/128GB) - Hàng chính hãng - Xám","discount":711000,"discount_rate":13,"rating_average":0,"review_count":0,"price":4779000,"list_price":5490000,"category":"Điện Thoại - Máy Tính Bảng"},{"name":"Điện Thoại OPPO RENO 4 (8GB/128GB) - Hàng Chính Hãng","discount":2640000,"discount_rate":29,"rating_average":4.8,"review_count":87,"price":6350000,"list_price":8990000,"category":"Điện Thoại - Máy Tính Bảng"},{"name":"Điện Thoại Xiaomi Mi 10T Pro 5G - Hàng Chính Hãng","discount":1691000,"discount_rate":14,"rating_average":0,"review_count":0,"price":10299000,"list_price":11990000,"category":"Điện Thoại - Máy Tính Bảng"},{"name":"Điện thoại Vsmart Star 4 (3GB/32GB) - Hàng Chính Hãng","discount":200000,"discount_rate":9,"rating_average":4.8,"review_count":25,"price":2090000,"list_price":2290000,"category":"Điện Thoại - Máy Tính Bảng"},{"name":"Điện Thoại OPPO A9 2020 (8GB/128GB) - Hàng Chính Hãng","discount":3291000,"discount_rate":41,"rating_average":4.6,"review_count":87,"price":4699000,"list_price":7990000,"category":"Điện Thoại - Máy Tính Bảng"},{"name":"Điện Thoại Xiaomi Redmi Note 10 Pro (8GB/128GB) - Hàng Chính Hãng","discount":696200,"discount_rate":9,"rating_average":5,"review_count":5,"price":6793800,"list_price":7490000,"category":"Điện Thoại - Máy Tính Bảng"},{"name":"Điện Thoại Samsung Galaxy S21 Ultra 5G (12GB/128GB) - ĐÃ KÍCH HOẠT BẢO HÀNH ĐIỆN TỬ -  Hàng Chính Hãng ","discount":9540000,"discount_rate":31,"rating_average":0,"review_count":0,"price":21450000,"list_price":30990000,"category":"Điện Thoại - Máy Tính Bảng"},{"name":"Điện Thoại iPhone 12 Pro Max 512GB - Hàng Chính Hãng","discount":7000000,"discount_rate":16,"rating_average":4.7,"review_count":34,"price":36990000,"list_price":43990000,"category":"Điện Thoại - Máy Tính Bảng"},{"name":"Điện Thoại Nokia 6300 4G - Hàng Chính Hãng","discount":151000,"discount_rate":12,"rating_average":4.5,"review_count":71,"price":1139000,"list_price":1290000,"category":"Điện Thoại - Máy Tính Bảng"},{"name":"Điện Thoại Realme C12 (3GB/32GB) - Hàng Chính Hãng","discount":591000,"discount_rate":17,"rating_average":5,"review_count":1,"price":2899000,"list_price":3490000,"category":"Điện Thoại - Máy Tính Bảng"},{"name":"Điện Thoại Realme 6I (4GB/128GB) - Hàng Chính Hãng ","discount":1140000,"discount_rate":23,"rating_average":4.8,"review_count":33,"price":3850000,"list_price":4990000,"category":"Điện Thoại - Máy Tính Bảng"},{"name":"iPad Air 10.9 Wi-Fi 256GB New 2020 - Hàng Chính Hãng","discount":3390000,"discount_rate":15,"rating_average":4.8,"review_count":58,"price":18600000,"list_price":21990000,"category":"Điện Thoại - Máy Tính Bảng"},{"name":"Điện Thoại Samsung Galaxy A31 (6GB/128GB) - ĐÃ KÍCH HOẠT BẢO HÀNH ĐIỆN TỬ - Hàng Chính Hãng","discount":1635000,"discount_rate":25,"rating_average":5,"review_count":8,"price":4855000,"list_price":6490000,"category":"Điện Thoại - Máy Tính Bảng"},{"name":"Điện Thoại Vivo Y20 (4GB/64GB) - Hàng Chính Hãng","discount":840000,"discount_rate":21,"rating_average":5,"review_count":2,"price":3150000,"list_price":3990000,"category":"Điện Thoại - Máy Tính Bảng"},{"name":"Điện Thoại Samsung Galaxy A52 (8GB/128GB) - Hàng Chính Hãng","discount":649000,"discount_rate":7,"rating_average":0,"review_count":0,"price":8641000,"list_price":9290000,"category":"Điện Thoại - Máy Tính Bảng"},{"name":"Điện thoại Xiaomi Redmi Note 9 (4GB/128GB) - Hàng chính hãng","discount":700000,"discount_rate":14,"rating_average":4.8,"review_count":17,"price":4290000,"list_price":4990000,"category":"Điện Thoại - Máy Tính Bảng"}]