[{"name":"Nồi chiên không dầu Philips HD9252/90 - Hàng chính hãng","discount":610100,"discount_rate":19,"rating_average":4.8,"review_count":258,"price":2589900,"list_price":3200000,"category":"Đồ dùng nhà bếp"},{"name":"Máy Xay Sinh Tố Cầm Tay Lock&Lock EJJ321 (50W - 300ml) - Hàng Chính Hãng","discount":665000,"discount_rate":46,"rating_average":4.1,"review_count":43,"price":795000,"list_price":1460000,"category":"Đồ dùng nhà bếp"},{"name":"Nồi Chiên Không Dầu Điện Tử Lock&Lock EJF357BLK (5.2 Lít) - Hàng Chính Hãng","discount":2445000,"discount_rate":48,"rating_average":4.8,"review_count":75,"price":2615000,"list_price":5060000,"category":"Đồ dùng nhà bếp"},{"name":"Máy Vắt Cam Lock&Lock EJJ231 (700ml) - Hàng chính hãng","discount":183000,"discount_rate":43,"rating_average":4.6,"review_count":189,"price":239000,"list_price":422000,"category":"Đồ dùng nhà bếp"},{"name":"Nồi Chiên Không Dầu Điện Tử Philips HD9650/91 XXL (1.4kg) - Hàng Chính Hãng","discount":2302700,"discount_rate":27,"rating_average":4.5,"review_count":445,"price":6187300,"list_price":8490000,"category":"Đồ dùng nhà bếp"},{"name":"Nồi Cơm Điện Mini Lock&Lock EJR426 Dung Tích 0.8 lít  (Hàng chính hãng)","discount":411000,"discount_rate":43,"rating_average":4.7,"review_count":264,"price":539000,"list_price":950000,"category":"Đồ dùng nhà bếp"},{"name":"Ấm Điện Thủy Tinh Siêu Tốc Có Điều Chỉnh Nhiệt Độ Lock&Lock EJK341 (1.8L) - Hàng chính hãng","discount":480000,"discount_rate":45,"rating_average":4.7,"review_count":71,"price":590000,"list_price":1070000,"category":"Đồ dùng nhà bếp"},{"name":"Máy Xay Thịt 2 Lưỡi Dao Kép Lock&Lock EJM171 (2L) - Hàng Chính Hãng","discount":631000,"discount_rate":47,"rating_average":4.6,"review_count":49,"price":709000,"list_price":1340000,"category":"Đồ dùng nhà bếp"},{"name":"Máy Xay Thực Phẩm (3 Cối) LOTOR HC-302D - Hàng Chính Hãng","discount":690000,"discount_rate":54,"rating_average":0,"review_count":0,"price":590000,"list_price":1280000,"category":"Đồ dùng nhà bếp"},{"name":"Ấm Siêu Tốc Inox SUNHOUSE HAPPY TIME HTD1055 (1.5L) - Hàng Chính Hãng","discount":114000,"discount_rate":54,"rating_average":4.5,"review_count":916,"price":99000,"list_price":213000,"category":"Đồ dùng nhà bếp"},{"name":"Máy xay sinh tố Philips HR2223/00 - Hàng Chính Hãng","discount":441800,"discount_rate":23,"rating_average":4.5,"review_count":215,"price":1458200,"list_price":1900000,"category":"Đồ dùng nhà bếp"},{"name":"Nồi Chiên Không Dầu Philips HD9220/20 (2.4L) - Hàng chính hãng","discount":2973000,"discount_rate":59,"rating_average":4.7,"review_count":84,"price":2026000,"list_price":4999000,"category":"Đồ dùng nhà bếp"},{"name":"Máy xay sinh tố Philips HR2222/00 - Hàng Chính Hãng","discount":441300,"discount_rate":27,"rating_average":4.6,"review_count":55,"price":1208700,"list_price":1650000,"category":"Đồ dùng nhà bếp"},{"name":"Nồi Cơm Điện Tử Toshiba RC-10NMFVN (WT) (1 Lít) - Hàng Chính Hãng","discount":531100,"discount_rate":24,"rating_average":4.7,"review_count":844,"price":1658900,"list_price":2190000,"category":"Đồ dùng nhà bếp"},{"name":"Bình Đun Siêu Tốc 2 lớp Lock&Lock EJK738WHT (1.7L) - Trắng - Hàng chính hãng","discount":326000,"discount_rate":44,"rating_average":4.6,"review_count":60,"price":419000,"list_price":745000,"category":"Đồ dùng nhà bếp"},{"name":"Lò Vi Sóng Sharp R-205VN(S) - 20L - Hàng chính hãng","discount":331000,"discount_rate":19,"rating_average":5,"review_count":12,"price":1369000,"list_price":1700000,"category":"Đồ dùng nhà bếp"},{"name":"Nồi Chiên Không Dầu Philips HD9218 (1425W) - Hàng Chính Hãng","discount":1330400,"discount_rate":32,"rating_average":4.7,"review_count":34,"price":2869600,"list_price":4200000,"category":"Đồ dùng nhà bếp"},{"name":"Nồi cơm điện tử Tefal RK733168 - Hàng chính hãng","discount":310000,"discount_rate":22,"rating_average":4.5,"review_count":59,"price":1119000,"list_price":1429000,"category":"Đồ dùng nhà bếp"},{"name":"Máy Xay Sinh Tố Mini Hafele GS-621 (350W) - Hàng Chính Hãng","discount":336000,"discount_rate":38,"rating_average":4.7,"review_count":355,"price":554000,"list_price":890000,"category":"Đồ dùng nhà bếp"},{"name":"Máy xay sinh tố Tefal BL967B66 - Hàng chính hãng","discount":1563000,"discount_rate":33,"rating_average":4.5,"review_count":40,"price":3199000,"list_price":4762000,"category":"Đồ dùng nhà bếp"},{"name":"Bếp Gas Âm 2 Vùng Nấu Hafele HC-G783B (78cm) - Hàng Chính Hãng","discount":1642700,"discount_rate":27,"rating_average":4.6,"review_count":17,"price":4347300,"list_price":5990000,"category":"Đồ dùng nhà bếp"},{"name":"Nồi áp suất điện đa năng Tefal CY601868 - Hàng chính hãng","discount":960000,"discount_rate":29,"rating_average":4.5,"review_count":40,"price":2329000,"list_price":3289000,"category":"Đồ dùng nhà bếp"},{"name":"Nồi Chiên Không Dầu Điện Tử Lock&Lock EJF296BLK (7.2 Lít) - Kèm Chảo Nướng - Hàng Chính Hãng","discount":2211000,"discount_rate":40,"rating_average":3,"review_count":1,"price":3249000,"list_price":5460000,"category":"Đồ dùng nhà bếp"},{"name":"Máy Xay Sinh Tố Đa Năng Cao Cấp 2 Tầng Lưỡi Nắp Bẹt Màu Nâu Tiện Dụng","discount":307800,"discount_rate":68,"rating_average":3.7,"review_count":6,"price":142200,"list_price":450000,"category":"Đồ dùng nhà bếp"},{"name":"Nồi Chiên Chân Không Điện Tử Ranee RN-AF10LH (10L) kèm bộ phụ kiện 9 món - Hàng chính hãng","discount":990000,"discount_rate":33,"rating_average":4.5,"review_count":16,"price":1999000,"list_price":2989000,"category":"Đồ dùng nhà bếp"},{"name":"Máy Ép Chậm SnapBee SK-202VN - Hàng chính hãng","discount":214000,"discount_rate":11,"rating_average":4.2,"review_count":71,"price":1736000,"list_price":1950000,"category":"Đồ dùng nhà bếp"},{"name":"Nồi Chiên Không Dầu Lock&Lock EJF357WHT (5.2 Lít) - Hàng Chính Hãng","discount":2451000,"discount_rate":48,"rating_average":4.7,"review_count":6,"price":2609000,"list_price":5060000,"category":"Đồ dùng nhà bếp"},{"name":"Bình Đun Siêu Tốc 2 Lớp Lock&Lock EJK738BLK (1.7L) - Hàng Chính Hãng","discount":76000,"discount_rate":10,"rating_average":4.6,"review_count":399,"price":669000,"list_price":745000,"category":"Đồ dùng nhà bếp"},{"name":"Nồi Chiên Không Dầu Điện Tử Philips 6.2L HD9270/90 (1.2kg) - Hàng Chính Hãng","discount":1600000,"discount_rate":29,"rating_average":5,"review_count":1,"price":3890000,"list_price":5490000,"category":"Đồ dùng nhà bếp"},{"name":"Nồi chiên không dầu Tefal - EY401D15 - Hàng chính hãng","discount":2300000,"discount_rate":43,"rating_average":4.6,"review_count":40,"price":3099000,"list_price":5399000,"category":"Đồ dùng nhà bếp"},{"name":"Máy Hấp Thực Phẩm Magic Korea A64 (500W) - Hàng chính hãng","discount":170100,"discount_rate":34,"rating_average":4.5,"review_count":887,"price":328900,"list_price":499000,"category":"Đồ dùng nhà bếp"},{"name":"Nồi Chiên Không Dầu Điện Tử BlueStone AFB-5869 (3,2 Lít) - Hàng Chính Hãng","discount":1400000,"discount_rate":50,"rating_average":5,"review_count":125,"price":1399000,"list_price":2799000,"category":"Đồ dùng nhà bếp"},{"name":"Lò Vi Sóng Có Nướng Electrolux EMS2027GX (20 lít) – Đen - Hàng chính hãng","discount":1100000,"discount_rate":37,"rating_average":0,"review_count":0,"price":1890000,"list_price":2990000,"category":"Đồ dùng nhà bếp"},{"name":"Bếp Điện Từ Sunhouse SHD6800 - Tặng Kèm Nồi Lẩu - Hàng chính hãng","discount":361100,"discount_rate":34,"rating_average":4.5,"review_count":2,"price":688900,"list_price":1050000,"category":"Đồ dùng nhà bếp"},{"name":"Ấm Siêu Tốc Nagakawa NAG0313 (1.8 Lít) - Hàng Chính Hãng","discount":81000,"discount_rate":43,"rating_average":4.5,"review_count":361,"price":109000,"list_price":190000,"category":"Đồ dùng nhà bếp"},{"name":"Máy ép trái cây hoa quả tốc độ chậm SAVTM JE-07 - hàng nhập khẩu","discount":304000,"discount_rate":31,"rating_average":4.1,"review_count":141,"price":686000,"list_price":990000,"category":"Đồ dùng nhà bếp"},{"name":"Bếp Âm Từ Đôi Hafele HC-IS772EA (76 cm) - Hàng chính hãng","discount":3698000,"discount_rate":19,"rating_average":0,"review_count":0,"price":15292000,"list_price":18990000,"category":"Đồ dùng nhà bếp"},{"name":"Máy Ép Trái Cây Panasonic PAVH-MJ-68MWRA - 600 ML - Hàng Chính Hãng","discount":324600,"discount_rate":21,"rating_average":4.6,"review_count":352,"price":1252400,"list_price":1577000,"category":"Đồ dùng nhà bếp"},{"name":"Máy Pha Cà Phê Espresso Tiross TS-621 - Hàng Chính Hãng","discount":534000,"discount_rate":36,"rating_average":4.5,"review_count":655,"price":956000,"list_price":1490000,"category":"Đồ dùng nhà bếp"},{"name":"Máy Làm Sữa Hạt Đa Năng Bluestone SMB-7329 (1.3 Lít) - Hàng Chính Hãng ","discount":500100,"discount_rate":25,"rating_average":4.6,"review_count":612,"price":1498900,"list_price":1999000,"category":"Đồ dùng nhà bếp"},{"name":"Bếp Điện Từ TrueHome TI-20TS1(P) - Hàng Chính Hãng","discount":350000,"discount_rate":29,"rating_average":5,"review_count":1,"price":840000,"list_price":1190000,"category":"Đồ dùng nhà bếp"},{"name":"Nồi Chiên Không Dầu Điện Tử Bluestone AFB-5873 (5.5 Lít) - Hàng Chính Hãng","discount":1700000,"discount_rate":46,"rating_average":4.5,"review_count":758,"price":1999000,"list_price":3699000,"category":"Đồ dùng nhà bếp"},{"name":"Máy Vắt Cam Hafele GS-401 - Hàng Chính Hãng","discount":431000,"discount_rate":40,"rating_average":4.7,"review_count":569,"price":659000,"list_price":1090000,"category":"Đồ dùng nhà bếp"},{"name":"Máy Xay Sinh Tố Electrolux EBR3416 - Xanh - Hàng Chính Hãng","discount":291000,"discount_rate":37,"rating_average":4.5,"review_count":230,"price":499000,"list_price":790000,"category":"Đồ dùng nhà bếp"},{"name":"Nồi Chiên Không Dầu Hafele AF-602A 11 Lít – Hàng Chính Hãng","discount":1491000,"discount_rate":30,"rating_average":4.8,"review_count":5,"price":3499000,"list_price":4990000,"category":"Đồ dùng nhà bếp"},{"name":"Nồi Chiên Không Dầu Bluestone AFB-5870 (5L) - Hàng Chính Hãng","discount":1200000,"discount_rate":40,"rating_average":4.6,"review_count":652,"price":1799000,"list_price":2999000,"category":"Đồ dùng nhà bếp"},{"name":"Bếp Điện Từ Electrolux ETD29KC - Đen (Kèm Nồi Lẩu) - Hàng chính hãng","discount":197000,"discount_rate":17,"rating_average":4.7,"review_count":581,"price":993000,"list_price":1190000,"category":"Đồ dùng nhà bếp"},{"name":"Ấm Đun Siêu Tốc LOCK EJK418SLV -Hàng Chính Hãng","discount":516000,"discount_rate":56,"rating_average":4.7,"review_count":32,"price":409000,"list_price":925000,"category":"Đồ dùng nhà bếp"},{"name":"Máy Hút Chân Không Thực Phẩm Hút Được Nước, Không  Kén Túi, Hút Được Mọi Loại Túi VC-ECO - Hàng chính hãng SGE Thailand. Phù hợp cho gia đình, hộ kinh doanh. Được tặng kèm máy 10 túi hút chân không mặt trơn.","discount":700000,"discount_rate":25,"rating_average":3.7,"review_count":15,"price":2050000,"list_price":2750000,"category":"Đồ dùng nhà bếp"},{"name":"Máy Ép Trái Cây Philips HR1811 - Trắng Xanh - Hàng Nhập Khẩu","discount":391000,"discount_rate":28,"rating_average":4.7,"review_count":26,"price":999000,"list_price":1390000,"category":"Đồ dùng nhà bếp"},{"name":"Máy Đánh Trứng Bluestone HMB-6333S (300W) - Hàng chính hãng","discount":210100,"discount_rate":26,"rating_average":4.7,"review_count":739,"price":588900,"list_price":799000,"category":"Đồ dùng nhà bếp"},{"name":"Bếp hồng ngoại cơ Sunhouse SHD6004 - Hàng chính hãng","discount":259000,"discount_rate":37,"rating_average":4.7,"review_count":146,"price":440000,"list_price":699000,"category":"Đồ dùng nhà bếp"},{"name":"Máy Xay Sinh Tố 2 Ly Morphy Richards (300W) MR9500 - Xanh - Hàng Chính Hãng","discount":241000,"discount_rate":19,"rating_average":4.2,"review_count":6,"price":1059000,"list_price":1300000,"category":"Đồ dùng nhà bếp"},{"name":"Nồi Hầm Cháo Cách Thủy 2 Tầng 2GOOD A600 (1.5L) - Hàng Chính Hãng","discount":316000,"discount_rate":33,"rating_average":4.5,"review_count":74,"price":634000,"list_price":950000,"category":"Đồ dùng nhà bếp"},{"name":"Nồi Chiên Không Dầu FAF4.0M 4L","discount":500000,"discount_rate":42,"rating_average":4.6,"review_count":102,"price":699000,"list_price":1199000,"category":"Đồ dùng nhà bếp"},{"name":"Máy Đánh Trứng Cầm Tay 7 Tốc Độ Công Suất Lớn Tặng Kèm 4 Que Đánh Cao Cấp Thép Không Gỉ - Hàng Chính Hãng - Hàng Nhập Khẩu","discount":141000,"discount_rate":47,"rating_average":4.5,"review_count":110,"price":159000,"list_price":300000,"category":"Đồ dùng nhà bếp"},{"name":"Bình Đun Nước Và Giữ Nhiệt Đa Chức Năng, Điều Chỉnh Nhiệt Độ, Làm Mát Nhanh - Hàng Nhập Khẩu","discount":485000,"discount_rate":21,"rating_average":5,"review_count":1,"price":1799000,"list_price":2284000,"category":"Đồ dùng nhà bếp"},{"name":"Máy xay cầm tay Braun MQ5235 - Hàng Chính Hãng","discount":541000,"discount_rate":26,"rating_average":5,"review_count":21,"price":1549000,"list_price":2090000,"category":"Đồ dùng nhà bếp"},{"name":"Nồi Chiên Không Dầu Bluestone AFB-5859 - 3.3L - Hàng chính hãng","discount":1304000,"discount_rate":52,"rating_average":4.5,"review_count":525,"price":1195000,"list_price":2499000,"category":"Đồ dùng nhà bếp"},{"name":"Máy Ép Trái Cây Hafele GS-353 400W (1.4L) - Hàng Chính Hãng","discount":551000,"discount_rate":37,"rating_average":4.5,"review_count":66,"price":939000,"list_price":1490000,"category":"Đồ dùng nhà bếp"},{"name":" Máy Xay Thịt 2 Lưỡi Kép Bluestone CHB-5139 (2L) - Hàng chính hãng","discount":300100,"discount_rate":25,"rating_average":4.6,"review_count":920,"price":898900,"list_price":1199000,"category":"Đồ dùng nhà bếp"}]