[{"name":"Nồi Cơm Điện Tiểu Quỷ Joyoung F-15Z609 (0.8L) - Hàng chính hãng","discount":231000,"discount_rate":33,"rating_average":4.6,"review_count":318,"price":468000,"list_price":699000,"category":"Đồ dùng nhà bếp"},{"name":"[CHÍNH HÃNG] Máy Làm Sữa Hạt OLIVO X20 - Chống Tràn - Xay Mịn Không Cần Lọc - Máy Xay Nấu Đa Năng - Thương Hiệu Mỹ","discount":500000,"discount_rate":17,"rating_average":4.6,"review_count":28,"price":2490000,"list_price":2990000,"category":"Đồ dùng nhà bếp"},{"name":"Máy Đánh Trứng Cầm Tay 7 Tốc Độ Công Suất 180W","discount":245000,"discount_rate":70,"rating_average":5,"review_count":1,"price":105000,"list_price":350000,"category":"Đồ dùng nhà bếp"},{"name":"Nồi Chiên Không Dầu Philips HD9220/20 - Hàng nhập khẩu","discount":2900000,"discount_rate":58,"rating_average":4.7,"review_count":108,"price":2099000,"list_price":4999000,"category":"Đồ dùng nhà bếp"},{"name":"Ấm Đun Siêu Tốc 2 Lớp Nagakawa NAG0314 (1.8 Lít) - Hàng Chính Hãng","discount":261000,"discount_rate":47,"rating_average":4.6,"review_count":58,"price":299000,"list_price":560000,"category":"Đồ dùng nhà bếp"},{"name":"Ấm Đun Nước Thủy Tinh Bluestone KTB-3426 (1.7 Lít)","discount":120100,"discount_rate":22,"rating_average":4.6,"review_count":241,"price":418900,"list_price":539000,"category":"Đồ dùng nhà bếp"},{"name":"Nồi điện đa năng phủ chống dính cao cấp  - Nồi lẩu điện gia đình Bcook 1.8L - Hàng nhập khẩu","discount":152000,"discount_rate":22,"rating_average":4.6,"review_count":158,"price":538000,"list_price":690000,"category":"Đồ dùng nhà bếp"},{"name":"Máy Xay Thịt Cối Inox Lock&Lock EJM172 (2 lít) Hàng Chính Hãng","discount":587000,"discount_rate":46,"rating_average":4.6,"review_count":186,"price":690000,"list_price":1277000,"category":"Đồ dùng nhà bếp"},{"name":"Máy Xay Sinh Tố Cầm Tay Bluestone BLB-5251 (600W) - Hàng chính hãng","discount":500100,"discount_rate":36,"rating_average":4.3,"review_count":63,"price":898900,"list_price":1399000,"category":"Đồ dùng nhà bếp"},{"name":"Máy làm sữa hạt đa năng","discount":1791000,"discount_rate":60,"rating_average":4.7,"review_count":34,"price":1199000,"list_price":2990000,"category":"Đồ dùng nhà bếp"},{"name":"Nồi chiên không dầu Tefal EY201D15 - Hàng chính hãng","discount":1730000,"discount_rate":37,"rating_average":4.5,"review_count":14,"price":2999000,"list_price":4729000,"category":"Đồ dùng nhà bếp"},{"name":"Máy xay sinh tố cầm tay Philips HR2534 - Hàng chính hãng","discount":334000,"discount_rate":30,"rating_average":4.7,"review_count":10,"price":765000,"list_price":1099000,"category":"Đồ dùng nhà bếp"},{"name":"Máy Xay Sinh Tố Toshiba BL-70PR1NV (700W - 1.5 Lít) - Hàng Chính Hãng","discount":410100,"discount_rate":32,"rating_average":4.7,"review_count":48,"price":879900,"list_price":1290000,"category":"Đồ dùng nhà bếp"},{"name":"Ấm Đun Nước Mặt Kính Hafele T-602C (1.7 Lít) - Hàng Chính Hãng","discount":240100,"discount_rate":24,"rating_average":4.7,"review_count":109,"price":749900,"list_price":990000,"category":"Đồ dùng nhà bếp"},{"name":"Máy Xay Sinh Tố Đa Năng Sunhouse HappyTime HTD5113G (Xanh) - Hàng chính hãng","discount":441000,"discount_rate":63,"rating_average":3.9,"review_count":263,"price":259000,"list_price":700000,"category":"Đồ dùng nhà bếp"},{"name":"Máy Làm Bánh 3 Trong 1 Tiross TS513 - Hàng Chính Hãng","discount":343000,"discount_rate":35,"rating_average":4.5,"review_count":369,"price":637000,"list_price":980000,"category":"Đồ dùng nhà bếp"},{"name":"Nồi chiên không dầu Tefal EY701D15 - Hàng chính hãng","discount":1630000,"discount_rate":25,"rating_average":5,"review_count":19,"price":4969000,"list_price":6599000,"category":"Đồ dùng nhà bếp"},{"name":"Nồi Chiên Không Dầu Lock&Lock EJF351BLK (5.2L) (Đen) - Hàng chính hãng","discount":2230000,"discount_rate":47,"rating_average":4.6,"review_count":400,"price":2470000,"list_price":4700000,"category":"Đồ dùng nhà bếp"},{"name":"Nồi Chiên Không Dầu Magic A-801 (6.0 Lít) - Hàng Chính Hãng","discount":1141100,"discount_rate":44,"rating_average":4.6,"review_count":292,"price":1448900,"list_price":2590000,"category":"Đồ dùng nhà bếp"},{"name":"Nồi chiên không dầu 5L mẫu 2020","discount":762500,"discount_rate":53,"rating_average":4.5,"review_count":91,"price":687500,"list_price":1450000,"category":"Đồ dùng nhà bếp"},{"name":"Máy Xay Sinh Tố Electrolux EMB3025 (600ml) - Hàng Chính Hãng","discount":691000,"discount_rate":58,"rating_average":4.7,"review_count":105,"price":499000,"list_price":1190000,"category":"Đồ dùng nhà bếp"},{"name":"Nồi Chiên Không Dầu Perfect GLA 609 (4L) - Hàng chính hãng","discount":1400000,"discount_rate":61,"rating_average":4.5,"review_count":761,"price":899000,"list_price":2299000,"category":"Đồ dùng nhà bếp"},{"name":"Máy Xay Thịt, Giò Chả, Tỏi Ớt Công Suất Lớn Dành Cho Gia Đình, Cửa Hàng","discount":1220000,"discount_rate":81,"rating_average":4.7,"review_count":3,"price":280000,"list_price":1500000,"category":"Đồ dùng nhà bếp"},{"name":"Nồi cơm điện cao tần Tefal RK808168 - Hàng chính hãng","discount":520000,"discount_rate":19,"rating_average":4.8,"review_count":12,"price":2219000,"list_price":2739000,"category":"Đồ dùng nhà bếp"},{"name":"Máy xay sinh tố Philips HR2222/00 - Hàng Chính Hãng","discount":470000,"discount_rate":28,"rating_average":4.7,"review_count":12,"price":1180000,"list_price":1650000,"category":"Đồ dùng nhà bếp"},{"name":"Nồi Cơm Điện Philips HD3115/66 (1.8L) - Hàng Chính Hãng","discount":179000,"discount_rate":17,"rating_average":4.6,"review_count":57,"price":850000,"list_price":1029000,"category":"Đồ dùng nhà bếp"},{"name":"Nồi Cơm Điện Cao Tần (IH) Philips HD4528/66 - Hàng Chính Hãng","discount":1191000,"discount_rate":36,"rating_average":4.3,"review_count":12,"price":2138000,"list_price":3329000,"category":"Đồ dùng nhà bếp"},{"name":"Máy Xay Thịt Đa Năng Thân Inox Chopper Midimori GC-24338 (500W) - Đen - Hàng chính hãng","discount":701000,"discount_rate":56,"rating_average":4.5,"review_count":292,"price":549000,"list_price":1250000,"category":"Đồ dùng nhà bếp"},{"name":"Bếp Đôi Điện Từ Hồng Ngoại Sunhouse SHB8609 (4000W) - Hàng chính hãng","discount":2000000,"discount_rate":50,"rating_average":4.5,"review_count":15,"price":1990000,"list_price":3990000,"category":"Đồ dùng nhà bếp"},{"name":"Máy Làm Sữa Đậu Nành Lock&Lock EJS226 (1.3 Lít) - Hàng Chính Hãng","discount":1335000,"discount_rate":43,"rating_average":5,"review_count":2,"price":1790000,"list_price":3125000,"category":"Đồ dùng nhà bếp"},{"name":"Máy ép chậm Panasonic MJ L500 - Hàng nhập khẩu","discount":1879000,"discount_rate":31,"rating_average":4.8,"review_count":4,"price":4120000,"list_price":5999000,"category":"Đồ dùng nhà bếp"},{"name":"Nồi Cơm Điện Nắp Gài Nagakawa NAG0131 (1.2 Lít) - Hàng Chính Hãng","discount":346000,"discount_rate":33,"rating_average":4.8,"review_count":26,"price":699000,"list_price":1045000,"category":"Đồ dùng nhà bếp"},{"name":"Máy xay sinh tô cầm tay Philips HR2537 - Model 2020 - Hàng chính hãng","discount":565000,"discount_rate":28,"rating_average":4.5,"review_count":4,"price":1425000,"list_price":1990000,"category":"Đồ dùng nhà bếp"},{"name":"Ấm Siêu Tốc Thủy Tinh Sunhouse SHD1217- Hàng chính hãng","discount":248000,"discount_rate":40,"rating_average":0,"review_count":0,"price":372000,"list_price":620000,"category":"Đồ dùng nhà bếp"},{"name":"Máy xay sinh tố cầm tay tiện lợi 500ml MeetJuice - 2019","discount":201000,"discount_rate":37,"rating_average":4.5,"review_count":90,"price":349000,"list_price":550000,"category":"Đồ dùng nhà bếp"},{"name":"Nồi Cơm Điện Lock&Lock EJR431 Dung Tích 1 lít (Hàng Chính Hãng)","discount":358000,"discount_rate":37,"rating_average":4.6,"review_count":103,"price":619000,"list_price":977000,"category":"Đồ dùng nhà bếp"},{"name":"Máy xay thịt osaka japan new 2019 - Hàng Chính Hãng","discount":380000,"discount_rate":63,"rating_average":4,"review_count":83,"price":220000,"list_price":600000,"category":"Đồ dùng nhà bếp"},{"name":"Máy đánh trứng tạo bọt cafe mini","discount":79510,"discount_rate":80,"rating_average":1,"review_count":1,"price":19490,"list_price":99000,"category":"Đồ dùng nhà bếp"},{"name":"Máy Đánh Trứng Lock&Lock Hand Mixer EJM501BLK (300W) - Hàng chính hãng","discount":440000,"discount_rate":48,"rating_average":4.6,"review_count":15,"price":469000,"list_price":909000,"category":"Đồ dùng nhà bếp"},{"name":"Bếp Ga Chống Nổ Mini Namilux Van An Toàn 2 Cấp Công Nghệ Nhật Bản-Hàng Chính Hãng (Giao Màu Ngẫu Nhiên)","discount":772000,"discount_rate":78,"rating_average":4.7,"review_count":65,"price":218000,"list_price":990000,"category":"Đồ dùng nhà bếp"},{"name":"Máy Xay Sinh Tố Lock&Lock EJM436 (250W - 600ml) - Hàng Chính Hãng","discount":310000,"discount_rate":36,"rating_average":0,"review_count":0,"price":550000,"list_price":860000,"category":"Đồ dùng nhà bếp"},{"name":"Máy Xay Thịt Đa Năng Bear QSJ-B02Q1 - Chính Hãng","discount":828000,"discount_rate":66,"rating_average":4.5,"review_count":13,"price":422000,"list_price":1250000,"category":"Đồ dùng nhà bếp"},{"name":"Máy Xay Sinh Tố Cầm Tay Mini Đa Năng","discount":304000,"discount_rate":51,"rating_average":0,"review_count":0,"price":295000,"list_price":599000,"category":"Đồ dùng nhà bếp"},{"name":"Nồi Áp Suất Điện Comet CM6151 (6.0 Lít) - Hàng Chính Hãng","discount":782100,"discount_rate":52,"rating_average":4.6,"review_count":235,"price":707900,"list_price":1490000,"category":"Đồ dùng nhà bếp"},{"name":"MÁY ÉP TRÁI CÂY TỐC ĐỘ CHẬM","discount":51000,"discount_rate":7,"rating_average":4,"review_count":58,"price":699000,"list_price":750000,"category":"Đồ dùng nhà bếp"},{"name":"Bếp Hồng Ngoại Lock&Lock EJI421 (2000W) - Hàng Chính Hãng","discount":925000,"discount_rate":43,"rating_average":0,"review_count":0,"price":1230000,"list_price":2155000,"category":"Đồ dùng nhà bếp"},{"name":"Máy xay thịt đa năng cối inox 304 4 Lưỡi Đa Năng, Công suất 250W- Xay thịt, xay tỏi ới, xay rau củ quả","discount":305000,"discount_rate":55,"rating_average":0,"review_count":0,"price":245000,"list_price":550000,"category":"Đồ dùng nhà bếp"},{"name":"Bình Đun Siêu Tốc 2 Lớp Nagakawa NAG0315 (1.8 Lít) - Hàng Chính Hãng","discount":210000,"discount_rate":34,"rating_average":4.6,"review_count":102,"price":415000,"list_price":625000,"category":"Đồ dùng nhà bếp"}]