[{"name":"Máy Hút Chân Không Thực Phẩm Hút Được Nước, Không  Kén Túi, Hút Được Mọi Loại Túi VC-ECO - Hàng chính hãng SGE Thailand. Phù hợp cho gia đình, hộ kinh doanh. Được tặng kèm máy 10 túi hút chân không mặt trơn.","discount":700000,"discount_rate":25,"rating_average":3.7,"review_count":15,"price":2050000,"list_price":2750000,"category":"Đồ dùng nhà bếp"},{"name":"Nồi Điện Đa Năng Lock&Lock EJP116BLK (0.8 Lít) - Hàng Chính Hãng","discount":365000,"discount_rate":44,"rating_average":4.5,"review_count":30,"price":465000,"list_price":830000,"category":"Đồ dùng nhà bếp"},{"name":"Máy Vắt Cam Philips HR-2738 - Hàng chính hãng","discount":245700,"discount_rate":37,"rating_average":4.7,"review_count":762,"price":413300,"list_price":659000,"category":"Đồ dùng nhà bếp"},{"name":"Máy Xay Thịt 4 Lưỡi - Dung Tích 2 Lít - Công Suất 300W","discount":850100,"discount_rate":77,"rating_average":3.7,"review_count":26,"price":254900,"list_price":1105000,"category":"Đồ dùng nhà bếp"},{"name":"Máy Sấy Thực Phẩm Thế Hệ Mới GE Black 6 khay - Hàng Thailand chính hãng","discount":1200000,"discount_rate":24,"rating_average":4.5,"review_count":15,"price":3800000,"list_price":5000000,"category":"Đồ dùng nhà bếp"},{"name":"Máy xay sinh tố mini cầm tay 2 lưỡi Osaka dùng để xay thịt xay hoa quả xay cháo cho bé yêu đa năng tiện dụng nhỏ gọn","discount":158000,"discount_rate":53,"rating_average":5,"review_count":1,"price":141000,"list_price":299000,"category":"Đồ dùng nhà bếp"},{"name":"Máy Ép Chậm Trái Cây Elmich JEE-1853 hàng chính hãng","discount":750500,"discount_rate":21,"rating_average":4.8,"review_count":4,"price":2839500,"list_price":3590000,"category":"Đồ dùng nhà bếp"},{"name":"Nồi cơm điện từ Tefal RK732168 1.8L - 750W - Hàng chính hãng","discount":439000,"discount_rate":31,"rating_average":0,"review_count":0,"price":990000,"list_price":1429000,"category":"Đồ dùng nhà bếp"},{"name":"Bình Đun Nước Và Giữ Nhiệt Đa Chức Năng, Điều Chỉnh Nhiệt Độ, Làm Mát Nhanh - Hàng Nhập Khẩu","discount":485000,"discount_rate":21,"rating_average":5,"review_count":1,"price":1799000,"list_price":2284000,"category":"Đồ dùng nhà bếp"},{"name":"Máy Làm Sữa Chua Lock&Lock EJY211 - Hàng Chính Hãng","discount":404000,"discount_rate":45,"rating_average":4.7,"review_count":12,"price":501000,"list_price":905000,"category":"Đồ dùng nhà bếp"},{"name":"Máy Xay Sinh Tố Xay Đá Panasonic MX-V310KRA - Hàng Chính Hãng","discount":301100,"discount_rate":19,"rating_average":4.7,"review_count":575,"price":1318900,"list_price":1620000,"category":"Đồ dùng nhà bếp"},{"name":"Máy Vắt Cam Philips HR-2738 - Hàng Nhập Khẩu","discount":273000,"discount_rate":44,"rating_average":4.8,"review_count":177,"price":346000,"list_price":619000,"category":"Đồ dùng nhà bếp"},{"name":"Lò Nướng Không Khí Lock&Lock EJF691 (10 Lít) - Hàng Chính Hãng","discount":2595000,"discount_rate":43,"rating_average":4,"review_count":5,"price":3450000,"list_price":6045000,"category":"Đồ dùng nhà bếp"},{"name":"Bếp Nướng Điện Happy Time Sunhouse HTD4606 - Hàng chính hãng","discount":368600,"discount_rate":55,"rating_average":4.5,"review_count":534,"price":300400,"list_price":669000,"category":"Đồ dùng nhà bếp"},{"name":"Vỉ Nướng Điện Lock&Lock EJG221 (1300W)","discount":430000,"discount_rate":32,"rating_average":4.7,"review_count":59,"price":899000,"list_price":1329000,"category":"Đồ dùng nhà bếp"},{"name":"Nồi Lẩu Điện MiNi Đa Năng","discount":191500,"discount_rate":64,"rating_average":4.7,"review_count":52,"price":107500,"list_price":299000,"category":"Đồ dùng nhà bếp"},{"name":"Máy Vắt Cam Lock&Lock EJJ236 (700ml) - Hàng chính hãng","discount":165000,"discount_rate":41,"rating_average":4.5,"review_count":31,"price":240000,"list_price":405000,"category":"Đồ dùng nhà bếp"},{"name":"Lò Nướng Điện Đa Năng Comet CM6510 (10L) - Đen - Hàng Chính Hãng","discount":263400,"discount_rate":42,"rating_average":4.6,"review_count":183,"price":366600,"list_price":630000,"category":"Đồ dùng nhà bếp"},{"name":"Nồi Cơm Điện Lock&Lock EJR716IVY 0.8L - Hàng Chính Hãng","discount":617000,"discount_rate":39,"rating_average":0,"review_count":0,"price":975000,"list_price":1592000,"category":"Đồ dùng nhà bếp"},{"name":"Nồi cơm cao tần Toshiba 1.8 lít RC-18IX1PV - Hàng Chính Hãng","discount":2510100,"discount_rate":51,"rating_average":4.7,"review_count":145,"price":2389900,"list_price":4900000,"category":"Đồ dùng nhà bếp"},{"name":"Máy Ép Trái Cây Philips HR1811 (300W) - Trắng Xanh - Hàng chính hãng","discount":442000,"discount_rate":31,"rating_average":4.5,"review_count":17,"price":967000,"list_price":1409000,"category":"Đồ dùng nhà bếp"},{"name":"Máy ép chậm cỡ lớn RH-312 ép rau củ hoa quả 95% lượng nước","discount":2401000,"discount_rate":69,"rating_average":3.1,"review_count":7,"price":1099000,"list_price":3500000,"category":"Đồ dùng nhà bếp"},{"name":"Nồi Áp Suất Điện Philips HD2103 (5L) - Hàng Chính Hãng","discount":570000,"discount_rate":27,"rating_average":4.8,"review_count":18,"price":1579000,"list_price":2149000,"category":"Đồ dùng nhà bếp"},{"name":"Lò Vi Sóng Điện Tử Có Nướng Sharp R-G272VN-S - Hàng chính hãng","discount":804700,"discount_rate":37,"rating_average":4.6,"review_count":422,"price":1395300,"list_price":2200000,"category":"Đồ dùng nhà bếp"},{"name":"Bình Đun Siêu Tốc Electrolux EEK-1303K (1.5L) - Hàng chính hãng","discount":400100,"discount_rate":47,"rating_average":4.6,"review_count":152,"price":449900,"list_price":850000,"category":"Đồ dùng nhà bếp"},{"name":"Bình Đun Nước Siêu Tốc Comet CM8217 - Hàng chính hãng","discount":50100,"discount_rate":27,"rating_average":4.5,"review_count":129,"price":138900,"list_price":189000,"category":"Đồ dùng nhà bếp"},{"name":"Nồi Chiên Không Dầu Điện Tử BlueStone AFB-5880 (5,5 Lít) - Hàng Chính Hãng","discount":1690100,"discount_rate":42,"rating_average":4.7,"review_count":55,"price":2308900,"list_price":3999000,"category":"Đồ dùng nhà bếp"},{"name":"Máy Nướng Bánh Mì Lock& Lock EJB221BLU (730 - 870 W) - Hàng chính hãng","discount":446000,"discount_rate":46,"rating_average":4.5,"review_count":17,"price":529000,"list_price":975000,"category":"Đồ dùng nhà bếp"},{"name":"Ca lẩu điện hấp mini cao cấp màu ngẫu nhiên","discount":230000,"discount_rate":70,"rating_average":4.5,"review_count":20,"price":99000,"list_price":329000,"category":"Đồ dùng nhà bếp"},{"name":"Nồi Cơm Điện Midea CM06SA - Hàng Chính Hãng","discount":130100,"discount_rate":23,"rating_average":4.6,"review_count":360,"price":439900,"list_price":570000,"category":"Đồ dùng nhà bếp"},{"name":"Máy Đánh Trứng Philips HR3705 (300W) - Hàng Chính Hãng","discount":176100,"discount_rate":23,"rating_average":4.7,"review_count":285,"price":602900,"list_price":779000,"category":"Đồ dùng nhà bếp"},{"name":"Nồi chiên không dầu Ferroli FAF4.0M (4 lít) - Hàng chính hãng","discount":631000,"discount_rate":45,"rating_average":0,"review_count":0,"price":769000,"list_price":1400000,"category":"Đồ dùng nhà bếp"},{"name":"Nồi cơm điện tử Toshiba 1.8 lít RC-18NTFVN(W) - HÀNG CHÍNH HÃNG","discount":2801000,"discount_rate":56,"rating_average":5,"review_count":20,"price":2189000,"list_price":4990000,"category":"Đồ dùng nhà bếp"},{"name":"Nồi lẩu điện mini có tay cầm đa năng","discount":184000,"discount_rate":62,"rating_average":4.3,"review_count":58,"price":115000,"list_price":299000,"category":"Đồ dùng nhà bếp"},{"name":"Máy Xay Sinh Tố Toshiba MX-60T(H) (600W - 1.5 Lít) - Hàng Chính Hãng","discount":355000,"discount_rate":40,"rating_average":4.6,"review_count":258,"price":535000,"list_price":890000,"category":"Đồ dùng nhà bếp"},{"name":"Bếp Hồng Ngoại Sunhouse SHD6011 - Đen- hàng chính hãng","discount":416900,"discount_rate":47,"rating_average":4.5,"review_count":345,"price":473100,"list_price":890000,"category":"Đồ dùng nhà bếp"},{"name":"Nồi Chiên Không Dầu Philips HD9200/90 - Hàng Chính Hãng","discount":361000,"discount_rate":13,"rating_average":5,"review_count":2,"price":2329000,"list_price":2690000,"category":"Đồ dùng nhà bếp"},{"name":"Nồi Cơm Điện Mini đa năng 0.8 lít Lock&Lock EJR326 - Hàng chính hãng","discount":550000,"discount_rate":41,"rating_average":4.7,"review_count":64,"price":799000,"list_price":1349000,"category":"Đồ dùng nhà bếp"},{"name":"Máy Xay Sinh Tố Philips HR2051 450W (1.25L) - Hàng chính hãng","discount":161960,"discount_rate":24,"rating_average":4.3,"review_count":3,"price":527040,"list_price":689000,"category":"Đồ dùng nhà bếp"},{"name":"Máy xay sinh tố cầm tay xiaomi deerma juicer blender DEM-NU05 bản quốc tế 2020 - Hàng chính hãng","discount":300000,"discount_rate":38,"rating_average":4.6,"review_count":46,"price":499000,"list_price":799000,"category":"Đồ dùng nhà bếp"},{"name":"Máy xay sinh tố cầm tay Meet Juice dung tích 500ml","discount":97000,"discount_rate":28,"rating_average":5,"review_count":1,"price":253000,"list_price":350000,"category":"Đồ dùng nhà bếp"},{"name":"Máy vắt cam Bear CZJ-A04B1 - Hàng Chính Hãng","discount":230100,"discount_rate":46,"rating_average":4.8,"review_count":60,"price":268900,"list_price":499000,"category":"Đồ dùng nhà bếp"},{"name":"Máy xay thịt, cá, xay đa năng Bcook 2 lưỡi dao kép cối thủy tinh (350W) - Hàng chính hãng","discount":100000,"discount_rate":17,"rating_average":4.5,"review_count":150,"price":490000,"list_price":590000,"category":"Đồ dùng nhà bếp"},{"name":"NỒI CHIÊN KHÔNG DẦU ĐIỆN TỬ COSORI (AIR FRYER) 5.8 Qt / 5.5 LÍT- HÀNG CHÍNH HÃNG","discount":2140000,"discount_rate":50,"rating_average":5,"review_count":46,"price":2150000,"list_price":4290000,"category":"Đồ dùng nhà bếp"},{"name":"Vỉ Nướng Điện Lock&Lock EJG211BLK (1800W) - Hàng chính hãng","discount":580000,"discount_rate":41,"rating_average":4.6,"review_count":35,"price":849000,"list_price":1429000,"category":"Đồ dùng nhà bếp"},{"name":"Máy Xay Sinh Tố Đa Năng Sunhouse SHD5340 - Đen - Hàng chính hãng","discount":480000,"discount_rate":37,"rating_average":4.5,"review_count":266,"price":810000,"list_price":1290000,"category":"Đồ dùng nhà bếp"},{"name":"Nồi Cơm Điện Tử Philips HD3060 (0.7L) - Đen - Hàng chính hãng","discount":541000,"discount_rate":27,"rating_average":4.2,"review_count":5,"price":1449000,"list_price":1990000,"category":"Đồ dùng nhà bếp"},{"name":"Nồi chiên không dầu LOTTE 5.5 lít model LTS - AF5SM  - hàng chính hãng nhập khẩu Hàn Quốc","discount":1220000,"discount_rate":31,"rating_average":4.5,"review_count":2,"price":2730000,"list_price":3950000,"category":"Đồ dùng nhà bếp"},{"name":"Nồi Chiên Không Dầu Philips HD9745 (1500W) - Hàng Chính Hãng","discount":1520000,"discount_rate":24,"rating_average":5,"review_count":8,"price":4829000,"list_price":6349000,"category":"Đồ dùng nhà bếp"},{"name":"Nồi Cơm Điện Tử Toshiba RC-18DH2PV(W) - Hàng chính hãng","discount":400100,"discount_rate":24,"rating_average":4.6,"review_count":107,"price":1289900,"list_price":1690000,"category":"Đồ dùng nhà bếp"},{"name":"Lò Chiên Không Khí 12 Lít Lock&Lock EJF696BLK (Kèm Quà Tặng)  - Hàng Chính Hãng","discount":2508000,"discount_rate":46,"rating_average":4.6,"review_count":364,"price":2950000,"list_price":5458000,"category":"Đồ dùng nhà bếp"}]