[{"name":"Máy Ép Trái Cây Bluestone JEB-6545 (850W) - Hàng chính hãng","discount":325800,"discount_rate":20,"rating_average":4.5,"review_count":93,"price":1273200,"list_price":1599000,"category":"Đồ dùng nhà bếp"},{"name":"Nồi Nấu Cháo Cách Thủy 2 Tầng 2GOOD A300 (3,1 Lít) - Hàng Chính Hãng","discount":151000,"discount_rate":23,"rating_average":4.6,"review_count":124,"price":499000,"list_price":650000,"category":"Đồ dùng nhà bếp"},{"name":"Máy Ép Trái Cây Philips HR1836 (500W) - Hàng chính hãng","discount":400000,"discount_rate":16,"rating_average":0,"review_count":0,"price":2049000,"list_price":2449000,"category":"Đồ dùng nhà bếp"},{"name":"Ca nấu đa năng Mishio MK214 600W 1,5L inox 304, nấu nước, nấu mì, lẩu - Màu trắng xám - Hàng chính hãng","discount":200000,"discount_rate":33,"rating_average":4.7,"review_count":40,"price":399000,"list_price":599000,"category":"Đồ dùng nhà bếp"},{"name":"Nồi chiên không dầu Tefal - EY201866 - Hàng chính hãng","discount":1640000,"discount_rate":37,"rating_average":4.7,"review_count":18,"price":2759000,"list_price":4399000,"category":"Đồ dùng nhà bếp"},{"name":"Bếp gas mini 100% Inox chống cháy nổ tiết kiệm gas cao cấp","discount":139499,"discount_rate":52,"rating_average":4.6,"review_count":25,"price":129000,"list_price":268499,"category":"Đồ dùng nhà bếp"},{"name":"Ca nấu mì, ăn lẩu, đun nước siêu tốc đa năng mini 2 tầng tặng kèm xửng hấp","discount":41662,"discount_rate":32,"rating_average":3,"review_count":2,"price":88338,"list_price":130000,"category":"Đồ dùng nhà bếp"},{"name":"Nồi Điện Đa Năng Lock&Lock EJC141 (1.5 Lít) - Hàng Chính Hãng","discount":939000,"discount_rate":48,"rating_average":4.8,"review_count":17,"price":998000,"list_price":1937000,"category":"Đồ dùng nhà bếp"},{"name":"Máy Làm Tỏi Đen Lock&Lock EJR136PUP (3 Lít) - Hàng Chính Hãng","discount":836000,"discount_rate":47,"rating_average":4.3,"review_count":10,"price":939000,"list_price":1775000,"category":"Đồ dùng nhà bếp"},{"name":"Máy Làm Sữa Đậu Nành Joyoung DJ12C-A903SG (1.2L) - Hàng chính hãng","discount":1131000,"discount_rate":57,"rating_average":4.6,"review_count":240,"price":859000,"list_price":1990000,"category":"Đồ dùng nhà bếp"},{"name":"Máy Xay Sinh Tố Philips HR2056 (450W) - Hàng chính hãng","discount":130000,"discount_rate":16,"rating_average":4.8,"review_count":11,"price":699000,"list_price":829000,"category":"Đồ dùng nhà bếp"},{"name":"Máy xay thịt dành cho nhà bếp","discount":468400,"discount_rate":76,"rating_average":5,"review_count":4,"price":151500,"list_price":619900,"category":"Đồ dùng nhà bếp"},{"name":"Nồi Áp Suất Comet CM6150 - Hàng Chính Hãng","discount":131900,"discount_rate":16,"rating_average":4.7,"review_count":165,"price":677100,"list_price":809000,"category":"Đồ dùng nhà bếp"},{"name":"Máy tạo bọt sữa sạc USB 2 loại đầu khuấy cafe và đánh trứng","discount":50001,"discount_rate":23,"rating_average":5,"review_count":1,"price":164999,"list_price":215000,"category":"Đồ dùng nhà bếp"},{"name":"Máy Đánh Trứng Cầm Tay Bear DDQ-B01K1 - Phiên Bản Quốc Tế - Hàng Chính Hãng","discount":200100,"discount_rate":40,"rating_average":4.8,"review_count":17,"price":298900,"list_price":499000,"category":"Đồ dùng nhà bếp"},{"name":"Máy Xay Sinh Tố Đa Năng Cao Cấp 2 Tầng Lưỡi Nắp Bẹt Màu Nâu","discount":214170,"discount_rate":60,"rating_average":5,"review_count":9,"price":144800,"list_price":358970,"category":"Đồ dùng nhà bếp"},{"name":"Nồi chiên không dầu Kalite Q10 - Hàng chính hãng","discount":1570000,"discount_rate":34,"rating_average":4.5,"review_count":89,"price":2990000,"list_price":4560000,"category":"Đồ dùng nhà bếp"},{"name":"Bếp Nướng Điện Sunhouse SHD4607 (1500W) - Hàng chính hãng","discount":278100,"discount_rate":47,"rating_average":4.5,"review_count":6,"price":311900,"list_price":590000,"category":"Đồ dùng nhà bếp"},{"name":"Máy Xay Thịt Cối Thủy Tinh Lock&Lock Meat Chopper EJM156BLK 1 Lít - Hàng Chính Hãng, 4 Lưỡi Dao Cho Lực Nghiền Mạnh, Công Suất 400W","discount":351000,"discount_rate":40,"rating_average":4.3,"review_count":11,"price":529000,"list_price":880000,"category":"Đồ dùng nhà bếp"},{"name":"NỒI LẨU NƯỚNG ĐA NĂNG 2 TRONG 1","discount":1316000,"discount_rate":83,"rating_average":5,"review_count":6,"price":274000,"list_price":1590000,"category":"Đồ dùng nhà bếp"},{"name":"Nồi cơm điện Comet CM8028 1.2L - Hàng chính hãng - Giao Hoa Văn Ngẫu Nhiên","discount":152000,"discount_rate":33,"rating_average":4.5,"review_count":155,"price":310000,"list_price":462000,"category":"Đồ dùng nhà bếp"},{"name":"Nồi Chiên Không Dầu Điện Tử Lock&Lock EJF286BLK 6.5L - Hàng chính hãng","discount":2160000,"discount_rate":45,"rating_average":4.8,"review_count":56,"price":2690000,"list_price":4850000,"category":"Đồ dùng nhà bếp"},{"name":"Nồi cơm điện tách đường Mishio MK188 - Hàng chính hãng","discount":2441000,"discount_rate":82,"rating_average":4.7,"review_count":9,"price":549000,"list_price":2990000,"category":"Đồ dùng nhà bếp"},{"name":"Máy Vắt Cam Lock&Lock EJJ241 (1.2L) - Hàng chính hãng","discount":0,"discount_rate":0,"rating_average":4,"review_count":277,"price":530000,"list_price":530000,"category":"Đồ dùng nhà bếp"},{"name":"Nồi Cơm Điện 1L Fujika FJ-NC1005 Công Suất 400W Lồng Men Chống Dính Cho 2,3 Người Ăn (Mẫu Ngẫu Nhiên)-Hàng Chính Hãng","discount":241000,"discount_rate":48,"rating_average":4.5,"review_count":34,"price":258000,"list_price":499000,"category":"Đồ dùng nhà bếp"},{"name":"Máy Xay, Ép Sinh Tố Hoa Quả Cầm Tay Pin Sạc Tiện Lợi","discount":496500,"discount_rate":83,"rating_average":4.1,"review_count":16,"price":103500,"list_price":600000,"category":"Đồ dùng nhà bếp"},{"name":"Nồi cơm tách đường điện tử Mishio MK194 5L – Màu đen - Hàng chính hãng","discount":2391000,"discount_rate":80,"rating_average":4.2,"review_count":17,"price":599000,"list_price":2990000,"category":"Đồ dùng nhà bếp"},{"name":"Bình đun siêu tốc Toshiba 1.7 lít KT-17SH2NV - HÀNG CHÍNH HÃNG","discount":310100,"discount_rate":39,"rating_average":4.6,"review_count":60,"price":479900,"list_price":790000,"category":"Đồ dùng nhà bếp"},{"name":"Máy Đánh Trứng Philips HR3705 (300W) - Hàng nhập khẩu","discount":200000,"discount_rate":25,"rating_average":5,"review_count":13,"price":590000,"list_price":790000,"category":"Đồ dùng nhà bếp"},{"name":"Lò Nướng Kangaroo KG295 (48L) - Hàng chính hãng","discount":1681000,"discount_rate":60,"rating_average":4.3,"review_count":140,"price":1129000,"list_price":2810000,"category":"Đồ dùng nhà bếp"},{"name":"Nồi lẩu đa năng mini 2 tầng kèm khay hấp inox -NLHI","discount":258500,"discount_rate":73,"rating_average":4.2,"review_count":9,"price":96500,"list_price":355000,"category":"Đồ dùng nhà bếp"},{"name":"Nồi Nấu Chậm Panasonic 3 Lít  NF-N30ASRA - Hàng Chính Hãng","discount":198100,"discount_rate":13,"rating_average":4.7,"review_count":104,"price":1301900,"list_price":1500000,"category":"Đồ dùng nhà bếp"},{"name":"Máy Hút Mùi Tích Hợp Than Hoạt Tính Nagakawa NAG1803-70T (70cm) - Hàng Chính Hãng","discount":1101000,"discount_rate":42,"rating_average":4.6,"review_count":27,"price":1499000,"list_price":2600000,"category":"Đồ dùng nhà bếp"},{"name":"Nồi Cơm Điện Tử Cuckoo CR-1010F (1.8L)  - Hàng Chính Hãng","discount":484000,"discount_rate":23,"rating_average":4.6,"review_count":110,"price":1580000,"list_price":2064000,"category":"Đồ dùng nhà bếp"},{"name":"Nồi Cơm Điện Nắp Gài Sharp KS-181TJV - 1.8 L - Hàng chính hãng","discount":400000,"discount_rate":44,"rating_average":4.6,"review_count":7,"price":499000,"list_price":899000,"category":"Đồ dùng nhà bếp"},{"name":"Bếp Nướng Điện Không Khói Comet CM5665 (1400W) - Hàng Chính Hãng","discount":283000,"discount_rate":46,"rating_average":4,"review_count":54,"price":337000,"list_price":620000,"category":"Đồ dùng nhà bếp"},{"name":"Nồi Áp Suất Điện Tử Philips HD2136 (5L) - Hàng Chính Hãng","discount":261000,"discount_rate":10,"rating_average":0,"review_count":0,"price":2429000,"list_price":2690000,"category":"Đồ dùng nhà bếp"},{"name":"Máy Đánh Trứng N38D 300W Gọn Nhẹ","discount":184864,"discount_rate":34,"rating_average":4.5,"review_count":57,"price":355136,"list_price":540000,"category":"Đồ dùng nhà bếp"},{"name":"Nồi Cơm Điện Sharp KS-A08V-R (0.72 lít) - Đỏ - Hàng chính hãng","discount":81000,"discount_rate":10,"rating_average":5,"review_count":1,"price":769000,"list_price":850000,"category":"Đồ dùng nhà bếp"},{"name":"Máy tạo bọt cafe, sữa, đánh trứng mini cầm tay MFB1501D kích thước nhỏ gọn, tiện dụng ","discount":130001,"discount_rate":33,"rating_average":0,"review_count":0,"price":259999,"list_price":390000,"category":"Đồ dùng nhà bếp"},{"name":"Máy Pha Cà Phê Electrolux ECM3505 - Đen - Hàng chính hãng","discount":224200,"discount_rate":25,"rating_average":4.5,"review_count":91,"price":665800,"list_price":890000,"category":"Đồ dùng nhà bếp"},{"name":"Máy ép Mishio Slowjuicer MK61 - Hàng chính hãng","discount":791000,"discount_rate":53,"rating_average":3.7,"review_count":10,"price":699000,"list_price":1490000,"category":"Đồ dùng nhà bếp"},{"name":"Ấm Siêu Tốc Inox 5L Fujika FJ-SD50 Công Suất 1500W Tiết Kiệm Điện Cho Quán,Nhà Hàng,Nhà Đông Người-Hàng Chính Hãng","discount":380000,"discount_rate":63,"rating_average":4.2,"review_count":16,"price":219000,"list_price":599000,"category":"Đồ dùng nhà bếp"},{"name":"Nồi Chiên Không Dầu Philips HD9218 (1425W) - Hàng Chính Hãng","discount":1330400,"discount_rate":32,"rating_average":4.7,"review_count":34,"price":2869600,"list_price":4200000,"category":"Đồ dùng nhà bếp"},{"name":"Nồi Lẩu Điện Sunhouse SHD4521 (3L) - Hàng chính hãng","discount":187000,"discount_rate":34,"rating_average":4.6,"review_count":256,"price":363000,"list_price":550000,"category":"Đồ dùng nhà bếp"},{"name":"Bếp Từ Đơn Lock&Lock EJI411 (2000W) - Hàng Chính Hãng","discount":875000,"discount_rate":43,"rating_average":0,"review_count":0,"price":1170000,"list_price":2045000,"category":"Đồ dùng nhà bếp"},{"name":"Nồi cơm cao tần Toshiba 1 lít RC-10IX1PV - Hàng Chính Hãng","discount":1600100,"discount_rate":41,"rating_average":4.6,"review_count":144,"price":2299900,"list_price":3900000,"category":"Đồ dùng nhà bếp"},{"name":"Máy Cầm Tay Mini Đánh Trứng Tạo Bọt Cà Phê Khuấy Cực Mạnh - Pin - 1 Cái - Màu Ngẫu Nhiên ","discount":30000,"discount_rate":60,"rating_average":5,"review_count":2,"price":20000,"list_price":50000,"category":"Đồ dùng nhà bếp"}]