[{"name":"Kem Dưỡng Cấp Nước Cho Da Hỗn Hợp Neutrogena Hydro Boost Water Gel 50ml","discount":107000,"discount_rate":28,"rating_average":5,"review_count":90,"price":278000,"list_price":385000,"category":"Làm Đẹp - Sức Khỏe"},{"name":"Dầu Gội Rejoice Siêu Mượt - 900ML","discount":42000,"discount_rate":24,"rating_average":5,"review_count":10,"price":135000,"list_price":177000,"category":"Làm Đẹp - Sức Khỏe"},{"name":"Khẩu trang SMS đi mưa HAMITA Hộp 50 cái - 1 lớp vải tích hợp - ĐI MƯA, NGĂN GIỌT BẮN, hạn chế lem son môi, rộng hơn/phủ kín hơn, quai đeo thoải mái","discount":26000,"discount_rate":35,"rating_average":4.2,"review_count":94,"price":49000,"list_price":75000,"category":"Làm Đẹp - Sức Khỏe"},{"name":"Dầu Gội Head & Shoulders Bạc Hà Mát Lạnh (1200ml)","discount":84000,"discount_rate":30,"rating_average":5,"review_count":9,"price":195000,"list_price":279000,"category":"Làm Đẹp - Sức Khỏe"},{"name":"Combo 2 Dầu gội Romano hương nước hoa 650g/chai","discount":70000,"discount_rate":20,"rating_average":4.6,"review_count":384,"price":276000,"list_price":346000,"category":"Làm Đẹp - Sức Khỏe"},{"name":"Lactomin (viên nang) bổ sung 3 loại men vi sinh có ích được bao vi nang, dùng cho người bị tiêu chảy, táo bón, dùng kháng sinh dài ngày","discount":0,"discount_rate":0,"rating_average":3,"review_count":1,"price":185000,"list_price":185000,"category":"Làm Đẹp - Sức Khỏe"},{"name":"Nước tẩy trang Loreal Micellar Water 3-in-1 Refreshing Even For Sensitive Skin","discount":52000,"discount_rate":28,"rating_average":4.8,"review_count":315,"price":137000,"list_price":189000,"category":"Làm Đẹp - Sức Khỏe"},{"name":"Combo 2 Tắm gội 2 trong 1 Romano hương nước hoa 650g/chai","discount":65000,"discount_rate":20,"rating_average":4.7,"review_count":447,"price":259000,"list_price":324000,"category":"Làm Đẹp - Sức Khỏe"},{"name":"Sữa Rửa Mặt Cetaphil Gentle Skin Cleaner (500ml) - 8394107341305,9318637069637","discount":6000,"discount_rate":2,"rating_average":4.7,"review_count":1676,"price":284000,"list_price":290000,"category":"Làm Đẹp - Sức Khỏe"},{"name":"Kem dưỡng thể tế bào gốc hoa Asa Zakura","discount":315000,"discount_rate":63,"rating_average":5,"review_count":5,"price":185000,"list_price":500000,"category":"Làm Đẹp - Sức Khỏe"},{"name":"Bộ Đôi Kem chống nắng dưỡng da dạng sữa kiềm dầu khô thoáng hoàn hảo siêu tiết kiệm Anessa Gold Milk 60ml + Gold Milk 20ml","discount":371000,"discount_rate":39,"rating_average":4.8,"review_count":135,"price":589000,"list_price":960000,"category":"Làm Đẹp - Sức Khỏe"},{"name":"Combo 2 Lăn khử mùi Romano Classic kháng khuẩn & khô thoáng cả ngày 50ml*2","discount":25000,"discount_rate":20,"rating_average":4.7,"review_count":181,"price":99000,"list_price":124000,"category":"Làm Đẹp - Sức Khỏe"},{"name":"Nước tẩy trang L'Oreal Paris 3-in-1 Micellar Water 400ml","discount":54000,"discount_rate":29,"rating_average":4.7,"review_count":125,"price":135000,"list_price":189000,"category":"Làm Đẹp - Sức Khỏe"},{"name":"Thực Phẩm Chức Năng Viên Uống Hỗ Trợ Giảm Cân Thiên Nhiên Lily Slim , giảm cân mạnh từ 5-7kg sau 1 liệu trình, không tác dụng phụ, giúp cơ thể săn gọn tự nhiên an toàn, sản phẩm đạt chuẩn GMP","discount":50000,"discount_rate":10,"rating_average":5,"review_count":18,"price":450000,"list_price":500000,"category":"Làm Đẹp - Sức Khỏe"},{"name":"Combo 2 Xịt toàn thân Romano Attitude nồng ấm cá tính 150ml","discount":38000,"discount_rate":20,"rating_average":4.7,"review_count":146,"price":152000,"list_price":190000,"category":"Làm Đẹp - Sức Khỏe"},{"name":"Bao cao su Durex Invisible Extra Thin Extra Sensitive 1 Hộp 10 Bao","discount":58000,"discount_rate":23,"rating_average":4.8,"review_count":13,"price":189000,"list_price":247000,"category":"Làm Đẹp - Sức Khỏe"},{"name":"Cốc Hỗ Trợ Nam Giới","discount":185000,"discount_rate":74,"rating_average":4.5,"review_count":1941,"price":65000,"list_price":250000,"category":"Làm Đẹp - Sức Khỏe"},{"name":"Ghế massage mini SYNCA CirC - MR320","discount":0,"discount_rate":0,"rating_average":0,"review_count":0,"price":30000000,"list_price":30000000,"category":"Làm Đẹp - Sức Khỏe"},{"name":"Combo Dầu Gội (640g) Và Dầu Xả (620g) Tresemmé Keratin Smooth Tinh Dầu Argan Và Keratin Vào Nếp Suôn Mượt","discount":56000,"discount_rate":15,"rating_average":4.7,"review_count":703,"price":314000,"list_price":370000,"category":"Làm Đẹp - Sức Khỏe"},{"name":"Nước Tẩy Trang L'Oreal 3 In 1 Micellar Làm Sạch Sâu (400ml)","discount":53000,"discount_rate":27,"rating_average":4.8,"review_count":21,"price":146000,"list_price":199000,"category":"Làm Đẹp - Sức Khỏe"},{"name":"Kem Chống Nắng Dành Cho Da Bóng Dầu, Dễ Nổi Mụn La Roche-Posay Anthelios Anti-Imperfection 50ml","discount":47000,"discount_rate":9,"rating_average":4.6,"review_count":23,"price":448000,"list_price":495000,"category":"Làm Đẹp - Sức Khỏe"},{"name":"Kem Dưỡng Neutrogena HB Water Gel 15g","discount":110000,"discount_rate":56,"rating_average":4.7,"review_count":71,"price":85000,"list_price":195000,"category":"Làm Đẹp - Sức Khỏe"},{"name":"Mặt Nạ Kiểm Soát Dầu Và Mụn Naruko Tràm Trà Bản Đài - Tea Tree Shine Control And Blemish Clear Mask (8 Miếng / Hộp)","discount":103000,"discount_rate":34,"rating_average":4.8,"review_count":1553,"price":196000,"list_price":299000,"category":"Làm Đẹp - Sức Khỏe"},{"name":"Combo 2 Xịt toàn thân Romano Classic cổ điển lịch lãm 150ml","discount":43000,"discount_rate":22,"rating_average":4.7,"review_count":126,"price":152000,"list_price":195000,"category":"Làm Đẹp - Sức Khỏe"},{"name":"Kem Dưỡng Làm Dịu Kích Ứng Và Phục Hồi Da La Roche-Posay Cicaplast Baume B5 (40ml)","discount":122000,"discount_rate":35,"rating_average":4.7,"review_count":323,"price":228000,"list_price":350000,"category":"Làm Đẹp - Sức Khỏe"},{"name":"Combo Sữa Tắm + Sữa Dưỡng Thể Love Beauty And Planet Làm Sáng Da (400ml/Chai)","discount":76000,"discount_rate":23,"rating_average":4.8,"review_count":128,"price":249000,"list_price":325000,"category":"Làm Đẹp - Sức Khỏe"},{"name":"Dung Dịch Tẩy Tế Bào Chết Paula's Choice Skin Perfecting 2% BHA Liquid (30ml)","discount":89000,"discount_rate":26,"rating_average":4.8,"review_count":362,"price":250000,"list_price":339000,"category":"Làm Đẹp - Sức Khỏe"},{"name":"Combo Sữa Tắm L'amont En Provence Cherry Blossom Shower Gel Hương Hoa Anh Đào + Hoa Hồng (500ml / Chai)","discount":179000,"discount_rate":60,"rating_average":4.6,"review_count":2662,"price":119000,"list_price":298000,"category":"Làm Đẹp - Sức Khỏe"},{"name":"Son Kem Lì Black Rouge Air Fit Velvet Tint – Hàn Quốc","discount":111000,"discount_rate":44,"rating_average":4.7,"review_count":1258,"price":139000,"list_price":250000,"category":"Làm Đẹp - Sức Khỏe"},{"name":"ISHOW Combo Phấn Nước Cushion Kiềm Dầu Chống Nắng Cao Cấp SPF 50+/PA +++ ( Kèm 2 son môi Lipstick ) Lớp nền tự nhiên căng bóng che phủ hoàn hảo","discount":1100000,"discount_rate":56,"rating_average":0,"review_count":0,"price":880000,"list_price":1980000,"category":"Làm Đẹp - Sức Khỏe"},{"name":"Bộ Đôi Nước Súc Miệng Hương Bạc Hà Listerine Cool Mint (750ml/ Chai) - 8850007800071","discount":105500,"discount_rate":42,"rating_average":4.8,"review_count":1122,"price":147000,"list_price":252500,"category":"Làm Đẹp - Sức Khỏe"},{"name":"Vaseline 50x Serum Chống Nắng Cơ Thể SPF50 + Dưỡng Da Sáng Khoẻ 200ml","discount":23000,"discount_rate":18,"rating_average":4.7,"review_count":302,"price":107000,"list_price":130000,"category":"Làm Đẹp - Sức Khỏe"},{"name":"Bao cao su Durex Performa 12 bao","discount":58000,"discount_rate":23,"rating_average":4.8,"review_count":191,"price":197000,"list_price":255000,"category":"Làm Đẹp - Sức Khỏe"},{"name":"Scurma Fizzy - Khỏe Nhanh Dạ Dày","discount":0,"discount_rate":0,"rating_average":0,"review_count":0,"price":295000,"list_price":295000,"category":"Làm Đẹp - Sức Khỏe"},{"name":"Gel Mụn Liền Sẹo Gamma Chemecals Derma Forte 15g","discount":55000,"discount_rate":35,"rating_average":4.7,"review_count":1089,"price":102000,"list_price":157000,"category":"Làm Đẹp - Sức Khỏe"},{"name":"Combo Kem Dưỡng Giảm Mụn, Ngừa Vết Thâm, Se Nhỏ Lỗ Chân Lông La Roche-Posay Effaclar Duo+ M694050 (40ml) + Gel Rửa Mặt Dành Cho Da Dầu Nhạy Cảm La Roche-Posay Effaclar Purifying Foaming Gel 100771312 (50ml)","discount":96000,"discount_rate":21,"rating_average":4.7,"review_count":2132,"price":359000,"list_price":455000,"category":"Làm Đẹp - Sức Khỏe"},{"name":"Kem chống nắng dưỡng da dạng sữa bảo vệ hoàn hảo Anessa Perfect UV Sunscreen Skincare Milk SPF 50+ PA++++ 60ml","discount":201000,"discount_rate":29,"rating_average":4.7,"review_count":574,"price":484000,"list_price":685000,"category":"Làm Đẹp - Sức Khỏe"},{"name":"Dầu gan cá ( sụn vi cá mập)","discount":0,"discount_rate":0,"rating_average":4,"review_count":1,"price":699000,"list_price":699000,"category":"Làm Đẹp - Sức Khỏe"},{"name":"Sữa Chống Nắng Dưỡng Da Trắng Mịn Tối Ưu Sunplay Skin Aqua Clear White SPF50+, PA++++ (55g)","discount":37000,"discount_rate":19,"rating_average":4.8,"review_count":142,"price":155000,"list_price":192000,"category":"Làm Đẹp - Sức Khỏe"},{"name":"Sữa chống nắng dịu nhẹ cho da nhạy cảm và trẻ em Anessa SPF 50+ PA++++ 60ml","discount":191000,"discount_rate":28,"rating_average":5,"review_count":184,"price":494000,"list_price":685000,"category":"Làm Đẹp - Sức Khỏe"},{"name":"Xà Phòng Cải Thiện Thâm Mông Pelican Hip Care Soap nội địa Nhật","discount":132000,"discount_rate":53,"rating_average":4.7,"review_count":246,"price":118000,"list_price":250000,"category":"Làm Đẹp - Sức Khỏe"},{"name":"Bộ dầu gội thảo dược gừng dừa Cocayhoala hỗ trợ trị gàu, giảm nấm ngứa, dung tích 440g/chai- 95% thành phần từ gừng tươi hữu cơ còn nguyên xơ gừng, hỗ trợ trị rụng tóc, kích thích mọc tóc vượt trội","discount":159000,"discount_rate":27,"rating_average":4.8,"review_count":82,"price":441000,"list_price":600000,"category":"Làm Đẹp - Sức Khỏe"},{"name":"Nước hoa hồng chống viêm không mùi Klairs Supple Preparation Unscented Toner","discount":165000,"discount_rate":43,"rating_average":5,"review_count":165,"price":220000,"list_price":385000,"category":"Làm Đẹp - Sức Khỏe"},{"name":"Nước Tẩy Trang Làm Sạch Sâu Cho Da Nhạy Cảm La Roche-Posay Micellar Water Ultra Sensitive Skin 400ml","discount":86000,"discount_rate":19,"rating_average":4.7,"review_count":599,"price":359000,"list_price":445000,"category":"Làm Đẹp - Sức Khỏe"},{"name":"Combo 2 Xịt khử mùi Enchanteur Charming/ Sensation/ Delightful/Romantic/Magic 150ml/Chai","discount":52000,"discount_rate":27,"rating_average":4.7,"review_count":101,"price":142000,"list_price":194000,"category":"Làm Đẹp - Sức Khỏe"},{"name":"Nước Rửa Tay Diệt Khuẩn Lifebuoy Bảo Vệ Vượt Trội Túi 21126130 (450g)","discount":6000,"discount_rate":11,"rating_average":4.8,"review_count":766,"price":47000,"list_price":53000,"category":"Làm Đẹp - Sức Khỏe"},{"name":"Combo 2 Lăn khử mùi nước hoa Enchanteur Charming 50ml/ Chai","discount":43000,"discount_rate":28,"rating_average":4.7,"review_count":175,"price":113000,"list_price":156000,"category":"Làm Đẹp - Sức Khỏe"},{"name":"Combo 2 Dầu gội nước hoa Enchanteur Sensation/Charming dưỡng tóc siêu mượt 650gr/Chai","discount":115000,"discount_rate":34,"rating_average":4.8,"review_count":90,"price":219000,"list_price":334000,"category":"Làm Đẹp - Sức Khỏe"},{"name":"Sữa rửa mặt làm sạch từ trà xanh đảo Jeju Innisfree Green Tea Foam Cleanser 150ml - NEW","discount":0,"discount_rate":0,"rating_average":4.8,"review_count":70,"price":220000,"list_price":220000,"category":"Làm Đẹp - Sức Khỏe"},{"name":"Vớ y khoa đùi Hỗ Trợ Điều Trị suy giãn tĩnh mạch chân JOBST Relief chuẩn áp lực 20-30mmHg - Da (tất y khoa)","discount":170000,"discount_rate":14,"rating_average":4.8,"review_count":30,"price":1030000,"list_price":1200000,"category":"Làm Đẹp - Sức Khỏe"},{"name":"Kem Chống Nắng Dạng Sữa Senka Perfect UV Milk SPF 50+, PA++++ 41095 (40ml)","discount":41000,"discount_rate":26,"rating_average":4.6,"review_count":357,"price":119000,"list_price":160000,"category":"Làm Đẹp - Sức Khỏe"},{"name":"Mặt Nạ Ngủ Cho Môi Phiên Bản Miniature Laneige Lip Sleeping Mask Berry (8g) – 270281585","discount":0,"discount_rate":0,"rating_average":4.7,"review_count":1510,"price":210000,"list_price":210000,"category":"Làm Đẹp - Sức Khỏe"},{"name":"Bộ sản phẩm Senka làm sạch và chống nắng dành cho da mụn (Senka A.L.L.Clear Water Fresh 230ml + SRM Acne Care 100g + Senka Perfect UV Essence 50g)","discount":165000,"discount_rate":44,"rating_average":4.8,"review_count":466,"price":209000,"list_price":374000,"category":"Làm Đẹp - Sức Khỏe"},{"name":"Dầu Gội Sạch Gàu Antisol pH6.5 Chiết Xuất Dược Liệu Ngăn Ngừa Gàu, Rụng Tóc, Ngứa Da Đầu Tái Phát - Chai 240ml - Thương Hiệu iCare Pharma","discount":37000,"discount_rate":12,"rating_average":4.6,"review_count":17,"price":283000,"list_price":320000,"category":"Làm Đẹp - Sức Khỏe"},{"name":"Trứng Rung Tình Yêu 2 Đầu","discount":36000,"discount_rate":51,"rating_average":4.6,"review_count":207,"price":35000,"list_price":71000,"category":"Làm Đẹp - Sức Khỏe"},{"name":"Combo 2 Lăn khử mùi Romano kháng khuẩn & khô thoáng cả ngày 50mlx2 Attitude","discount":26000,"discount_rate":21,"rating_average":4.8,"review_count":74,"price":99000,"list_price":125000,"category":"Làm Đẹp - Sức Khỏe"},{"name":"Kem chống nắng dạng tinh chất Senka Perfect UV Essence 50g","discount":41000,"discount_rate":26,"rating_average":4.6,"review_count":451,"price":119000,"list_price":160000,"category":"Làm Đẹp - Sức Khỏe"},{"name":"Máy tăm nước cầm tay Panasonic công nghệ siêu âm EW1611 - Hàng Chính Hãng","discount":1000000,"discount_rate":24,"rating_average":4.6,"review_count":17,"price":3200000,"list_price":4200000,"category":"Làm Đẹp - Sức Khỏe"},{"name":"Sữa rửa mặt hỗ trợ trị mụn Senka Perfect Whip Acne Care 100g","discount":30000,"discount_rate":29,"rating_average":4.7,"review_count":1153,"price":75000,"list_price":105000,"category":"Làm Đẹp - Sức Khỏe"},{"name":"Nước Tẩy Trang Làm Sạch Sâu & Kiểm Soát Bã Nhờn Cho Da Dầu Nhạy Cảm La Roche-Posay Micellar Water Ultra Oily Skin 400ml","discount":86000,"discount_rate":19,"rating_average":4.7,"review_count":239,"price":359000,"list_price":445000,"category":"Làm Đẹp - Sức Khỏe"},{"name":"Set 3 Cây Son Kem Lì Herorange Fluffy Lip Glaze","discount":176000,"discount_rate":72,"rating_average":4.6,"review_count":334,"price":69000,"list_price":245000,"category":"Làm Đẹp - Sức Khỏe"},{"name":"Gel vệ sinh phụ nữ X2 Nano Nghệ Cocayhoala Giảm Mùi Hôi - Giảm Ngứa - Giảm Khí Hư 150ml","discount":102000,"discount_rate":34,"rating_average":4.7,"review_count":123,"price":198000,"list_price":300000,"category":"Làm Đẹp - Sức Khỏe"},{"name":"Combo 2 Lăn khử mùi trắng da Enchanteur Charming 50ml/ Chai","discount":47000,"discount_rate":28,"rating_average":4.8,"review_count":130,"price":119000,"list_price":166000,"category":"Làm Đẹp - Sức Khỏe"},{"name":"Sữa Rửa Mặt Cetaphil Gentle Skin Cleanser (125ml)","discount":66100,"discount_rate":36,"rating_average":4.6,"review_count":870,"price":118900,"list_price":185000,"category":"Làm Đẹp - Sức Khỏe"}]