[{"name":"Vớ y khoa gối JOBST Relief - Cơ bản điều hỗ trợ trị giãn tĩnh mạch chân ","discount":20000,"discount_rate":3,"rating_average":0,"review_count":0,"price":680000,"list_price":700000,"category":"Làm Đẹp - Sức Khỏe"},{"name":"Hộp Khẩu Trang 3D Mask Unicharm Nhật Bản Ngăn Ngừa Khói Bụi Chống Ô Nhiễm (100 miếng)","discount":3000,"discount_rate":1,"rating_average":4.8,"review_count":270,"price":272000,"list_price":275000,"category":"Làm Đẹp - Sức Khỏe"},{"name":"Bộ sản phẩm giảm dầu, giảm mụn ngừa thâm hiệu quả sau 12h La Roche-Posay Effaclar Duo+","discount":96000,"discount_rate":21,"rating_average":4.7,"review_count":338,"price":359000,"list_price":455000,"category":"Làm Đẹp - Sức Khỏe"},{"name":"Máy rửa mặt Foreo LUNA MINI 3 - Loại bỏ bụi bẩn và cặn trang điểm chỉ trong 30s","discount":1030000,"discount_rate":29,"rating_average":4.8,"review_count":335,"price":2470000,"list_price":3500000,"category":"Làm Đẹp - Sức Khỏe"},{"name":"Dầu Gội Pantene Ngăn Rụng Tóc (900ML)","discount":35000,"discount_rate":20,"rating_average":4.5,"review_count":19,"price":142000,"list_price":177000,"category":"Làm Đẹp - Sức Khỏe"},{"name":"Nước Cân Bằng Làm Sạch Dầu Nhờn Và Ngăn Ngừa Mụn Mamonde Pore Clean Toner (250ml) 110651163","discount":54000,"discount_rate":15,"rating_average":4.5,"review_count":264,"price":306000,"list_price":360000,"category":"Làm Đẹp - Sức Khỏe"},{"name":"Sữa Rửa Mặt Dịu Nhẹ Cetaphil Gentle Skin Cleanser 500ml","discount":2000,"discount_rate":1,"rating_average":5,"review_count":58,"price":288000,"list_price":290000,"category":"Làm Đẹp - Sức Khỏe"},{"name":"Bao cao su Durex Invisible Extra Thin Extra Lubricated 1 Hộp 10 Bao","discount":58000,"discount_rate":23,"rating_average":5,"review_count":6,"price":189000,"list_price":247000,"category":"Làm Đẹp - Sức Khỏe"},{"name":"Combo 3 Kem Đánh Răng P/S: Bảo Vệ 123 Nha Đam - Mẫu Đơn (180g) + Than Hoạt Tính & Tre (180g) + 123 Trà Xanh (190g)","discount":9000,"discount_rate":9,"rating_average":4.7,"review_count":398,"price":87000,"list_price":96000,"category":"Làm Đẹp - Sức Khỏe"},{"name":"BÔNG TẨY TRANG 100% COTTON 3 LỚP MONKIDS 100 MIẾNG","discount":61000,"discount_rate":61,"rating_average":5,"review_count":800,"price":39000,"list_price":100000,"category":"Làm Đẹp - Sức Khỏe"},{"name":"Kem Dưỡng Ẩm Tối Ưu Hada Labo Advanced Nourish Hyaluron Cream (50g)","discount":40000,"discount_rate":22,"rating_average":4.7,"review_count":203,"price":145000,"list_price":185000,"category":"Làm Đẹp - Sức Khỏe"},{"name":"Kem chống nắng dạng sữa lỏng nhẹ không nhờn rít La Roche-Posay Anthelios Shaka Fluid SPF 50+ 50ml","discount":50000,"discount_rate":11,"rating_average":4.6,"review_count":14,"price":425000,"list_price":475000,"category":"Làm Đẹp - Sức Khỏe"},{"name":"Lăn Khử Mùi Scion - Nuskin","discount":110020,"discount_rate":56,"rating_average":4.5,"review_count":537,"price":87980,"list_price":198000,"category":"Làm Đẹp - Sức Khỏe"},{"name":"Gel Dưỡng Thể Dịu Mát Trắng Da Vaseline Fresh & Fair 350ml","discount":29000,"discount_rate":21,"rating_average":4.7,"review_count":535,"price":112000,"list_price":141000,"category":"Làm Đẹp - Sức Khỏe"},{"name":"Son Bút Chì 3 Trong 1 Cho Bờ Môi Mềm Mượt Mamonde Creamy Tint Color Balm Intense (2.5g)","discount":71000,"discount_rate":32,"rating_average":4.5,"review_count":219,"price":149000,"list_price":220000,"category":"Làm Đẹp - Sức Khỏe"},{"name":"Combo 10 Mặt Nạ Giấy Dưỡng Da Foodaholic Essential Mask 23g x10","discount":181000,"discount_rate":72,"rating_average":4.8,"review_count":206,"price":69000,"list_price":250000,"category":"Làm Đẹp - Sức Khỏe"},{"name":"Sữa Dưỡng Thể Vaseline Perfect 10 Trong 1 32015363 (350ml)","discount":29000,"discount_rate":21,"rating_average":4.6,"review_count":542,"price":112000,"list_price":141000,"category":"Làm Đẹp - Sức Khỏe"},{"name":"Kem chống nắng dạng gel bảo vệ hoàn hảo Anessa Perfect UV Sunscreen Skincare Gel 90g","discount":166000,"discount_rate":30,"rating_average":4.6,"review_count":239,"price":384000,"list_price":550000,"category":"Làm Đẹp - Sức Khỏe"},{"name":"Gel bôi trơn Durex Play Strawberry 100ml","discount":35000,"discount_rate":18,"rating_average":0,"review_count":0,"price":159000,"list_price":194000,"category":"Làm Đẹp - Sức Khỏe"},{"name":"Sữa chống nắng nâng tông dành cho da dầu/hỗn hợp Sunplay Skin Aqua Tone Up UV Milk Lavender SPF50+ PA++++ (50g)","discount":31000,"discount_rate":18,"rating_average":4.8,"review_count":89,"price":144000,"list_price":175000,"category":"Làm Đẹp - Sức Khỏe"},{"name":"Bao cao su Durex Invisible Extra Thin Extra Sensitive 1 Hộp 3 Bao","discount":18000,"discount_rate":20,"rating_average":5,"review_count":5,"price":71000,"list_price":89000,"category":"Làm Đẹp - Sức Khỏe"},{"name":"Combo 2 Nước Súc Miệng Hương Bạc Hà Listerine Cool Mint (750ml/Chai)","discount":123000,"discount_rate":45,"rating_average":4.8,"review_count":552,"price":149000,"list_price":272000,"category":"Làm Đẹp - Sức Khỏe"},{"name":"Gel rửa mặt tạo bọt làm sạch & giảm nhờn cho da dầu nhạy cảm La Roche-Posay Effaclar Purifying Foaming Gel (50ml)","discount":26500,"discount_rate":14,"rating_average":4.8,"review_count":46,"price":168500,"list_price":195000,"category":"Làm Đẹp - Sức Khỏe"},{"name":"Sữa Tắm Lifebuoy Chăm Sóc Da (1.1Kg)","discount":25500,"discount_rate":15,"rating_average":4.5,"review_count":283,"price":141000,"list_price":166500,"category":"Làm Đẹp - Sức Khỏe"},{"name":"Bao Cao Su Sagami Xtreme Super Thin (10 Cái / Hộp)","discount":94500,"discount_rate":63,"rating_average":4.8,"review_count":112,"price":55500,"list_price":150000,"category":"Làm Đẹp - Sức Khỏe"},{"name":"Nước tẩy trang dành cho da nhạy cảm La Roche Posay 50ml","discount":500,"discount_rate":0,"rating_average":4.6,"review_count":5,"price":109500,"list_price":110000,"category":"Làm Đẹp - Sức Khỏe"},{"name":"Dung Dịch Làm Sạch Và Tẩy Trang Công Nghệ Micella Bioderma Sensibio H2O - 500ml","discount":50000,"discount_rate":10,"rating_average":4.8,"review_count":273,"price":445000,"list_price":495000,"category":"Làm Đẹp - Sức Khỏe"},{"name":"Kem chống nắng dưỡng trắng dạng gel Anessa Whitening UV Sunscreen Gel 90g","discount":161000,"discount_rate":29,"rating_average":4.7,"review_count":259,"price":389000,"list_price":550000,"category":"Làm Đẹp - Sức Khỏe"},{"name":"Cốc Luyện Tập Cho Nam TRAIL II công nghệ Nhật Bản","discount":475000,"discount_rate":68,"rating_average":4.5,"review_count":241,"price":225000,"list_price":700000,"category":"Làm Đẹp - Sức Khỏe"},{"name":"Dầu gội đầu Head&Shoulders Clinical Strength Shampoo","discount":61000,"discount_rate":15,"rating_average":4.8,"review_count":93,"price":339000,"list_price":400000,"category":"Làm Đẹp - Sức Khỏe"},{"name":"Bộ vòng đeo cho nam","discount":116000,"discount_rate":83,"rating_average":4,"review_count":300,"price":24000,"list_price":140000,"category":"Làm Đẹp - Sức Khỏe"},{"name":"Gel bôi trơn Durex Play Warming 100ml","discount":34200,"discount_rate":18,"rating_average":4.5,"review_count":28,"price":159800,"list_price":194000,"category":"Làm Đẹp - Sức Khỏe"},{"name":"Máy Rửa Mặt Và Mát Xa Da Mặt Halio Facial Cleansing & Massaging Device","discount":270000,"discount_rate":33,"rating_average":4.5,"review_count":1472,"price":540000,"list_price":810000,"category":"Làm Đẹp - Sức Khỏe"},{"name":"Nước tẩy trang sạch thoáng Senka A.L.L.Clear Water Fresh 230ml","discount":30000,"discount_rate":28,"rating_average":4.6,"review_count":664,"price":79000,"list_price":109000,"category":"Làm Đẹp - Sức Khỏe"},{"name":"Sữa Rửa Mặt Nam Ngăn Ngừa Mụn Sạch Nhờn Trắng Da Hàn Quốc Cao Cấp Dabo Black Force (120ml) – Hàng Chính Hãng","discount":90000,"discount_rate":48,"rating_average":4.7,"review_count":398,"price":96000,"list_price":186000,"category":"Làm Đẹp - Sức Khỏe"},{"name":"Khăn Ướt Cực Đã Choice L (CL) (120 Miếng)","discount":3000,"discount_rate":12,"rating_average":4.8,"review_count":296,"price":22000,"list_price":25000,"category":"Làm Đẹp - Sức Khỏe"},{"name":"Máy Rung Vùng Kín Đa Chức Năng - 7 Kiểu Thụt - Đa Chế Độ Rung - Chất Liệu Silicone Mềm Mại","discount":1021000,"discount_rate":79,"rating_average":4.7,"review_count":13,"price":279000,"list_price":1300000,"category":"Làm Đẹp - Sức Khỏe"},{"name":"[[ Xuất Khẩu Mỹ ]] - COMBO 5 HỘP - Khẩu Trang Y Tế Cao Cấp FAMAPRO - 4 Lớp Kháng Khuẩn / 99% Lọc Khuẩn, Bụi, Virus Tốt Nhất / Người Lớn - [ CB5 - MAX - HỘP ]","discount":140000,"discount_rate":47,"rating_average":4.8,"review_count":121,"price":160000,"list_price":300000,"category":"Làm Đẹp - Sức Khỏe"},{"name":"Bộ sản phẩm giảm mụn ngừa thâm siêu hiệu quả trong 12h La Roche-Posay","discount":16000,"discount_rate":10,"rating_average":4.7,"review_count":652,"price":139000,"list_price":155000,"category":"Làm Đẹp - Sức Khỏe"},{"name":"Dầu Gội Chống Gàu Selsun (100ml)","discount":11000,"discount_rate":12,"rating_average":4.8,"review_count":219,"price":84000,"list_price":95000,"category":"Làm Đẹp - Sức Khỏe"},{"name":"Combo 10 Mặt nạ dưỡng ẩm trắng da giúp kiềm dầu và mụn Hàn Quốc Lagivado Hydra Calming Facial Mask 23g/miếng","discount":161000,"discount_rate":46,"rating_average":4.7,"review_count":411,"price":189000,"list_price":350000,"category":"Làm Đẹp - Sức Khỏe"},{"name":"Combo Dầu Gội và Sữa tắm nước hoa Enchanteur Charming 650g/Chai","discount":125000,"discount_rate":34,"rating_average":4.7,"review_count":159,"price":238000,"list_price":363000,"category":"Làm Đẹp - Sức Khỏe"},{"name":"Xịt Nano Tan Mỡ J.PLUS","discount":54000,"discount_rate":19,"rating_average":5,"review_count":3,"price":235000,"list_price":289000,"category":"Làm Đẹp - Sức Khỏe"},{"name":"Bao cao su Durex Kingtex 3 bao","discount":10000,"discount_rate":20,"rating_average":5,"review_count":4,"price":39000,"list_price":49000,"category":"Làm Đẹp - Sức Khỏe"},{"name":"Dung Dịch Loại Bỏ Tế Bào Chết 2% BHA Paula's Choice Skin Perfecting 2% BHA Liquid Exfoliant (118ml)","discount":302000,"discount_rate":33,"rating_average":4.6,"review_count":19,"price":608000,"list_price":910000,"category":"Làm Đẹp - Sức Khỏe"},{"name":"Dầu Gội Và Xả Hoa Bưởi Thorakao 400ml","discount":34000,"discount_rate":38,"rating_average":4.6,"review_count":349,"price":55000,"list_price":89000,"category":"Làm Đẹp - Sức Khỏe"},{"name":"Nước Tẩy Trang Vitamin Và Hoa Hồng Sáng Da  Pond's Micellar Water","discount":12000,"discount_rate":12,"rating_average":4.6,"review_count":291,"price":87000,"list_price":99000,"category":"Làm Đẹp - Sức Khỏe"},{"name":"Combo Dove Phục Hồi Hư Tổn Dầu Gội 640g + Kem Xả 610g","discount":44000,"discount_rate":16,"rating_average":4.7,"review_count":252,"price":226000,"list_price":270000,"category":"Làm Đẹp - Sức Khỏe"},{"name":"Bộ sản phẩm dưỡng trắng da tối ưu Hada Labo Perfect White (Kem rửa mặt 80g + Dung dịch dưỡng 100ml + Kem dưỡng 50g)","discount":138000,"discount_rate":29,"rating_average":4.5,"review_count":194,"price":339000,"list_price":477000,"category":"Làm Đẹp - Sức Khỏe"}]