[{"name":"Kem chống nắng Hàn Quốc Lagivado dành cho cả da dầu mụn, nhạy cảm Multi-Protection Sun Screen SPF50+ PA++++ - 30g","discount":0,"discount_rate":0,"rating_average":4.6,"review_count":37,"price":250000,"list_price":250000,"category":"Làm Đẹp - Sức Khỏe"},{"name":"Sữa Tắm Lifebuoy Bảo Vệ Vượt Trội 10 (1.1Kg)","discount":25500,"discount_rate":15,"rating_average":4.5,"review_count":276,"price":141000,"list_price":166500,"category":"Làm Đẹp - Sức Khỏe"},{"name":"Bao cao su Durex Kingtex 12 bao","discount":27000,"discount_rate":21,"rating_average":4.8,"review_count":11,"price":102000,"list_price":129000,"category":"Làm Đẹp - Sức Khỏe"},{"name":"Bông Tẩy Trang Ipek 130 Miếng (Thổ Nhĩ Kì)","discount":9100,"discount_rate":23,"rating_average":4.7,"review_count":578,"price":30900,"list_price":40000,"category":"Làm Đẹp - Sức Khỏe"},{"name":"Dầu xả OGX Renewing Argan oil of Morocco 385ml -101063812","discount":64000,"discount_rate":22,"rating_average":4.7,"review_count":11,"price":231000,"list_price":295000,"category":"Làm Đẹp - Sức Khỏe"},{"name":"Tinh chất ngừa mụn thâm The Ordinary Niacinamide 10% + Zinc 1%","discount":0,"discount_rate":0,"rating_average":4.8,"review_count":77,"price":279000,"list_price":279000,"category":"Làm Đẹp - Sức Khỏe"},{"name":"Kem Dưỡng Cấp Nước Cho Da Hỗn Hợp Neutrogena Hydro Boost Water Gel 50ml","discount":107000,"discount_rate":28,"rating_average":5,"review_count":90,"price":278000,"list_price":385000,"category":"Làm Đẹp - Sức Khỏe"},{"name":"Máy Sấy Tóc Philips HP8108","discount":74500,"discount_rate":30,"rating_average":4.7,"review_count":282,"price":175500,"list_price":250000,"category":"Làm Đẹp - Sức Khỏe"},{"name":"Gel Rửa Tay Khô Sạch Siêu Nhanh Lifebuoy Bảo Vệ Vượt Trội 10 (Chai Nắp 235ml)","discount":6000,"discount_rate":8,"rating_average":4.7,"review_count":224,"price":67000,"list_price":73000,"category":"Làm Đẹp - Sức Khỏe"},{"name":"Nước tẩy trang SENKA A.L.L. CLEAR WATER Micellar Formula White 230ml","discount":27000,"discount_rate":27,"rating_average":4.7,"review_count":687,"price":72000,"list_price":99000,"category":"Làm Đẹp - Sức Khỏe"},{"name":"Combo Dầu gội và Sữa tắm Romano Classic cổ điển lịch lãm 650gr/chai","discount":67000,"discount_rate":20,"rating_average":4.7,"review_count":154,"price":268000,"list_price":335000,"category":"Làm Đẹp - Sức Khỏe"},{"name":"Khẩu Trang Y Tế TDCare 4 Lớp-Màu Trắng-Hộp 50 Cái","discount":124000,"discount_rate":78,"rating_average":4.7,"review_count":848,"price":36000,"list_price":160000,"category":"Làm Đẹp - Sức Khỏe"},{"name":"Tinh chất truyền năng lượng Shiseido Ultimune Power Infusing Concentrate N 50ml","discount":0,"discount_rate":0,"rating_average":0,"review_count":0,"price":2750000,"list_price":2750000,"category":"Làm Đẹp - Sức Khỏe"},{"name":"Tinh chất chống nắng nâng tông dành cho da khô/thường Sunplay Skin Aqua Tone Up UV Essence Lavender SPF50+ PA++++ (50g)","discount":26000,"discount_rate":15,"rating_average":4.7,"review_count":485,"price":149000,"list_price":175000,"category":"Làm Đẹp - Sức Khỏe"},{"name":"Gel bôi trơn Durex Play Classic 50ml","discount":17000,"discount_rate":18,"rating_average":4.8,"review_count":19,"price":75000,"list_price":92000,"category":"Làm Đẹp - Sức Khỏe"},{"name":"Bộ Đôi Dầu Gội Và Dầu Xả (385ml) Biotin & Collagen OGX Shampoo và Conditioner","discount":161000,"discount_rate":27,"rating_average":4.3,"review_count":139,"price":439000,"list_price":600000,"category":"Làm Đẹp - Sức Khỏe"},{"name":"Đai lưng bụng ngải cứu - Đai chườm nóng bằng điện, ruột bằng ngải cứu khô và 12 loại thảo dược khác. Đai ngải cứu dùng được cho toàn bộ cơ thể, hỗ trợ giảm đau do thoát vị đĩa đệm, do làm việc quá sức","discount":50000,"discount_rate":8,"rating_average":5,"review_count":1,"price":600000,"list_price":650000,"category":"Làm Đẹp - Sức Khỏe"},{"name":"Máy sấy tóc, máy sấy tóc công suất 2000W, máy sấy tóc 2 chiều, tặng kèm 5 phụ kiện sấy tóc tạo kiểu chuyên dụng","discount":445000,"discount_rate":81,"rating_average":4.5,"review_count":88,"price":105000,"list_price":550000,"category":"Làm Đẹp - Sức Khỏe"},{"name":"Nước Rửa Tay Diệt Khuẩn Lifebuoy Bảo Vệ Vượt Trội Túi 21126130 (450g)","discount":8000,"discount_rate":15,"rating_average":5,"review_count":62,"price":45000,"list_price":53000,"category":"Làm Đẹp - Sức Khỏe"},{"name":"Kem dưỡng ẩm dành cho da dầu và da hỗn hợp Laneige Water Bank Hydro Cream Ex 50ml","discount":124000,"discount_rate":15,"rating_average":4.8,"review_count":225,"price":726000,"list_price":850000,"category":"Làm Đẹp - Sức Khỏe"},{"name":"Kem Dưỡng Neutrogena HB Water Gel 15g","discount":110000,"discount_rate":56,"rating_average":4.7,"review_count":71,"price":85000,"list_price":195000,"category":"Làm Đẹp - Sức Khỏe"},{"name":"Lưỡi Lược Thép Lược Bướm Tập Quay","discount":40500,"discount_rate":42,"rating_average":4.6,"review_count":99,"price":55500,"list_price":96000,"category":"Làm Đẹp - Sức Khỏe"},{"name":"Cân Sức Khỏe Xiaomi Thông Minh Mi Smart Scale 2","discount":100000,"discount_rate":25,"rating_average":4.7,"review_count":353,"price":299000,"list_price":399000,"category":"Làm Đẹp - Sức Khỏe"},{"name":"Hộp 60 Miếng Mặt Nạ giảm Quầng Thâm Và Bọng Mắt BIOAQUA","discount":56000,"discount_rate":49,"rating_average":4.6,"review_count":214,"price":59000,"list_price":115000,"category":"Làm Đẹp - Sức Khỏe"},{"name":"Vớ y khoa đùi Hỗ Trợ Điều Trị suy giãn tĩnh mạch chân JOBST Relief chuẩn áp lực 20-30mmHg - Da (tất y khoa)","discount":170000,"discount_rate":14,"rating_average":4.8,"review_count":30,"price":1030000,"list_price":1200000,"category":"Làm Đẹp - Sức Khỏe"},{"name":"Dung dịch vệ sinh nam Tê Tê Men 120ml hiện đại, thư giãn và tăng hưng phấn","discount":66000,"discount_rate":49,"rating_average":4.7,"review_count":123,"price":69000,"list_price":135000,"category":"Làm Đẹp - Sức Khỏe"},{"name":"Lăn Khử Mùi Perspirex Antiperspirant Roll-On (20ml)","discount":121000,"discount_rate":40,"rating_average":4.7,"review_count":189,"price":179000,"list_price":300000,"category":"Làm Đẹp - Sức Khỏe"},{"name":"[MẪU 2020] Lăn khử mùi hỗ trợ đặc trị Etiaxil Detranspirant Traitement Aisselles 15ml","discount":63000,"discount_rate":24,"rating_average":4.8,"review_count":197,"price":197000,"list_price":260000,"category":"Làm Đẹp - Sức Khỏe"},{"name":"Ghế massage mini SYNCA CirC - MR320","discount":0,"discount_rate":0,"rating_average":0,"review_count":0,"price":30000000,"list_price":30000000,"category":"Làm Đẹp - Sức Khỏe"},{"name":"Dầu Gội Ogx Biotin & Collagen Shampoo 385ml","discount":69000,"discount_rate":23,"rating_average":4.7,"review_count":82,"price":231000,"list_price":300000,"category":"Làm Đẹp - Sức Khỏe"},{"name":"Gel bôi trơn Durex K-Y Jelly 50g - KY Jelly","discount":18000,"discount_rate":20,"rating_average":5,"review_count":7,"price":71000,"list_price":89000,"category":"Làm Đẹp - Sức Khỏe"},{"name":"Combo 6 hộp bông tẩy trang Silcot (82 miếng/hộp)","discount":38000,"discount_rate":17,"rating_average":4.5,"review_count":183,"price":184000,"list_price":222000,"category":"Làm Đẹp - Sức Khỏe"},{"name":"Máy đo đường huyết Contour TS - mg/dL (Gồm 1 máy đo+ 05 kim lấy máu+ 01 Bút lấy máu)","discount":990000,"discount_rate":52,"rating_average":4.5,"review_count":2,"price":900000,"list_price":1890000,"category":"Làm Đẹp - Sức Khỏe"},{"name":"Kem Dưỡng Trắng Da Tối Ưu Hada Labo Perfect White Cream 50g","discount":47000,"discount_rate":21,"rating_average":4.5,"review_count":169,"price":173000,"list_price":220000,"category":"Làm Đẹp - Sức Khỏe"},{"name":"Sữa chống nắng nâng tông dành cho da dầu/hỗn hợp Sunplay Skin Aqua Tone Up UV Milk (Mint Green) (dành cho da sáng, có khuyết điểm đỏ) (50g)","discount":28000,"discount_rate":16,"rating_average":4.7,"review_count":193,"price":147000,"list_price":175000,"category":"Làm Đẹp - Sức Khỏe"},{"name":"Tinh Chất Làm Sáng Da Balance Vitamin C Brightening Serum Glow & Radiance (30ml)","discount":111000,"discount_rate":44,"rating_average":4.5,"review_count":43,"price":139000,"list_price":250000,"category":"Làm Đẹp - Sức Khỏe"},{"name":"Kem nền dưỡng da đa năng mini - naturaglacé makeup cream mini","discount":79200,"discount_rate":15,"rating_average":3.8,"review_count":4,"price":448800,"list_price":528000,"category":"Làm Đẹp - Sức Khỏe"},{"name":"Kem Chống Nắng Sáng Hồng Da Bảo Vệ 12h L'oreal SPF50/PA+++ UVP  (30ml)","discount":41000,"discount_rate":28,"rating_average":4.7,"review_count":121,"price":107000,"list_price":148000,"category":"Làm Đẹp - Sức Khỏe"},{"name":"COMBO 3 GÓI  BÔNG TẨY TRANG BỀ MẶT MỊN BẠCH TUYẾT (GÓI 180 MIẾNG)","discount":103400,"discount_rate":57,"rating_average":4.8,"review_count":506,"price":76600,"list_price":180000,"category":"Làm Đẹp - Sức Khỏe"},{"name":"Nhiệt Kế Điện Tử Hồng Ngoại Đo Trán Microlife FR1MF1","discount":445000,"discount_rate":39,"rating_average":4.6,"review_count":263,"price":705000,"list_price":1150000,"category":"Làm Đẹp - Sức Khỏe"},{"name":"Máy tăm nước cầm tay Panasonic công nghệ siêu âm EW1611 - Hàng Chính Hãng","discount":1000000,"discount_rate":24,"rating_average":4.6,"review_count":17,"price":3200000,"list_price":4200000,"category":"Làm Đẹp - Sức Khỏe"},{"name":"Cây Massage Đầu Thư  Giản Xả Stress - Màu Ngẫu Nhiên","discount":40100,"discount_rate":67,"rating_average":4.8,"review_count":17,"price":19900,"list_price":60000,"category":"Làm Đẹp - Sức Khỏe"},{"name":"Kem Dưỡng Giảm Mụn, Ngừa Thâm, Thông Thoáng Lỗ Chân Lông La Roche-Posay Effaclar Duo+ 40ml","discount":176000,"discount_rate":39,"rating_average":4.6,"review_count":43,"price":279000,"list_price":455000,"category":"Làm Đẹp - Sức Khỏe"},{"name":"Máy Sấy Tóc Hairdryver An Toàn Và Chuyên Nghiệp - Tích Hợp Chế Độ Nóng Phù Hợp Với Người Tiêu Dùng - Thiết Kế Hiện Đại - Tạo Kiểu Tóc Salon Dễ Dàng - Hàng Chính Hãng","discount":174000,"discount_rate":58,"rating_average":4.7,"review_count":116,"price":125000,"list_price":299000,"category":"Làm Đẹp - Sức Khỏe"},{"name":"Bộ 2 Dầu gội và dầu xả OGX Ever straightening + brazilian keratin therapy 385ml","discount":171000,"discount_rate":29,"rating_average":4.3,"review_count":17,"price":419000,"list_price":590000,"category":"Làm Đẹp - Sức Khỏe"},{"name":"Sữa Chống Nắng Hằng Ngày Dưỡng Trắng Sunplay Skin Aqua Clear White SPF 50+, PA++++ (25g)","discount":14000,"discount_rate":13,"rating_average":4.7,"review_count":86,"price":95000,"list_price":109000,"category":"Làm Đẹp - Sức Khỏe"},{"name":"Cân điện tử thông minh Xiaomi Body Composition Scale 2 - Chính hãng","discount":541000,"discount_rate":55,"rating_average":4.7,"review_count":81,"price":449000,"list_price":990000,"category":"Làm Đẹp - Sức Khỏe"},{"name":"Sữa Chống Nắng Nâng Tông Dành Cho Da Dầu/Hỗn Hợp Sunplay Skin Aqua Tone Up UV Milk Happiness Aura (Rose) (Cho Da Sáng Hồng, Khuyết Điểm Xanh) (50g)","discount":31000,"discount_rate":18,"rating_average":4.7,"review_count":6,"price":144000,"list_price":175000,"category":"Làm Đẹp - Sức Khỏe"},{"name":"Kem dưỡng da nhạy cảm EUBOS Senstive Moisturizing Cream (50ml)","discount":130000,"discount_rate":15,"rating_average":4.7,"review_count":3,"price":740000,"list_price":870000,"category":"Làm Đẹp - Sức Khỏe"},{"name":"Sáp Dưỡng Môi Hồng Xinh Vaseline Lip Therapy Rosy Lip (7g) - 305210231597","discount":26000,"discount_rate":30,"rating_average":4.7,"review_count":445,"price":61500,"list_price":87500,"category":"Làm Đẹp - Sức Khỏe"},{"name":"Nước Hoa Hồng Simple Kind To Skin Soothing Facial Toner 200ml - Mẫu Mới","discount":155000,"discount_rate":62,"rating_average":4.8,"review_count":16,"price":95000,"list_price":250000,"category":"Làm Đẹp - Sức Khỏe"},{"name":"Cốc Hỗ Trợ Nam Giới tập luyện","discount":243000,"discount_rate":81,"rating_average":4.5,"review_count":110,"price":57000,"list_price":300000,"category":"Làm Đẹp - Sức Khỏe"},{"name":"Nước hoa hồng Some By Mi AHA- BHA- PHA 30 Days Miracle Toner","discount":194000,"discount_rate":48,"rating_average":4.7,"review_count":174,"price":211000,"list_price":405000,"category":"Làm Đẹp - Sức Khỏe"},{"name":"Combo 2 Xịt toàn thân Romano Force tươi mát năng động 150ml","discount":43000,"discount_rate":22,"rating_average":4.7,"review_count":123,"price":152000,"list_price":195000,"category":"Làm Đẹp - Sức Khỏe"},{"name":"Sữa Rửa Mặt Tạo Bọt Chiết Xuất Tơ Tằm Trắng Senka Perfect Whip 120g - 14839","discount":30000,"discount_rate":30,"rating_average":4.6,"review_count":755,"price":69000,"list_price":99000,"category":"Làm Đẹp - Sức Khỏe"},{"name":"Dầu Gội Head Và Shoulders Bạc Hà Mát Lạnh (850ml)","discount":40000,"discount_rate":21,"rating_average":4.8,"review_count":53,"price":149000,"list_price":189000,"category":"Làm Đẹp - Sức Khỏe"},{"name":"Sữa Rửa Mặt Dành Cho Da Mụn Innisfree Bija Trouble Facial Foam 150g - 131171093","discount":0,"discount_rate":0,"rating_average":4.6,"review_count":279,"price":210000,"list_price":210000,"category":"Làm Đẹp - Sức Khỏe"},{"name":"Tinh Chất Dưỡng Trắng Da Chống Thâm Nám Melano CC Whitening Essence (20ml)","discount":85000,"discount_rate":24,"rating_average":4.5,"review_count":68,"price":265000,"list_price":350000,"category":"Làm Đẹp - Sức Khỏe"},{"name":"Kem Nền Lâu Trôi Superstay Long Lasting Full Coverage Foundation Maybelline New York 30ml","discount":39000,"discount_rate":15,"rating_average":4.8,"review_count":45,"price":219000,"list_price":258000,"category":"Làm Đẹp - Sức Khỏe"},{"name":"Sữa rửa mặt dạng bùn Trà tràm – Naruko Tea Tree Purifying Clay Mask and Cleanser in 1 (120g)","discount":80000,"discount_rate":33,"rating_average":4.7,"review_count":671,"price":159000,"list_price":239000,"category":"Làm Đẹp - Sức Khỏe"},{"name":"Sữa Tắm Lifebuoy Bảo Vệ Vượt Trội Dạng Túi (850g) - 21166643","discount":15500,"discount_rate":13,"rating_average":4.7,"review_count":493,"price":107000,"list_price":122500,"category":"Làm Đẹp - Sức Khỏe"}]