[{"name":"Ba Lô Máy Ảnh Cỡ Lớn, Dã Ngoại, Chống Nước, Bền Bỉ","discount":149001,"discount_rate":12,"rating_average":5,"review_count":1,"price":1049999,"list_price":1199000,"category":"Máy Ảnh - Máy Quay Phim"},{"name":"Camera Wi-Fi TP-Link Tapo C200 1080P (2MP) Tặng Thẻ nhớ Adata 32gb - Hàng Chính Hãng","discount":591000,"discount_rate":50,"rating_average":4.8,"review_count":57,"price":599000,"list_price":1190000,"category":"Máy Ảnh - Máy Quay Phim"},{"name":"CAMERA WIFI YOOSEE NGOÀI TRỜI C12 14 LED -HÀNG NHẬP KHẨU","discount":834000,"discount_rate":52,"rating_average":4.5,"review_count":8,"price":756000,"list_price":1590000,"category":"Máy Ảnh - Máy Quay Phim"},{"name":"Bộ đèn studio chụp ảnh sản phẩm, quay phim, livestream chuyên nghiệp, bộ gồm chân đèn 2m kèm softbox 50x70cm, tay treo 138 cm.","discount":335000,"discount_rate":56,"rating_average":0,"review_count":0,"price":265000,"list_price":600000,"category":"Máy Ảnh - Máy Quay Phim"},{"name":"Pin NP-W126 cho máy ảnh Fujifilm","discount":415001,"discount_rate":75,"rating_average":5,"review_count":7,"price":134999,"list_price":550000,"category":"Máy Ảnh - Máy Quay Phim"},{"name":"Chân Máy Ảnh Tripod WEIFENG WT-3520 - Hàng nhập khẩu","discount":40000,"discount_rate":10,"rating_average":4.7,"review_count":3,"price":359000,"list_price":399000,"category":"Máy Ảnh - Máy Quay Phim"},{"name":"Thẻ Nhớ SDXC Sandisk Extreme 150MB/s 64GB - Hàng Nhập Khẩu","discount":194000,"discount_rate":39,"rating_average":4.8,"review_count":133,"price":305000,"list_price":499000,"category":"Máy Ảnh - Máy Quay Phim"},{"name":"Tủ Chống Ẩm Andbon AB-30C (30 lít) - Hàng Nhập Khẩu","discount":855000,"discount_rate":43,"rating_average":4.5,"review_count":9,"price":1145000,"list_price":2000000,"category":"Máy Ảnh - Máy Quay Phim"},{"name":"Pin Dành Cho Máy Ảnh Sony NP-FW50 1080mAh Cao Cấp AZONE","discount":45001,"discount_rate":13,"rating_average":0,"review_count":0,"price":299999,"list_price":345000,"category":"Máy Ảnh - Máy Quay Phim"},{"name":"Camera IP Wifi IPC-A22EP-IMOU Chuẩn 1080P- Chính Hãng","discount":736000,"discount_rate":56,"rating_average":4.1,"review_count":28,"price":584000,"list_price":1320000,"category":"Máy Ảnh - Máy Quay Phim"},{"name":"Camera an ninh giám sát trong nhà không dây WiFi 360 HeimVision HM203 1080P- Hàng chính hãng","discount":0,"discount_rate":0,"rating_average":4.3,"review_count":7,"price":1900000,"list_price":1900000,"category":"Máy Ảnh - Máy Quay Phim"},{"name":"Camera Yoosee 3.0MPX - Thế hệ mới","discount":180000,"discount_rate":30,"rating_average":4.6,"review_count":10,"price":420000,"list_price":600000,"category":"Máy Ảnh - Máy Quay Phim"},{"name":"Sạc pin máy ảnh Canon LP-E5 Canon EOS Rebel XS Rebel T1i Rebel XSi 1000D 500D 450D X3 Kiss X2 Kiss F LPE5","discount":75001,"discount_rate":38,"rating_average":4.5,"review_count":2,"price":124999,"list_price":200000,"category":"Máy Ảnh - Máy Quay Phim"},{"name":"Camera IP Xiaomi MJSXJ02CM Mi Home Security Camera 360 Độ 1080p - Hàng Chính Hãng","discount":100000,"discount_rate":11,"rating_average":3.3,"review_count":3,"price":790000,"list_price":890000,"category":"Máy Ảnh - Máy Quay Phim"},{"name":"Bộ 4 Viên Pin Tiểu Sạc AA Cao Cấp 1200mAh Doublepow - Hàng nhập khẩu","discount":91000,"discount_rate":61,"rating_average":4.8,"review_count":28,"price":59000,"list_price":150000,"category":"Máy Ảnh - Máy Quay Phim"},{"name":"camera wifi yoosee ngoài trời 1080p 4 râu kèm thẻ 64gb - camera ip yoosee 3.0mp ngoài trời chống nước có mầu ban đêm - hàng nhập khẩu","discount":0,"discount_rate":0,"rating_average":3.5,"review_count":12,"price":800000,"list_price":800000,"category":"Máy Ảnh - Máy Quay Phim"},{"name":"Balo Canvas chống nước nắp da bò Pretty boy backpack size ","discount":309001,"discount_rate":24,"rating_average":0,"review_count":0,"price":989999,"list_price":1299000,"category":"Máy Ảnh - Máy Quay Phim"},{"name":"Combo Túi + Chân Gimbal DJI Osmo Mobile 3 - Hàng Nhập Khẩu","discount":988500,"discount_rate":26,"rating_average":5,"review_count":9,"price":2801500,"list_price":3790000,"category":"Máy Ảnh - Máy Quay Phim"},{"name":"Thẻ Nhớ SDXC Sandisk Extreme Pro 170MB/s V30 128GB - Hàng Nhập Khẩu","discount":390000,"discount_rate":35,"rating_average":4.8,"review_count":76,"price":710000,"list_price":1100000,"category":"Máy Ảnh - Máy Quay Phim"},{"name":"Camera Mini IP Vstarcam CB73 2.0 WiFi 1080P Giám Sát Hành Trình Ô Tô, Nhỏ Gọn, Dễ Dàng Cài Đặt, Bảo Mật Cao, Chống Chộm, Xem Trực Tiếp Từ Xa Bằng Điện Thoại, PC, iPad - Hàng Chính Hãng","discount":1141000,"discount_rate":68,"rating_average":3.8,"review_count":77,"price":549000,"list_price":1690000,"category":"Máy Ảnh - Máy Quay Phim"},{"name":"Pin Wasabi NP-W126 Cho Fujifilm X-E1 X-A2 X-M1 X-T1 (Đen) -  Hàng Nhập Khẩu","discount":220001,"discount_rate":39,"rating_average":0,"review_count":0,"price":349999,"list_price":570000,"category":"Máy Ảnh - Máy Quay Phim"},{"name":"Tripod giá đỡ 3 chân mini đa năng hỗ trợ tay cầm, để bàn cho điện thoại, gopro ","discount":21000,"discount_rate":23,"rating_average":4.3,"review_count":86,"price":69000,"list_price":90000,"category":"Máy Ảnh - Máy Quay Phim"},{"name":"Camera Ip wifi Yoosee HD720P quay quét 360 nhập khẩu ","discount":241000,"discount_rate":44,"rating_average":4.2,"review_count":16,"price":309000,"list_price":550000,"category":"Máy Ảnh - Máy Quay Phim"},{"name":"Giá đỡ 3 chân Selfie Tripod 3110 Cho điện thoại và máy ảnh tặng kèm túi vải cá tính","discount":200000,"discount_rate":67,"rating_average":4.5,"review_count":6,"price":99000,"list_price":299000,"category":"Máy Ảnh - Máy Quay Phim"},{"name":"Camera Mini IP Vstarcam CB72 1080P 2.0 Sim 4G LTE Giám Sát Hành Trình Ô Tô, Xem Trực Tiếp Từ Xa Bằng Điện Thoại, PC - Hàng Chính Hãng","discount":2520000,"discount_rate":56,"rating_average":3.3,"review_count":4,"price":1980000,"list_price":4500000,"category":"Máy Ảnh - Máy Quay Phim"},{"name":"Flycam SJRC F11 4K PRO ( F11S ), Camera 4K, Chống rung 2 trục, Thời gian bay lên tới 25 phút - Hàng chính hãng","discount":2910000,"discount_rate":45,"rating_average":4.5,"review_count":8,"price":3590000,"list_price":6500000,"category":"Máy Ảnh - Máy Quay Phim"},{"name":"Camera IP Wifi Ezviz C2C (Ezviz Mini O CS-CV206) - Hàng Chính Hãng","discount":764000,"discount_rate":68,"rating_average":5,"review_count":4,"price":356000,"list_price":1120000,"category":"Máy Ảnh - Máy Quay Phim"},{"name":"Mic Thu Âm Cho Điện Thoại Và Máy Ảnh BOYA BY-M1 - Hàng Chính Hãng","discount":350001,"discount_rate":58,"rating_average":4.5,"review_count":11,"price":249999,"list_price":600000,"category":"Máy Ảnh - Máy Quay Phim"},{"name":"Ống Nhòm Quân Sự Barska Deep Sea 7x50 (chống nước,  mờ sương, có la bàn,vạch ly giác) - Hàng chính hãng","discount":1100000,"discount_rate":12,"rating_average":0,"review_count":0,"price":7900000,"list_price":9000000,"category":"Máy Ảnh - Máy Quay Phim"},{"name":"Camera IP Wifi Ezviz C6CN 720P (CS-CV246-B0-1C1WFR) - Hàng Chính Hãng","discount":731000,"discount_rate":59,"rating_average":4.3,"review_count":32,"price":499000,"list_price":1230000,"category":"Máy Ảnh - Máy Quay Phim"},{"name":"Camera Ip Wifi Ngoài Trời Yoosee GW-218S - 4 Râu Bắt Wifi Cự Mạnh  Full HD 1080P - Có Màu Ban Đêm - Hàng Chính Hãng","discount":219000,"discount_rate":22,"rating_average":0,"review_count":0,"price":780000,"list_price":999000,"category":"Máy Ảnh - Máy Quay Phim"},{"name":"Dụng Cụ Lấy Ráy Tai Thông Minh, Camera Nội Soi Lấy Ráy Tai INTELLHAWK - HÀNG CHÍNH HÃNG, Kèm Bộ Đầu Lấy Ráy Tai, Soi Tai Mũi Họng Chuyên Nghiệp","discount":220223,"discount_rate":67,"rating_average":3,"review_count":3,"price":108777,"list_price":329000,"category":"Máy Ảnh - Máy Quay Phim"},{"name":"Ống nhòm Barska Lucid View 10x42mm New - Hàng chính hãng","discount":1288000,"discount_rate":37,"rating_average":5,"review_count":1,"price":2212000,"list_price":3500000,"category":"Máy Ảnh - Máy Quay Phim"},{"name":"CAMERA WIFI IP EZVIZ C1C CS-C1C-D0-1D2WFR 1080P Full HD - HÀNG CHÍNH HÃNG","discount":501000,"discount_rate":49,"rating_average":5,"review_count":1,"price":519000,"list_price":1020000,"category":"Máy Ảnh - Máy Quay Phim"},{"name":"Camera IP WIFI EZVIZ CS-C1C-D0-1D1WFR 720P - HÀNG CHÍNH HÃNG","discount":285000,"discount_rate":42,"rating_average":4.5,"review_count":2,"price":395000,"list_price":680000,"category":"Máy Ảnh - Máy Quay Phim"},{"name":"Máy bay điều khiển từ xa, Flycam điều khiển giá rẻ XT-1","discount":1537010,"discount_rate":64,"rating_average":0,"review_count":0,"price":849990,"list_price":2387000,"category":"Máy Ảnh - Máy Quay Phim"},{"name":"Túi đựng máy ảnh vải Caravan da chống thấm nước DG079","discount":360001,"discount_rate":29,"rating_average":0,"review_count":0,"price":889999,"list_price":1250000,"category":"Máy Ảnh - Máy Quay Phim"},{"name":"Camera wifi mini không dây Full HD 1080P có báo động chống trộm","discount":285000,"discount_rate":48,"rating_average":3.4,"review_count":28,"price":315000,"list_price":600000,"category":"Máy Ảnh - Máy Quay Phim"},{"name":"Máy bay điều khiển từ xa 4 cánh, máy bay Flycam, máy bay camera Selfie trên cao (KHÔNG GỒM CAMERA)","discount":151000,"discount_rate":27,"rating_average":3.7,"review_count":60,"price":399000,"list_price":550000,"category":"Máy Ảnh - Máy Quay Phim"},{"name":"Gopro HERO 8 - Hàng chính hãng","discount":3009000,"discount_rate":29,"rating_average":5,"review_count":2,"price":7490000,"list_price":10499000,"category":"Máy Ảnh - Máy Quay Phim"},{"name":" Sạc Pin Máy Ảnh For Nikon EN-EL15","discount":70001,"discount_rate":39,"rating_average":4,"review_count":1,"price":108999,"list_price":179000,"category":"Máy Ảnh - Máy Quay Phim"},{"name":"Máy in ảnh Mini Canon PV-123 Xám-Hàng chính hãng","discount":2210000,"discount_rate":67,"rating_average":4.5,"review_count":35,"price":1090000,"list_price":3300000,"category":"Máy Ảnh - Máy Quay Phim"},{"name":"Máy Ảnh Selfie Lấy Liền Fujifilm Instax Mini 9 Clear Purple - Hàng Chính Hãng","discount":491000,"discount_rate":25,"rating_average":4.6,"review_count":11,"price":1499000,"list_price":1990000,"category":"Máy Ảnh - Máy Quay Phim"},{"name":"Máy Ảnh Fujifilm X-T30 + Lens 18-55mm - Hàng Chính Hãng","discount":5200000,"discount_rate":16,"rating_average":4,"review_count":49,"price":26790000,"list_price":31990000,"category":"Máy Ảnh - Máy Quay Phim"},{"name":"Sạc đôi kèm cáp sạc và 2 pin sạc KingMa LP-E17 cho Canon EOS M3 M5 M6 760D 800D - Hàng chính hãng","discount":351001,"discount_rate":39,"rating_average":4.5,"review_count":4,"price":548999,"list_price":900000,"category":"Máy Ảnh - Máy Quay Phim"},{"name":"Bộ sạc và pin PANASONIC Eneloop CC51E ( 2 viên AA 2000mAh) - Hàng chính hãng","discount":131000,"discount_rate":23,"rating_average":4.7,"review_count":12,"price":449000,"list_price":580000,"category":"Máy Ảnh - Máy Quay Phim"},{"name":"Camera IP EZVIZ C6N 1080p Smart IR 2.0 Megapixel, hồng ngoại thông minh, theo dõi chuyển động - Hàng Chính Hãng","discount":346000,"discount_rate":41,"rating_average":5,"review_count":3,"price":504000,"list_price":850000,"category":"Máy Ảnh - Máy Quay Phim"},{"name":"Kèm túi đựng - Máy bay Flycam Teng mini KF609, Camera 4K, nhận diện cử chỉ, gấp gọn kết nối trực tiếp điện thoại","discount":620000,"discount_rate":43,"rating_average":4.1,"review_count":21,"price":830000,"list_price":1450000,"category":"Máy Ảnh - Máy Quay Phim"},{"name":" Pin Máy Ảnh cho  Nikon EN-EL15 - Hàng Nhập Khẩu","discount":337001,"discount_rate":56,"rating_average":3,"review_count":5,"price":261999,"list_price":599000,"category":"Máy Ảnh - Máy Quay Phim"},{"name":"Camera IP Wifi Ngoài Trời Imou F22P Bullet 2C Full HD 1080P Tặng Phíc Cắm Âm - Hàng Chính Hãng","discount":1156100,"discount_rate":61,"rating_average":5,"review_count":1,"price":743900,"list_price":1900000,"category":"Máy Ảnh - Máy Quay Phim"},{"name":"Camera wifi ngoài trời xoay 360 chống nước CARECAM CC8031 Bản Nâng Cấp Của 20HS, 3.0 MPx 1080P có kết nối máy tính, smart TV, Hàng nhập khẩu ","discount":310000,"discount_rate":36,"rating_average":4,"review_count":2,"price":549000,"list_price":859000,"category":"Máy Ảnh - Máy Quay Phim"},{"name":"Chân Máy Ảnh Benro T880 EX (Tripod) - Hàng Chính Hãng","discount":0,"discount_rate":0,"rating_average":4.3,"review_count":3,"price":650000,"list_price":650000,"category":"Máy Ảnh - Máy Quay Phim"},{"name":"Camera IP Wifi Yoosee Full HD 1080P 2.0 MP - Hàng Nhập Khẩu (new model)","discount":381000,"discount_rate":55,"rating_average":3.8,"review_count":8,"price":318000,"list_price":699000,"category":"Máy Ảnh - Máy Quay Phim"},{"name":"Camera mini Wifi Góc Rộng HD V380 E06","discount":490000,"discount_rate":61,"rating_average":4.1,"review_count":18,"price":310000,"list_price":800000,"category":"Máy Ảnh - Máy Quay Phim"},{"name":"Chân Đế Camera Xoay 360 Bộ 2 Cái Phù Hợp Với Camera Ezviz C6N Camera Imou A22Ep Camera Kbone H21PW","discount":135700,"discount_rate":81,"rating_average":5,"review_count":5,"price":32300,"list_price":168000,"category":"Máy Ảnh - Máy Quay Phim"},{"name":"Camera hành trình 70mai Dash Cam Pro Plus A500 bản quốc tế - Hàng chính hãng","discount":440000,"discount_rate":22,"rating_average":4.5,"review_count":33,"price":1559000,"list_price":1999000,"category":"Máy Ảnh - Máy Quay Phim"},{"name":"Vỏ Chống Nước Telesin Cho GoPro Hero 9  - Case  Action Camera Bảo Vệ Máy Quay Hành Trình GoPro (Hàng Chính Hãng)","discount":101000,"discount_rate":29,"rating_average":4.8,"review_count":40,"price":249000,"list_price":350000,"category":"Máy Ảnh - Máy Quay Phim"},{"name":"Camera IP - Camera Wifi Quan Sát CC8031 Ngoài Trời Đàm Thoại 2 Chiều 3.0Mpx 2304x1296P, Xoay 360 Độ Kèm Thẻ Nhớ 32Gb - Chính Hãng","discount":591000,"discount_rate":48,"rating_average":3.5,"review_count":10,"price":649000,"list_price":1240000,"category":"Máy Ảnh - Máy Quay Phim"},{"name":"Camera ip wifi mini V380 Pro - Hỗ trợ xem hồng ngoại ban đêm","discount":194000,"discount_rate":39,"rating_average":4.5,"review_count":13,"price":306000,"list_price":500000,"category":"Máy Ảnh - Máy Quay Phim"},{"name":"Ống Nhòm Du Lịch 2 Mắt Chuyên Dụng Xuyên Đêm Ống Nhòm Galileo 20x50 Góc Nhìn Rộng Hàng Nhập Khẩu","discount":418668,"discount_rate":60,"rating_average":0,"review_count":0,"price":278300,"list_price":696968,"category":"Máy Ảnh - Máy Quay Phim"},{"name":"Hạt Hút Ẩm Xanh Cho Máy Ảnh Kèm Túi Đựng (Silica Gel)","discount":73000,"discount_rate":37,"rating_average":4.6,"review_count":57,"price":127000,"list_price":200000,"category":"Máy Ảnh - Máy Quay Phim"}]