[{"name":"Sạc pin máy ảnh Canon LP-E5 Canon EOS Rebel XS Rebel T1i Rebel XSi 1000D 500D 450D X3 Kiss X2 Kiss F LPE5","discount":75001,"discount_rate":38,"rating_average":4.5,"review_count":2,"price":124999,"list_price":200000,"category":"Máy Ảnh - Máy Quay Phim"},{"name":"Bộ 2 Pin + Sạc Đôi RAVPower Fujifilm NP-W126S Cho Fujifilm X-T20, X-T10, X-T100, X100F, X-H1, X-T3, X-T2, X-T1, X-A5, X-A3, X-A1, X-E1, X-E2,... (Hàng Chính Hãng)","discount":1021000,"discount_rate":64,"rating_average":5,"review_count":29,"price":569000,"list_price":1590000,"category":"Máy Ảnh - Máy Quay Phim"},{"name":"Chân đế Tripod cho điện thoại và máy ảnh 3366 cao cấp - Tặng kèm remote Bluetooth  - Hàng nhập khẩu","discount":335000,"discount_rate":61,"rating_average":4.8,"review_count":21,"price":215000,"list_price":550000,"category":"Máy Ảnh - Máy Quay Phim"},{"name":"Camera chống trộm Xiaomi 360° 1080P Mi Home (Trắng) - Hàng Nhập Khẩu","discount":50000,"discount_rate":6,"rating_average":5,"review_count":1,"price":849000,"list_price":899000,"category":"Máy Ảnh - Máy Quay Phim"},{"name":"Camera IP Ngoài trời Yoosee PTZ 2 Râu FullHD 1080P 6 LED trợ sáng, 4 LED hồng ngoại, đàm thoại 2 chiều, hỗ trợ xoay 360 (trắng) Hàng Nhập Khẩu","discount":464000,"discount_rate":46,"rating_average":4.1,"review_count":9,"price":536000,"list_price":1000000,"category":"Máy Ảnh - Máy Quay Phim"},{"name":"Camera IP Wifi Ngoài Trời Yoosee 1080P - Ban Đêm Có Màu - Đàm Thoại 2 Chiều - Hàng Nhập Khẩu","discount":231000,"discount_rate":33,"rating_average":4,"review_count":1,"price":468000,"list_price":699000,"category":"Máy Ảnh - Máy Quay Phim"},{"name":"Giá đỡ điện thoại, máy ảnh 3 chân Tripod 3110 ","discount":58000,"discount_rate":47,"rating_average":4.2,"review_count":35,"price":65000,"list_price":123000,"category":"Máy Ảnh - Máy Quay Phim"},{"name":"Camera IP wifi KBVISION trong nhà - xoay 360 độ - nghe nói 2 chiều KBONE H21PW - Hàng chính hãng","discount":825000,"discount_rate":59,"rating_average":4.5,"review_count":4,"price":565000,"list_price":1390000,"category":"Máy Ảnh - Máy Quay Phim"},{"name":"Lens Sony E PZ 18–105 mm F4 G OSS - Hàng Chính Hãng","discount":0,"discount_rate":0,"rating_average":5,"review_count":1,"price":12990000,"list_price":12990000,"category":"Máy Ảnh - Máy Quay Phim"},{"name":"Máy Ảnh Fujifilm X-A7 + Lens 15-45mm - Hàng Chính Hãng","discount":3000000,"discount_rate":19,"rating_average":4.3,"review_count":51,"price":12990000,"list_price":15990000,"category":"Máy Ảnh - Máy Quay Phim"},{"name":"Bộ Phụ Kiện 50 in 1 cho GOPRO Hộp Đựng Cao Cấp Tặng Kèm Phao Nổi - Black","discount":180000,"discount_rate":30,"rating_average":4.2,"review_count":34,"price":419000,"list_price":599000,"category":"Máy Ảnh - Máy Quay Phim"},{"name":"Gói hút ẩm Silicagel loại 5gram (1kg có 200 gói nhỏ kích thước 5x5,5cm)","discount":55000,"discount_rate":37,"rating_average":4.8,"review_count":59,"price":95000,"list_price":150000,"category":"Máy Ảnh - Máy Quay Phim"},{"name":"Máy Ảnh Lấy Liền Fujifilm Instax Square SQ20 - Hàng Chính Hãng","discount":1140000,"discount_rate":21,"rating_average":5,"review_count":1,"price":4250000,"list_price":5390000,"category":"Máy Ảnh - Máy Quay Phim"},{"name":"Camera Wifi Ezviz C1C CS-C1C-E0-1E2WF 1080P - Hàng Chính Hãng","discount":491000,"discount_rate":50,"rating_average":3.5,"review_count":4,"price":499000,"list_price":990000,"category":"Máy Ảnh - Máy Quay Phim"},{"name":"Camera Dahua IP Wifi  Imou IPC-C22EP-imou - Hàng chính hãng","discount":686000,"discount_rate":59,"rating_average":5,"review_count":1,"price":474000,"list_price":1160000,"category":"Máy Ảnh - Máy Quay Phim"},{"name":"Bộ tripod chân chụp ảnh 3120 giá đỡ điện thoại - giá đỡ 3 Chân Tripod 3110 105cm Chuyên Chụp Hình Live Stream - giá đỡ điện thoại 3 chân máy ảnh gậy tự sướng ( MẦU ĐEN )","discount":61000,"discount_rate":44,"rating_average":3.9,"review_count":14,"price":79000,"list_price":140000,"category":"Máy Ảnh - Máy Quay Phim"},{"name":"Camera IP Wifi 2.0MP KBONE KN-H21PW- HÀNG CHÍNH HÃNG","discount":740000,"discount_rate":56,"rating_average":5,"review_count":6,"price":580000,"list_price":1320000,"category":"Máy Ảnh - Máy Quay Phim"},{"name":"Thẻ Nhớ SD SanDisk Ultra Class 10 32GB - 48MB/s - Hàng Chính Hãng","discount":341000,"discount_rate":68,"rating_average":4.5,"review_count":25,"price":159000,"list_price":500000,"category":"Máy Ảnh - Máy Quay Phim"},{"name":"Camera Wifi Quan Sát Ngoài Trời Chống Nước, Kết Nối Wifi Độ Phân Giải 2.0Mpx FULL HD 1920x1080, Xoay 360 Độ Model CC8021 PRO Dùng Ứng Dụng CARECAM RPO Nâng Cấp - Chính Hãng","discount":421000,"discount_rate":44,"rating_average":0,"review_count":0,"price":529000,"list_price":950000,"category":"Máy Ảnh - Máy Quay Phim"},{"name":"Camera wifi yoosee 3.0  2K siêu nét - camera ip yoosee 3 râu 3mp trong nhà - hàng nhập khẩu","discount":331000,"discount_rate":44,"rating_average":3.6,"review_count":9,"price":419000,"list_price":750000,"category":"Máy Ảnh - Máy Quay Phim"},{"name":"Combo hộp chống ẩm máy ảnh và ẩm kế điện tử, 100gram hạt hút ẩm xanh - dung tích 4 lít (tặng mút xốp lót hộp)","discount":51000,"discount_rate":23,"rating_average":4.5,"review_count":179,"price":169000,"list_price":220000,"category":"Máy Ảnh - Máy Quay Phim"},{"name":"Bộ 2 pin và sạc đôi RavPower LP-E17 cho Canon 77D, 750D, 760D, 800D, M6 - Hàng chính hãng","discount":1440000,"discount_rate":72,"rating_average":5,"review_count":20,"price":560000,"list_price":2000000,"category":"Máy Ảnh - Máy Quay Phim"},{"name":"Feiyu Vimbal One - Gimbal Chống Rung Dùng Cho Điện Thoại, Trục Đơn 18cm Có Thể Mở Rộng Và Gập Gọn |  Feiyu Tech Vimble ONE Single Axis 18cm Extendable & Foldable Smartphone Gimbal Stabilizer - Hàng Chính Hãng","discount":941000,"discount_rate":59,"rating_average":4,"review_count":10,"price":649000,"list_price":1590000,"category":"Máy Ảnh - Máy Quay Phim"},{"name":"Camera Ip Quan Sát Trong Nhà, Độ Phân Giải Full HD 1920*1080P 2.0Mpx, Xoay Ngang 360 Độ, Xem Cùng Lúc 4 Camera, Hàng Chính Hãng","discount":356000,"discount_rate":51,"rating_average":0,"review_count":0,"price":344000,"list_price":700000,"category":"Máy Ảnh - Máy Quay Phim"},{"name":"Bộ 2 pin và sạc đôi RavPower NP-FW50 cho Sony A6000, A6300, A6500, A7, A7 II, A7R, A7S... - Hàng chính hãng","discount":481000,"discount_rate":46,"rating_average":4.6,"review_count":71,"price":569000,"list_price":1050000,"category":"Máy Ảnh - Máy Quay Phim"},{"name":"Camera IP Wifi EZVIZ C3W 720P (CS-CV310) + Tặng thẻ nhớ EZVIZ 32GB - Hàng chính hãng","discount":1556000,"discount_rate":66,"rating_average":5,"review_count":4,"price":799000,"list_price":2355000,"category":"Máy Ảnh - Máy Quay Phim"},{"name":"Camera Wifi Ip Quan Sát Ngoài Trời Chống Nước, Ban Đêm Có Màu, Độ Phân Giải 3.0MPX, Xoay 360 Độ CC8031 - Nhập Khẩu","discount":580000,"discount_rate":48,"rating_average":0,"review_count":0,"price":620000,"list_price":1200000,"category":"Máy Ảnh - Máy Quay Phim"},{"name":"Thẻ Nhớ SDHC Sandisk Extreme Pro 95MB/s 32GB - Hàng Nhập Khẩu","discount":85000,"discount_rate":24,"rating_average":4.6,"review_count":128,"price":265000,"list_price":350000,"category":"Máy Ảnh - Máy Quay Phim"},{"name":"Camera IP Wifi IPC-A22EP-IMOU Chuẩn 1080P Tặng Thẻ nhớ Adata 32gb - Chính Hãng","discount":840000,"discount_rate":56,"rating_average":4,"review_count":2,"price":650000,"list_price":1490000,"category":"Máy Ảnh - Máy Quay Phim"},{"name":"Chân đế mini- thiết bị ổn định cầm tay cho máy ảnh và điện thoại","discount":60000,"discount_rate":40,"rating_average":3,"review_count":2,"price":89000,"list_price":149000,"category":"Máy Ảnh - Máy Quay Phim"},{"name":"Camera IP Wifi Ngoài Trời Ezviz C3N Full HD 1080p Có Màu Ban Đêm Tặng Phíc Cắm Âm - Hàng Chính Hãng","discount":1200000,"discount_rate":57,"rating_average":4.6,"review_count":5,"price":900000,"list_price":2100000,"category":"Máy Ảnh - Máy Quay Phim"},{"name":"Thẻ Nhớ SD SanDisk 16GB Class 4 - Hàng Nhập Khẩu","discount":36000,"discount_rate":27,"rating_average":4.5,"review_count":66,"price":99000,"list_price":135000,"category":"Máy Ảnh - Máy Quay Phim"},{"name":"CAMERA WIFI NGOÀI TRỜI EVKVO YOOSEE D26S 24 LED ,NHÌN ĐÊM HỒNG NGOẠI, TẦM NHÌN BAN ĐÊM ĐẦY MÀU SẮC-HÀNG NHẬP KHẨU","discount":1216000,"discount_rate":68,"rating_average":4.1,"review_count":8,"price":584000,"list_price":1800000,"category":"Máy Ảnh - Máy Quay Phim"},{"name":"Camera hành trình sports Eken HR9 Ultra HD Wifi quay video 4K tặng đầy đủ bộ phụ kiện lắp đặt trên cả ô tô xe máy - Hàng nhập khẩu nguyên bộ","discount":638752,"discount_rate":38,"rating_average":1,"review_count":1,"price":1041248,"list_price":1680000,"category":"Máy Ảnh - Máy Quay Phim"},{"name":"Camera Wifi Ngoài Trời Ezviz C3W 2MP 1080p (CS-Cv310) Color Night Vision - Phiên Bản Mới Hình Ảnh Có Màu Ban Đêm - Hàng Chính Hãng","discount":300000,"discount_rate":19,"rating_average":4.5,"review_count":2,"price":1250000,"list_price":1550000,"category":"Máy Ảnh - Máy Quay Phim"},{"name":"Camera IP Wifi Yoosee Full HD 1080P - Hàng Nhập Khẩu","discount":474000,"discount_rate":59,"rating_average":2,"review_count":1,"price":326000,"list_price":800000,"category":"Máy Ảnh - Máy Quay Phim"},{"name":"Camera wifi IP app YOOSEE 3 râu bắt sóng mạnh hình ảnh HD 720P  thích hợp dùng trong nhà có thể xem được mọi lúc mọi nơi-Hàng chính hãng","discount":224000,"discount_rate":41,"rating_average":4.5,"review_count":12,"price":316000,"list_price":540000,"category":"Máy Ảnh - Máy Quay Phim"},{"name":"Lens Canon 50mm f/1.8 STM (Lê Bảo Minh) - Hàng Chính Hãng","discount":0,"discount_rate":0,"rating_average":4.5,"review_count":370,"price":2990000,"list_price":2990000,"category":"Máy Ảnh - Máy Quay Phim"},{"name":"Giá đỡ 3 Chân Tripod 3110 G1 105cm Chuyên Chụp Hình Live Stream - giá đỡ điện thoại 3 chân - giá đỡ máy ảnh - gậy tự sướng selfie ( mầu bạc )","discount":68000,"discount_rate":52,"rating_average":4.8,"review_count":8,"price":62000,"list_price":130000,"category":"Máy Ảnh - Máy Quay Phim"},{"name":"Hộp Đựng Chống Sốc Cho Tay cầm Chống Rung Smooth 4, Gimbal Vimble 2 DJI OSMO","discount":162000,"discount_rate":46,"rating_average":4.6,"review_count":36,"price":188000,"list_price":350000,"category":"Máy Ảnh - Máy Quay Phim"},{"name":"Camera hành trình Full HD cho phượt thủ Sport Cam A9","discount":405000,"discount_rate":48,"rating_average":1,"review_count":1,"price":445000,"list_price":850000,"category":"Máy Ảnh - Máy Quay Phim"},{"name":"Camera IP V380 Wifi Quan Sát Chống Trộm Chuẩn HD","discount":691649,"discount_rate":73,"rating_average":4,"review_count":3,"price":258351,"list_price":950000,"category":"Máy Ảnh - Máy Quay Phim"},{"name":"Micro Thu Âm Đa Năng BOYA BY-MM1 - Hàng Chính Hãng","discount":318000,"discount_rate":38,"rating_average":4.5,"review_count":25,"price":529000,"list_price":847000,"category":"Máy Ảnh - Máy Quay Phim"},{"name":"Dây cáp kết nối máy ảnh Canon với máy tính","discount":120000,"discount_rate":60,"rating_average":4.5,"review_count":19,"price":79000,"list_price":199000,"category":"Máy Ảnh - Máy Quay Phim"},{"name":" Camera Wifi Ngoài Trời_  Ceracam IP An Ninh -DK200-SF 2.0MPx Full HD- Phiên Bản Nâng Cấp Yoosee- Hàng Nhập Khẩu","discount":422000,"discount_rate":47,"rating_average":4.7,"review_count":3,"price":468000,"list_price":890000,"category":"Máy Ảnh - Máy Quay Phim"},{"name":"Camera Ip Wifi Quan Sát Trong Nhà Model CC1021 Xoay 360 Độ, Độ Phân Giải 2.0Mpx, Hỗ Trợ Đàm Thoại 2 Chiều, Tích Hợp Đèn Hồng Ngoại - Chính Hãng","discount":376000,"discount_rate":54,"rating_average":0,"review_count":0,"price":324000,"list_price":700000,"category":"Máy Ảnh - Máy Quay Phim"},{"name":"Camera IP EZVIZ C6N 2MP 1080p Smart Night Vision - Tặng Thẻ Nhớ NETAC 32GB - Hàng Chính Hãng","discount":393000,"discount_rate":40,"rating_average":4.2,"review_count":17,"price":597000,"list_price":990000,"category":"Máy Ảnh - Máy Quay Phim"},{"name":"Chân máy ảnh Tripod 3120 tặng Giá kẹp điện thoại, Remote - Hàng Nhập Khẩu","discount":67500,"discount_rate":42,"rating_average":4,"review_count":22,"price":92500,"list_price":160000,"category":"Máy Ảnh - Máy Quay Phim"},{"name":"Hộp chụp sản phẩm 40cm x 40cm tích hợp 4 dây đèn Led phông nền 6 màu","discount":129000,"discount_rate":20,"rating_average":4.5,"review_count":28,"price":520000,"list_price":649000,"category":"Máy Ảnh - Máy Quay Phim"}]