[{"name":"Camera IP Wifi TP-Link Tapo C200 Full HD 1080P Giám sát An Ninh - Hàng Chính Hãng","discount":500000,"discount_rate":50,"rating_average":4.6,"review_count":130,"price":499000,"list_price":999000,"category":"Máy Ảnh - Máy Quay Phim"},{"name":"Camera IP Wifi Ezviz C6N 1080p-Hàng Chính Hãng","discount":701000,"discount_rate":58,"rating_average":4.6,"review_count":1507,"price":499000,"list_price":1200000,"category":"Máy Ảnh - Máy Quay Phim"},{"name":"Máy Ảnh Lấy Liền Fujifilm Instax Mini 11-Hàng Chính Hãng","discount":600000,"discount_rate":26,"rating_average":4.7,"review_count":171,"price":1690000,"list_price":2290000,"category":"Máy Ảnh - Máy Quay Phim"},{"name":"Camera Wi-Fi TP-Link Tapo C200 1080P (2MP) An Ninh Gia Đình Có Thể Điều Chỉnh Hướng - Hàng Chính Hãng","discount":762000,"discount_rate":62,"rating_average":4.8,"review_count":81,"price":467000,"list_price":1229000,"category":"Máy Ảnh - Máy Quay Phim"},{"name":"Bộ 2 pin và sạc đôi RavPower NP-FW50 cho Sony A6000, A6300, A6500, A7, A7 II, A7R, A7S... - Hàng chính hãng","discount":480001,"discount_rate":46,"rating_average":5,"review_count":1,"price":569999,"list_price":1050000,"category":"Máy Ảnh - Máy Quay Phim"},{"name":"Hộp Film Fujifilm Mini 20 Tấm - Hàng Chính Hãng","discount":241000,"discount_rate":48,"rating_average":4.8,"review_count":588,"price":259000,"list_price":500000,"category":"Máy Ảnh - Máy Quay Phim"},{"name":"Camera wifi Yoosee chuẩn 3 râu 11 LED Full HD - hàng chính hãng","discount":642000,"discount_rate":64,"rating_average":4.3,"review_count":38,"price":358000,"list_price":1000000,"category":"Máy Ảnh - Máy Quay Phim"},{"name":"[Chân chụp ảnh] Chân đế Tripod Bluetooth cho điện thoại và máy ảnh TTX - 6218 (Kèm túi đựng và remote bluetooth) - Hàng nhập khẩu","discount":262000,"discount_rate":58,"rating_average":5,"review_count":3,"price":188000,"list_price":450000,"category":"Máy Ảnh - Máy Quay Phim"},{"name":"Bộ 2 pin sạc và Đốc sạc đôi KingMa NP-FW50 cho Sony A6000 A6300 A6500 - Hàng Chính Hãng","discount":250001,"discount_rate":32,"rating_average":5,"review_count":1,"price":539999,"list_price":790000,"category":"Máy Ảnh - Máy Quay Phim"},{"name":"Camera Wifi thông minh EZVIZ C6N 1080P (CS-C6N-A0-1C2WFR) - TẶNG KÈM THẺ 32GB - HÀNG CHÍNH HÃNG","discount":605000,"discount_rate":50,"rating_average":4.5,"review_count":19,"price":595000,"list_price":1200000,"category":"Máy Ảnh - Máy Quay Phim"},{"name":"Camera chống trộm Xiaomi Mi Home 360° 1080P 2019 QDJ4058GL - Hàng Chính Hãng","discount":150000,"discount_rate":17,"rating_average":4.1,"review_count":18,"price":749000,"list_price":899000,"category":"Máy Ảnh - Máy Quay Phim"},{"name":"Máy Ảnh Canon EOS 3000D + Lens EF-S 18 - 55mm III (Lê Bảo Minh) - Hàng Chính hãng","discount":2310000,"discount_rate":23,"rating_average":4.2,"review_count":91,"price":7590000,"list_price":9900000,"category":"Máy Ảnh - Máy Quay Phim"},{"name":"Túi máy ảnh đeo chéo Caden K11 Size XL - Hàng chính hãng","discount":300001,"discount_rate":38,"rating_average":5,"review_count":8,"price":499999,"list_price":800000,"category":"Máy Ảnh - Máy Quay Phim"},{"name":"Camera IP Wifi Ngoài trời Yoosee GW-216S 2 Râu FullHD 1080P 6 LED trợ sáng đàm thoại 2 chiều (Trắng) Hàng Nhập Khẩu","discount":124000,"discount_rate":21,"rating_average":4.5,"review_count":10,"price":476000,"list_price":600000,"category":"Máy Ảnh - Máy Quay Phim"},{"name":"Camera IP Wifi Ngoài Trời Ezviz C3X Bản Mắt Kép Có Màu Ban Đêm Full HD 1080P Tặng Phíc Cắm Âm - Hàng Chính Hãng","discount":1561000,"discount_rate":52,"rating_average":4.5,"review_count":61,"price":1429000,"list_price":2990000,"category":"Máy Ảnh - Máy Quay Phim"},{"name":"Camera IP Ngoài Trời Chống Nước Ezviz C3WN 2Mp Full HD1080P - Hàng Chính Hãng","discount":570000,"discount_rate":42,"rating_average":4.7,"review_count":150,"price":780000,"list_price":1350000,"category":"Máy Ảnh - Máy Quay Phim"},{"name":"Balo Canvas chống nước Profocus Haft foto","discount":40001,"discount_rate":4,"rating_average":4,"review_count":1,"price":949999,"list_price":990000,"category":"Máy Ảnh - Máy Quay Phim"},{"name":"Camera IP Wifi Ezviz ECS-CV206 - Hàng chính hãng","discount":560000,"discount_rate":61,"rating_average":4.8,"review_count":12,"price":360000,"list_price":920000,"category":"Máy Ảnh - Máy Quay Phim"},{"name":"Camera IP Wifi PTZ Ngoài Trời Ezviz C8C Full Color Hồng Ngoại 30 Mét Có Dây Nối Nguồn Dài 20M - Hàng Chính Hãng","discount":1590000,"discount_rate":53,"rating_average":4.5,"review_count":29,"price":1390000,"list_price":2980000,"category":"Máy Ảnh - Máy Quay Phim"},{"name":"Camera IP Wifi Ezviz CS-CV246 - Hàng Chính Hãng","discount":736000,"discount_rate":60,"rating_average":4.5,"review_count":104,"price":499000,"list_price":1235000,"category":"Máy Ảnh - Máy Quay Phim"},{"name":"Sạc đôi kèm cáp sạc và 2 pin sạc KingMa LP-E17 cho Canon EOS M3 M5 M6 760D 800D - Hàng chính hãng","discount":351001,"discount_rate":39,"rating_average":4.5,"review_count":4,"price":548999,"list_price":900000,"category":"Máy Ảnh - Máy Quay Phim"},{"name":"Thẻ Nhớ SDXC Sandisk Extreme Pro 170MB/s V30 64GB - Hàng Nhập Khẩu","discount":280000,"discount_rate":41,"rating_average":4.7,"review_count":434,"price":410000,"list_price":690000,"category":"Máy Ảnh - Máy Quay Phim"},{"name":"Vỉ 5 Viên Pin CR2032 Panasonic ( CR-2032/5BE x 1 Vỉ ) Lithium 3 V","discount":25000,"discount_rate":31,"rating_average":4.7,"review_count":153,"price":55000,"list_price":80000,"category":"Máy Ảnh - Máy Quay Phim"},{"name":"Chân Đế Camera Xoay 360 độ, chuyên dùng cho Camera Ezviz C6N Camera Imou A22Ep Camera Kbone H21PW","discount":84100,"discount_rate":85,"rating_average":4.6,"review_count":22,"price":14900,"list_price":99000,"category":"Máy Ảnh - Máy Quay Phim"},{"name":"Ống Nhòm Barska Lucid 8x21mm - Hàng chính hãng","discount":121000,"discount_rate":15,"rating_average":4.2,"review_count":13,"price":679000,"list_price":800000,"category":"Máy Ảnh - Máy Quay Phim"},{"name":"Camera chống trộm Xiaomi 360° 1080P Mi Home (Trắng) - Hàng Chính Hãng","discount":181000,"discount_rate":20,"rating_average":0,"review_count":0,"price":718000,"list_price":899000,"category":"Máy Ảnh - Máy Quay Phim"},{"name":"Máy Ảnh Fujifilm X-A5 + lens 15-45mm F3.5-5.6 OIS (24.2MP) - Hàng Chính Hãng","discount":6000000,"discount_rate":38,"rating_average":0,"review_count":0,"price":9990000,"list_price":15990000,"category":"Máy Ảnh - Máy Quay Phim"},{"name":"Camera wifi mini HD-720P V380 Model 2019","discount":443062,"discount_rate":63,"rating_average":0,"review_count":0,"price":256938,"list_price":700000,"category":"Máy Ảnh - Máy Quay Phim"},{"name":"Bộ 2 Pin Và Sạc Kép RAVPower Cho FujiFilm NP-W126S X-A X-E X-H X-T X-M X-Pro Series - Hàng Nhập Khẩu","discount":124001,"discount_rate":17,"rating_average":4.3,"review_count":3,"price":590999,"list_price":715000,"category":"Máy Ảnh - Máy Quay Phim"},{"name":"Tay Cầm Chống Rung Zhiyun SMOOTH 4 Dùng Cho Điện Thoại - Hàng Nhập Khẩu","discount":1490001,"discount_rate":47,"rating_average":4.7,"review_count":26,"price":1699999,"list_price":3190000,"category":"Máy Ảnh - Máy Quay Phim"},{"name":"Hộp Film Fujifilm Mini 10 Tấm - Hàng Chính Hãng","discount":210000,"discount_rate":53,"rating_average":5,"review_count":1,"price":190000,"list_price":400000,"category":"Máy Ảnh - Máy Quay Phim"},{"name":"Bộ giá đỡ điện thoại, máy ảnh 3 chân tripod","discount":63000,"discount_rate":51,"rating_average":4.3,"review_count":42,"price":60000,"list_price":123000,"category":"Máy Ảnh - Máy Quay Phim"},{"name":"Bộ 2 Pin Và Sạc Đôi Wasabi FW50 Cho Sony A7 A6000 A6300 A6500 - Hàng Nhập Khẩu","discount":92001,"discount_rate":12,"rating_average":4,"review_count":1,"price":699999,"list_price":792000,"category":"Máy Ảnh - Máy Quay Phim"},{"name":"Camera IP Yoosee 3 râu 2.0 Full HD 1080p dùng phần mềm Yoosee bảo mật cao - Hàng Nhập Khẩu","discount":325000,"discount_rate":50,"rating_average":4.2,"review_count":17,"price":325000,"list_price":650000,"category":"Máy Ảnh - Máy Quay Phim"},{"name":"Bộ Sạc Pin AA AAA + 4 Pin AA 1200mAh Doublepow (Hàng nhập khẩu)","discount":161000,"discount_rate":64,"rating_average":4.3,"review_count":47,"price":89000,"list_price":250000,"category":"Máy Ảnh - Máy Quay Phim"},{"name":"Tay cầm chống rung cho điện thoại Gimbal Zhiyun Smooth 4 - Chính hãng","discount":410000,"discount_rate":20,"rating_average":5,"review_count":3,"price":1690000,"list_price":2100000,"category":"Máy Ảnh - Máy Quay Phim"},{"name":"Pin Cho Máy Ảnh Cho  Canon LP-E6 ","discount":184001,"discount_rate":46,"rating_average":5,"review_count":1,"price":214999,"list_price":399000,"category":"Máy Ảnh - Máy Quay Phim"},{"name":"Camera IP WIFI IMOU RANGER 2 IPC - A22EP Full HD 1080P - Hàng Chính Hãng","discount":568000,"discount_rate":49,"rating_average":4.8,"review_count":24,"price":582000,"list_price":1150000,"category":"Máy Ảnh - Máy Quay Phim"},{"name":"Ống Nhòm Một Mắt Tầm Nhìn 8000m - Hàng Nhập Khẩu","discount":173000,"discount_rate":62,"rating_average":4.5,"review_count":14,"price":107000,"list_price":280000,"category":"Máy Ảnh - Máy Quay Phim"},{"name":"Giá đỡ tripod 3 chân xoay ngang dọc hỗ trợ chụp ảnh, livestream nhẹ gọn tặng kèm đầu kẹp điện thoại 2 lỗ chắc chắn","discount":69000,"discount_rate":50,"rating_average":3.6,"review_count":22,"price":69000,"list_price":138000,"category":"Máy Ảnh - Máy Quay Phim"},{"name":"Pin cho Canon LP-E12  cho Canon M10 100D Rebel S1 M M2 M50 M100","discount":126001,"discount_rate":42,"rating_average":4.6,"review_count":5,"price":172999,"list_price":299000,"category":"Máy Ảnh - Máy Quay Phim"},{"name":"Chân Máy Ảnh Tripod Weifeng 3520 - Hàng Nhập Khẩu","discount":152000,"discount_rate":34,"rating_average":3.7,"review_count":3,"price":298000,"list_price":450000,"category":"Máy Ảnh - Máy Quay Phim"},{"name":"Camera IP Wifi Ezviz C3WN 2Mp Full HD1080P (Camera Ngoài Trời) - Hàng Chính Hãng","discount":570000,"discount_rate":42,"rating_average":4,"review_count":3,"price":780000,"list_price":1350000,"category":"Máy Ảnh - Máy Quay Phim"},{"name":"Chân máy ảnh Tripod 3110 tặng Giá kẹp điện thoại, Remote bluetooth và Túi đựng","discount":210000,"discount_rate":72,"rating_average":4,"review_count":63,"price":80000,"list_price":290000,"category":"Máy Ảnh - Máy Quay Phim"},{"name":"Bộ 2 pin và đế sạc kép RAVPower RP-BC023 tương thích Fujifilm NP-W126S, FinePix X-A5,...  - Hàng Chính Hãng","discount":680001,"discount_rate":54,"rating_average":0,"review_count":0,"price":569999,"list_price":1250000,"category":"Máy Ảnh - Máy Quay Phim"},{"name":"Camera IP Wifi Ngoài trời Yoosee PTZ 2 Râu FullHD 1080P 8 LED trợ sáng đàm thoại 2 chiều - hỗ trợ xoay 355 độ (Trắng) Hàng Nhập Khẩu","discount":370000,"discount_rate":41,"rating_average":4.5,"review_count":13,"price":530000,"list_price":900000,"category":"Máy Ảnh - Máy Quay Phim"},{"name":"Camera Giám Sát IP Yoosee 3 Râu - Hàng nhập khẩu","discount":172000,"discount_rate":34,"rating_average":4.1,"review_count":30,"price":328000,"list_price":500000,"category":"Máy Ảnh - Máy Quay Phim"},{"name":"Máy Ảnh Canon Powershot G7X Mark II – Đen – Hàng Chính Hãng","discount":8140000,"discount_rate":44,"rating_average":4.6,"review_count":29,"price":10490000,"list_price":18630000,"category":"Máy Ảnh - Máy Quay Phim"},{"name":"Pin Wasabi FW50 For Sony A7 A6000 Nex E-Mount - Hàng Nhập Khẩu","discount":139001,"discount_rate":32,"rating_average":3.3,"review_count":3,"price":300999,"list_price":440000,"category":"Máy Ảnh - Máy Quay Phim"},{"name":"Máy ảnh lấy liền Fujifilm Instax Mini LiPlay - Hàng chính hãng","discount":600000,"discount_rate":14,"rating_average":4.7,"review_count":82,"price":3590000,"list_price":4190000,"category":"Máy Ảnh - Máy Quay Phim"},{"name":"Camera Hành Trình Mini DV SQ11 Full HD 1080P Hỗ Trợ Ban Đêm Cao Cấp AZONE","discount":376500,"discount_rate":78,"rating_average":3,"review_count":22,"price":108500,"list_price":485000,"category":"Máy Ảnh - Máy Quay Phim"},{"name":"Máy Ảnh Fujifilm X-E3 + Lens 15-45mm Silver - Hàng Chính Hãng","discount":4000000,"discount_rate":17,"rating_average":0,"review_count":0,"price":19990000,"list_price":23990000,"category":"Máy Ảnh - Máy Quay Phim"},{"name":"Ống Nhòm Một mắt Barska Lucid 10x25 - Hàng chính hãng","discount":140000,"discount_rate":18,"rating_average":3,"review_count":2,"price":660000,"list_price":800000,"category":"Máy Ảnh - Máy Quay Phim"},{"name":"Gopro Hero 9 Black - Hàng Chính Hãng","discount":1491000,"discount_rate":12,"rating_average":0,"review_count":0,"price":10499000,"list_price":11990000,"category":"Máy Ảnh - Máy Quay Phim"},{"name":"Máy Ảnh Sony DSC H300 - 20.1 Megapixel, Zoom 35x - Hàng Chính Hãng","discount":900000,"discount_rate":20,"rating_average":4.1,"review_count":150,"price":3590000,"list_price":4490000,"category":"Máy Ảnh - Máy Quay Phim"},{"name":"Camera IP Wifi Ezviz C6N CS-CV246 + Thẻ nhớ Ezviz 32GB - Hàng Chính Hãng","discount":1103000,"discount_rate":65,"rating_average":4.5,"review_count":11,"price":597000,"list_price":1700000,"category":"Máy Ảnh - Máy Quay Phim"},{"name":"Pin cho máy ảnh Canon LP-E8 LPE8 pin máy ảnh Canon 550D 600D 650D 700D","discount":227001,"discount_rate":57,"rating_average":4,"review_count":3,"price":172999,"list_price":400000,"category":"Máy Ảnh - Máy Quay Phim"},{"name":"Thẻ Nhớ SDHC SanDisk Extreme 90MB/s 32GB - Hàng Nhập Khẩu","discount":295000,"discount_rate":60,"rating_average":4.7,"review_count":72,"price":195000,"list_price":490000,"category":"Máy Ảnh - Máy Quay Phim"},{"name":"Pin sạc AA Ni-MH dung lượng lớn 3300 mAh","discount":171000,"discount_rate":59,"rating_average":4.5,"review_count":37,"price":119000,"list_price":290000,"category":"Máy Ảnh - Máy Quay Phim"},{"name":"Chân Đế Dùng Cho Máy Ảnh Điện Thoại Kiểu Mới Tripod TTX--6218 - Hàng Nhập Khẩu - Tặng kèm remote và túi đựng tiện lợi","discount":290000,"discount_rate":61,"rating_average":4.7,"review_count":28,"price":189000,"list_price":479000,"category":"Máy Ảnh - Máy Quay Phim"},{"name":"Pin máy ảnh cho Sony NP-BX1 1350mAh","discount":170001,"discount_rate":57,"rating_average":5,"review_count":5,"price":129999,"list_price":300000,"category":"Máy Ảnh - Máy Quay Phim"},{"name":"Máy Ảnh Canon EOS M200 KIT 15-45mm - Hàng Chính Hãng","discount":10800000,"discount_rate":49,"rating_average":4.8,"review_count":24,"price":11190000,"list_price":21990000,"category":"Máy Ảnh - Máy Quay Phim"},{"name":"Tay cầm chống rung cho điện thoại DJI OM4 (Osmo Mobile 4) - Hàng chính hãng","discount":72000,"discount_rate":2,"rating_average":5,"review_count":9,"price":3178000,"list_price":3250000,"category":"Máy Ảnh - Máy Quay Phim"}]