[{"name":"Thuật Đọc Tâm","discount":29850,"discount_rate":15,"rating_average":0,"review_count":0,"price":169150,"list_price":199000,"category":"Sách"},{"name":"Combo 2 sách Hack Não 1500 + Hack Não Ngữ Pháp - Tặng App học phát âm và ngữ pháp, làm chủ từ vựng và nắm chắc ngữ pháp tiếng Anh chỉ sau 2 tháng","discount":210000,"discount_rate":26,"rating_average":5,"review_count":798,"price":610000,"list_price":820000,"category":"Sách"},{"name":"Spy X Family Tập 3","discount":4300,"discount_rate":17,"rating_average":5,"review_count":293,"price":20700,"list_price":25000,"category":"Sách"},{"name":"Từng Có Người Yêu Tôi Như Sinh Mệnh  (Tặng Kèm Bookmark)","discount":45800,"discount_rate":36,"rating_average":5,"review_count":447,"price":83200,"list_price":129000,"category":"Sách"},{"name":"Cà Phê Cùng Tony (Tái Bản 2017)","discount":45000,"discount_rate":50,"rating_average":4.8,"review_count":1380,"price":45000,"list_price":90000,"category":"Sách"},{"name":"Boxset Your Name - Phiên Bản Manga","discount":24000,"discount_rate":20,"rating_average":4.8,"review_count":1384,"price":96000,"list_price":120000,"category":"Sách"},{"name":"Bí Mật Của Phan Thiên Ân","discount":0,"discount_rate":0,"rating_average":4.8,"review_count":1094,"price":69000,"list_price":69000,"category":"Sách"},{"name":"Boxset Doraemon Tuyển Tập Những Người Thân Yêu (6 Tập)","discount":40100,"discount_rate":22,"rating_average":5,"review_count":475,"price":139900,"list_price":180000,"category":"Sách"},{"name":"Phía Sau Nghi Can X (Tái Bản 2019)","discount":26300,"discount_rate":24,"rating_average":4.8,"review_count":1169,"price":82700,"list_price":109000,"category":"Sách"},{"name":"Men Chase Women Choose - Chuyện Tình Yêu Bạn Biết Được Bao Nhiêu?","discount":30600,"discount_rate":28,"rating_average":4.8,"review_count":30,"price":78400,"list_price":109000,"category":"Sách"},{"name":"Thiên Tài Bên Trái, Kẻ Điên Bên Phải","discount":53800,"discount_rate":37,"rating_average":4.6,"review_count":1823,"price":91200,"list_price":145000,"category":"Sách"},{"name":"Mega 2021 - Siêu Luyện Đề 9 + THPT Quốc Gia 2021 - Toán Học","discount":48400,"discount_rate":26,"rating_average":4.8,"review_count":243,"price":136600,"list_price":185000,"category":"Sách"},{"name":"Việt Nam Sử Lược - Trần Trọng Kim (Bìa Cứng)","discount":97500,"discount_rate":25,"rating_average":4.8,"review_count":516,"price":292500,"list_price":390000,"category":"Sách"},{"name":"Tôi Tài Giỏi - Bạn Cũng Thế (Tái Bản 2020)","discount":31400,"discount_rate":25,"rating_average":5,"review_count":278,"price":93600,"list_price":125000,"category":"Sách"},{"name":"Sách Tài Chính Cá Nhân Cho Người Việt Nam - Tặng Khóa học Online về Tài chính","discount":0,"discount_rate":0,"rating_average":4.7,"review_count":174,"price":200000,"list_price":200000,"category":"Sách"},{"name":"Tâm Lý Học Hành Vi (Tặng Kèm 1 Bookmark )","discount":4900,"discount_rate":5,"rating_average":5,"review_count":1,"price":93100,"list_price":98000,"category":"Sách"},{"name":"Mãi Mãi Là Bao Xa (Tái Bản 2019)","discount":32500,"discount_rate":24,"rating_average":4.7,"review_count":690,"price":102500,"list_price":135000,"category":"Sách"},{"name":"Tôi Từng Nghĩ Mọi Thứ Sẽ Ổn Khi Trở Thành Người Lớn (Tặng Kèm 1 Bookmark)","discount":29900,"discount_rate":31,"rating_average":4.7,"review_count":1389,"price":66100,"list_price":96000,"category":"Sách"},{"name":"Hack Não 1500 - sách tự học từ vựng theo chủ đề, đi kèm App dạy phát âm của người bản xứ và 4 buổi học Livestream mỗi tuần - tự tin đọc hiểu và giao tiếp tiếng Anh, luyện siêu trí nhớ sau 50 ngày","discount":70000,"discount_rate":14,"rating_average":4.8,"review_count":1234,"price":425000,"list_price":495000,"category":"Sách"},{"name":"Chữ Xưa Còn Một Chút Này (Ngày Ngày Viết Chữ)","discount":23800,"discount_rate":20,"rating_average":5,"review_count":33,"price":95200,"list_price":119000,"category":"Sách"},{"name":"Combo 2 Tập: Dior Tiên Sinh","discount":41100,"discount_rate":15,"rating_average":0,"review_count":0,"price":232900,"list_price":274000,"category":"Sách"},{"name":"Sách Ehon - Combo 4 cuốn Bạn là ai vậy - Dành cho trẻ từ 0 - 3 tuổi","discount":66100,"discount_rate":42,"rating_average":4.8,"review_count":141,"price":89900,"list_price":156000,"category":"Sách"},{"name":"Combo Truyện Tranh Song Ngữ Việt - Anh Cho Bé (12 Tập)","discount":56200,"discount_rate":31,"rating_average":4.7,"review_count":938,"price":123800,"list_price":180000,"category":"Sách"},{"name":"Thế Giới Rộng Lớn Lòng Người Chật Hẹp (Tặng Kèm 1 Bookmark )","discount":32300,"discount_rate":35,"rating_average":4.8,"review_count":875,"price":59700,"list_price":92000,"category":"Sách"},{"name":"Phương pháp VPA - Kỹ thuật nhận diện Dòng Tiền Thông Minh bằng Hành Động Giá kết hợp Khối Lượng Giao Dịch","discount":0,"discount_rate":0,"rating_average":4.8,"review_count":310,"price":357000,"list_price":357000,"category":"Sách"},{"name":"Đứa Con Của Thời Tiết","discount":17000,"discount_rate":20,"rating_average":5,"review_count":761,"price":68000,"list_price":85000,"category":"Sách"},{"name":"Spy X Family Tập 2","discount":5700,"discount_rate":23,"rating_average":4.8,"review_count":396,"price":19300,"list_price":25000,"category":"Sách"},{"name":"Bố Già (Mario Puzo)","discount":33000,"discount_rate":30,"rating_average":0,"review_count":0,"price":77000,"list_price":110000,"category":"Sách"},{"name":"Điều Kỳ Diệu Của Tiệm Tạp Hóa NAMIYA (Tái Bản)","discount":33400,"discount_rate":32,"rating_average":4.8,"review_count":1235,"price":71600,"list_price":105000,"category":"Sách"},{"name":"Cơ Thể Tự Chữa Lành: Nước Ép Cần Tây","discount":38200,"discount_rate":26,"rating_average":5,"review_count":193,"price":109800,"list_price":148000,"category":"Sách"},{"name":"\"Cậu\" Ma Nhà Xí Hanako Tập 2","discount":0,"discount_rate":0,"rating_average":5,"review_count":73,"price":28000,"list_price":28000,"category":"Sách"},{"name":"Sách Muôn Kiếp Nhân Sinh Tặng Bookmark","discount":100800,"discount_rate":60,"rating_average":4.8,"review_count":1002,"price":67200,"list_price":168000,"category":"Sách"},{"name":"Trời Sinh Vụng Về, Hãy Bù Đắp Bằng Sự Kiên Trì","discount":40100,"discount_rate":31,"rating_average":4.7,"review_count":70,"price":88900,"list_price":129000,"category":"Sách"},{"name":"English Grammar in Use Book w Ans","discount":5200,"discount_rate":3,"rating_average":5,"review_count":951,"price":172800,"list_price":178000,"category":"Sách"},{"name":"Hoàng Tử Bé (Tái Bản 2019)","discount":24200,"discount_rate":32,"rating_average":4.8,"review_count":990,"price":50800,"list_price":75000,"category":"Sách"},{"name":"Combo Sherlock Holmes Toàn Tập (Trọn Bộ 3 Tập)","discount":151000,"discount_rate":50,"rating_average":4.6,"review_count":1048,"price":149000,"list_price":300000,"category":"Sách"},{"name":"Tôi Cần Mỹ Nhan Thịnh Thế Để Làm Gì?","discount":35600,"discount_rate":21,"rating_average":5,"review_count":90,"price":133400,"list_price":169000,"category":"Sách"},{"name":"Không Gia Đình (Tái Bản)","discount":59500,"discount_rate":50,"rating_average":4.7,"review_count":1301,"price":59500,"list_price":119000,"category":"Sách"},{"name":"\"Cậu\" Ma Nhà Xí Hanako Tập 4","discount":0,"discount_rate":0,"rating_average":5,"review_count":81,"price":28000,"list_price":28000,"category":"Sách"},{"name":"Sách Người trong muôn nghề: Ngành Kinh tế có gì?","discount":19500,"discount_rate":12,"rating_average":4.6,"review_count":52,"price":149500,"list_price":169000,"category":"Sách"},{"name":"Đam Mê Không Để Làm Cảnh, Đam Mê Là Để Ra Tiền","discount":20000,"discount_rate":11,"rating_average":5,"review_count":62,"price":159000,"list_price":179000,"category":"Sách"},{"name":"Sói đội lốt Cừu - Kẻ hiếu chiến ngầm và các thủ thuật thao túng tâm lí","discount":22100,"discount_rate":20,"rating_average":4.8,"review_count":192,"price":87900,"list_price":110000,"category":"Sách"},{"name":"Oan Gia Tương Phùng (Tặng Kèm Bookmark + Postcard)","discount":45900,"discount_rate":33,"rating_average":4.8,"review_count":378,"price":93100,"list_price":139000,"category":"Sách"},{"name":"Bá Tước Monte Cristo (Bìa Cứng)","discount":119400,"discount_rate":60,"rating_average":5,"review_count":629,"price":79600,"list_price":199000,"category":"Sách"},{"name":"Hackers Ielts: Writing","discount":84900,"discount_rate":36,"rating_average":4.8,"review_count":794,"price":154100,"list_price":239000,"category":"Sách"},{"name":"Traffic Secrets - Bí Mật Traffic (Russell Brunson)","discount":26800,"discount_rate":10,"rating_average":5,"review_count":2,"price":241200,"list_price":268000,"category":"Sách"},{"name":"Chúng Ta Rồi Sẽ Hạnh Phúc, Theo Những Cách Khác Nhau [Tặng Kèm: 01 Bookmark]","discount":8600,"discount_rate":10,"rating_average":5,"review_count":1,"price":77400,"list_price":86000,"category":"Sách"},{"name":"Đừng Chạy Theo Số Đông -  Cuốn Sách Bạn Cần Đọc Trước Khi Quá Muộn","discount":78300,"discount_rate":39,"rating_average":4.8,"review_count":20,"price":121700,"list_price":200000,"category":"Sách"}]