[{"name":"Vụ Án Mạng Ở Nhà Khách Núi Hakuba","discount":53900,"discount_rate":39,"rating_average":4.8,"review_count":204,"price":84100,"list_price":138000,"category":"Sách"},{"name":"Những Tù Nhân Của Địa Lý","discount":50500,"discount_rate":24,"rating_average":4.8,"review_count":476,"price":159500,"list_price":210000,"category":"Sách"},{"name":"Nhà Đầu Tư Thông Minh (Tái Bản 2020)","discount":53800,"discount_rate":27,"rating_average":4.7,"review_count":796,"price":145200,"list_price":199000,"category":"Sách"},{"name":"Yêu Những Điều Không Hoàn Hảo","discount":33500,"discount_rate":24,"rating_average":4.8,"review_count":1204,"price":105500,"list_price":139000,"category":"Sách"},{"name":"PENBOOK - Luyện đề thi Tốt nghiệp THPT Môn Toán - 2021","discount":45000,"discount_rate":20,"rating_average":5,"review_count":8,"price":180000,"list_price":225000,"category":"Sách"},{"name":"Mình Chỉ Là Người Bình Thường (Sách Tô Màu)","discount":34600,"discount_rate":25,"rating_average":4.7,"review_count":89,"price":103400,"list_price":138000,"category":"Sách"},{"name":"Sống Thực Tế Giữa Đời Thực Dụng","discount":32400,"discount_rate":33,"rating_average":4.7,"review_count":2356,"price":65600,"list_price":98000,"category":"Sách"},{"name":"Hành Trình Về Phương Đông (Tái Bản 2019)","discount":44000,"discount_rate":50,"rating_average":4.7,"review_count":1416,"price":44000,"list_price":88000,"category":"Sách"},{"name":"COMBO VĂN HỌC TUỔI TEEN - Ơ KÌA TUỔI THƠ - TÌNH BẠN TUYỆT VỜI CỦA BELLA VÀ HAI CHÚ CHÓ MONKEY-RABBIT","discount":22000,"discount_rate":14,"rating_average":5,"review_count":2,"price":134000,"list_price":156000,"category":"Sách"},{"name":"Không Phải Chưa Đủ Năng Lực , Mà Là Chưa Đủ Kiên Định","discount":24800,"discount_rate":35,"rating_average":4.7,"review_count":1145,"price":46200,"list_price":71000,"category":"Sách"},{"name":"Bạn Đắt Giá Bao Nhiêu?","discount":34800,"discount_rate":35,"rating_average":4.7,"review_count":2591,"price":64200,"list_price":99000,"category":"Sách"},{"name":"Đáp Án Của Thời Gian","discount":47700,"discount_rate":40,"rating_average":4.8,"review_count":732,"price":71300,"list_price":119000,"category":"Sách"},{"name":"Tài Chính Doanh Nghiệp - Corporate Finance","discount":39000,"discount_rate":6,"rating_average":4.5,"review_count":102,"price":620000,"list_price":659000,"category":"Sách"},{"name":"Hai Số Phận (Bìa Cứng)","discount":62000,"discount_rate":35,"rating_average":4.7,"review_count":1981,"price":113000,"list_price":175000,"category":"Sách"},{"name":"Sức Mạnh Tiềm Thức (Tái Bản)","discount":43200,"discount_rate":40,"rating_average":4.8,"review_count":672,"price":64800,"list_price":108000,"category":"Sách"},{"name":"Càng Kỷ Luật, Càng Tự Do","discount":40400,"discount_rate":37,"rating_average":4.8,"review_count":1037,"price":68600,"list_price":109000,"category":"Sách"},{"name":"Sách Tăng tốc luyện đề dành cho kì thi đánh giá năng lực của Đại học Quốc gia Tp. Hồ Chí Minh","discount":45000,"discount_rate":20,"rating_average":5,"review_count":66,"price":180000,"list_price":225000,"category":"Sách"},{"name":"Tuổi Trẻ Đáng Giá Bao Nhiêu (Tái Bản)","discount":24100,"discount_rate":30,"rating_average":4.7,"review_count":1819,"price":55900,"list_price":80000,"category":"Sách"},{"name":"Thần Số Học Ứng Dụng","discount":32250,"discount_rate":25,"rating_average":4.8,"review_count":253,"price":96750,"list_price":129000,"category":"Sách"},{"name":"Đi Tìm Lẽ Sống ( Tái Bản )","discount":31200,"discount_rate":40,"rating_average":4.7,"review_count":677,"price":46800,"list_price":78000,"category":"Sách"},{"name":"Lâu Đài Bay Của Pháp Sư Howl (Tái Bản 2020)","discount":27700,"discount_rate":26,"rating_average":4.8,"review_count":533,"price":78300,"list_price":106000,"category":"Sách"},{"name":"Bộ sách Làm Giàu Từ Chứng Khoán (How To Make Money In Stock) phiên bản mới + Hướng Dẫn Thực Hành CANSLIM Cho Người Mới Bắt Đầu","discount":0,"discount_rate":0,"rating_average":4.6,"review_count":26,"price":700000,"list_price":700000,"category":"Sách"},{"name":"Cẩm Nang Cấu Trúc Tiếng Anh","discount":34000,"discount_rate":35,"rating_average":4.8,"review_count":1473,"price":64000,"list_price":98000,"category":"Sách"},{"name":"Thanh Gươm Diệt Quỷ - Kimetsu No Yaiba - Tập 22: Vòng Xoay Vận Mệnh - Bản Đặc Biệt - Tặng Kèm Bộ Huy Hiệu + Phụ Lục Độc Quyền: Báo Cáo Đặc Biệt Của Đội Diệt Quỷ","discount":4200,"discount_rate":4,"rating_average":5,"review_count":138,"price":115800,"list_price":120000,"category":"Sách"},{"name":"Khởi Nghiệp Bán Lẻ - Bí Quyết Thành Công Và Giàu Có Bằng Những Cửa Hàng Đông Khách - Công Thức Kinh Doanh Và Quản Lý Cửa Hàng Hiệu Quả","discount":80000,"discount_rate":40,"rating_average":4.8,"review_count":1531,"price":119000,"list_price":199000,"category":"Sách"},{"name":"Nghệ Thuật Đánh Cắp Ý Tưởng (10 Bí Mật Không Ai Nói Với Bạn Về Sáng Tạo)","discount":36800,"discount_rate":37,"rating_average":4.7,"review_count":70,"price":62200,"list_price":99000,"category":"Sách"},{"name":"\"Cậu\" Ma Nhà Xí Hanako Tập 3","discount":1500,"discount_rate":5,"rating_average":5,"review_count":107,"price":26500,"list_price":28000,"category":"Sách"},{"name":"Thanh Gươm Diệt Quỷ - Tập 22: Vòng Xoay Vận Mệnh","discount":2500,"discount_rate":10,"rating_average":4.8,"review_count":115,"price":22500,"list_price":25000,"category":"Sách"},{"name":"Làm thuê hay Khởi nghiệp","discount":20000,"discount_rate":12,"rating_average":4.7,"review_count":18,"price":149000,"list_price":169000,"category":"Sách"},{"name":"Dám Bị Ghét","discount":24100,"discount_rate":25,"rating_average":4.7,"review_count":1485,"price":71900,"list_price":96000,"category":"Sách"},{"name":"Giải Mã Siêu Trí Nhớ ","discount":0,"discount_rate":0,"rating_average":4.8,"review_count":1585,"price":139000,"list_price":139000,"category":"Sách"},{"name":"Tôi Quyết Định Sống Cho Chính Tôi (Tặng Kèm 1 Sổ To Do List 2020)","discount":18000,"discount_rate":20,"rating_average":4.2,"review_count":13,"price":70000,"list_price":88000,"category":"Sách"},{"name":"PENBOOK – Luyện đề thi tốt nghiệp THPT môn Vật lí","discount":45000,"discount_rate":20,"rating_average":4.8,"review_count":11,"price":180000,"list_price":225000,"category":"Sách"},{"name":"Sức Mạnh Của Ngôn Từ (Tặng Kèm 1 Photocard Mintbooks Limited)","discount":35400,"discount_rate":37,"rating_average":4.8,"review_count":2113,"price":60600,"list_price":96000,"category":"Sách"},{"name":"Quên Một Người Là Chuyện Của Thời Gian","discount":25900,"discount_rate":29,"rating_average":5,"review_count":986,"price":63100,"list_price":89000,"category":"Sách"},{"name":"Người Giàu Có Nhất Thành Babylon (Tái Bản 2020)","discount":39200,"discount_rate":40,"rating_average":5,"review_count":646,"price":58800,"list_price":98000,"category":"Sách"},{"name":"Sứ mệnh khởi nghiệp","discount":0,"discount_rate":0,"rating_average":5,"review_count":77,"price":399000,"list_price":399000,"category":"Sách"},{"name":"Hậu Vận Rất Đắt Xin Đừng Lãng Phí","discount":49100,"discount_rate":38,"rating_average":4.8,"review_count":258,"price":79900,"list_price":129000,"category":"Sách"},{"name":"Nghệ Thuật Tinh Tế Của Việc \"Đếch\" Quan Tâm","discount":45000,"discount_rate":47,"rating_average":4.7,"review_count":1006,"price":50000,"list_price":95000,"category":"Sách"},{"name":"Nhóc Miko! Cô Bé Nhí Nhảnh 34","discount":0,"discount_rate":0,"rating_average":5,"review_count":100,"price":20000,"list_price":20000,"category":"Sách"},{"name":"3 Giờ Làm Việc Hết Việc Một Ngày - Phong Cách Làm Việc Của Người Thành Công","discount":18750,"discount_rate":25,"rating_average":0,"review_count":0,"price":56250,"list_price":75000,"category":"Sách"},{"name":"Combo Dạy Con Làm Giàu (Trọn Bộ 13 Tập) (Tái Bản)","discount":604500,"discount_rate":50,"rating_average":5,"review_count":356,"price":604500,"list_price":1209000,"category":"Sách"},{"name":"Nhà Lãnh Đạo Không Chức Danh","discount":32000,"discount_rate":40,"rating_average":4.8,"review_count":1235,"price":48000,"list_price":80000,"category":"Sách"},{"name":"Tuyệt kỹ Giao dịch bằng đồ thị nến Nhật – Japanese Candlestick Charting Techniques","discount":0,"discount_rate":0,"rating_average":4.8,"review_count":733,"price":499000,"list_price":499000,"category":"Sách"},{"name":"Tự Học 2000 Từ Vựng Tiếng Anh Theo Chủ Đề","discount":39000,"discount_rate":60,"rating_average":4.7,"review_count":1711,"price":26000,"list_price":65000,"category":"Sách"},{"name":"Bến Xe (Tái Bản 2020)","discount":24600,"discount_rate":32,"rating_average":4.7,"review_count":542,"price":51400,"list_price":76000,"category":"Sách"},{"name":"Chủ Nghĩa Khắc Kỷ - Phong Cách Sống Bản Lĩnh Và Bình Thản","discount":46600,"discount_rate":37,"rating_average":4.7,"review_count":1300,"price":78400,"list_price":125000,"category":"Sách"},{"name":"All In Love - Ngập Tràn Yêu Thương (Tái Bản 2020)","discount":35800,"discount_rate":30,"rating_average":4.8,"review_count":669,"price":83200,"list_price":119000,"category":"Sách"},{"name":"5 NHÓM BÍ MẬT ĐIỀU KHIỂN NHANH NGƯỜI KHÁC QUA NGÔN NGỮ CƠ THỂ  (Thuật Thành Công Nhanh, Giao Tiếp, Phát Hiện Nói Đôi, Làm Chủ Số Phận)","discount":0,"discount_rate":0,"rating_average":5,"review_count":2,"price":260000,"list_price":260000,"category":"Sách"},{"name":"Cơ Thể Tự Chữa Lành: Phục Hồi Tuyến Giáp","discount":51200,"discount_rate":28,"rating_average":4.8,"review_count":59,"price":128800,"list_price":180000,"category":"Sách"},{"name":"Mega 2021 - Siêu Luyện Đề 9 + THPT Quốc Gia 2021 - Tiếng Anh","discount":50400,"discount_rate":27,"rating_average":5,"review_count":230,"price":134600,"list_price":185000,"category":"Sách"},{"name":"Your Name ","discount":18750,"discount_rate":25,"rating_average":4.8,"review_count":1889,"price":56250,"list_price":75000,"category":"Sách"},{"name":"Storytelling With Data - Kể Chuyện Thông Qua Dữ Liệu (Cuốn Cẩm Nang Hướng Dẫn Trực Quan Hóa Dữ Liệu)","discount":48100,"discount_rate":15,"rating_average":4.8,"review_count":379,"price":270900,"list_price":319000,"category":"Sách"},{"name":"Chuyện Con Mèo Dạy Hải Âu Bay (Tái Bản 2019)","discount":13400,"discount_rate":27,"rating_average":4.8,"review_count":1310,"price":35600,"list_price":49000,"category":"Sách"},{"name":"Giáo Trình Hán Ngữ 1 - Tập 1 - Quyển Thượng (Phiên Bản Mới)","discount":44500,"discount_rate":50,"rating_average":4.8,"review_count":1014,"price":44500,"list_price":89000,"category":"Sách"},{"name":"\"Cậu\" Ma Nhà Xí Hanako - Tập 1","discount":4700,"discount_rate":17,"rating_average":5,"review_count":135,"price":23300,"list_price":28000,"category":"Sách"},{"name":"Search Inside Yourself - Tạo Ra Lợi Nhuận Vượt Qua Đại Dương Và Thay Đổi Thế Giới (Tái Bản) ","discount":46200,"discount_rate":39,"rating_average":4.8,"review_count":414,"price":73800,"list_price":120000,"category":"Sách"},{"name":"999 Lá Thư Gửi Cho Chính Mình - Mong Bạn Trở Thành Phiên Bản Hạnh Phúc Nhất (Phần 2)","discount":31700,"discount_rate":32,"rating_average":4.7,"review_count":1250,"price":67300,"list_price":99000,"category":"Sách"},{"name":"Mindmap English Grammar - Ngữ Pháp Tiếng Anh Bằng Sơ Đồ Tư Duy","discount":114000,"discount_rate":60,"rating_average":4.7,"review_count":1003,"price":76000,"list_price":190000,"category":"Sách"},{"name":"25 Chuyên Đề Ngữ Pháp Tiếng Anh Trọng Tâm – (Tập 1)","discount":40200,"discount_rate":37,"rating_average":4.8,"review_count":1142,"price":69800,"list_price":110000,"category":"Sách"}]