[{"name":"CẨM NANG MUA BÁN NHÀ","discount":48000,"discount_rate":24,"rating_average":4.6,"review_count":47,"price":150000,"list_price":198000,"category":"Sách"},{"name":"Biên Niên Cô Đơn","discount":79200,"discount_rate":80,"rating_average":4.7,"review_count":1805,"price":19800,"list_price":99000,"category":"Sách"},{"name":"Từ Điển Tiếng “Em”","discount":26200,"discount_rate":38,"rating_average":4.7,"review_count":3585,"price":42800,"list_price":69000,"category":"Sách"},{"name":"Thay Đổi Cuộc Sống Với Nhân Số Học","discount":74400,"discount_rate":30,"rating_average":4.8,"review_count":1763,"price":173600,"list_price":248000,"category":"Sách"},{"name":"Đọc Để Trưởng Thành - Tuyển Chọn Những Cuốn Sách Hay Dành Cho Bạn Trẻ (Hộp 5 Cuốn) - Tặng Kèm Sổ Độc Quyền (Số Lượng Có Hạn)","discount":120000,"discount_rate":25,"rating_average":0,"review_count":0,"price":360000,"list_price":480000,"category":"Sách"},{"name":"Cây Cam Ngọt Của Tôi","discount":10000,"discount_rate":9,"rating_average":5,"review_count":8,"price":98000,"list_price":108000,"category":"Sách"},{"name":"Cân Bằng Cảm Xúc, Cả Lúc Bão Giông","discount":31800,"discount_rate":33,"rating_average":4.7,"review_count":2420,"price":64200,"list_price":96000,"category":"Sách"},{"name":"Vui Vẻ Không Quạu Nha - Tản Văn","discount":23900,"discount_rate":35,"rating_average":4.5,"review_count":235,"price":45100,"list_price":69000,"category":"Sách"},{"name":"Sách Tài Chính Cá Nhân Cho Người Việt Nam - Tặng Khóa học Online về Tài chính","discount":0,"discount_rate":0,"rating_average":4.7,"review_count":1104,"price":200000,"list_price":200000,"category":"Sách"},{"name":"Máy Tính Khoa Học Casio FX-580VN X","discount":89000,"discount_rate":14,"rating_average":4.8,"review_count":3897,"price":561000,"list_price":650000,"category":"Sách"},{"name":"Một Cuốn Sách Buồn… Cười - Vui Vẻ Không Quạu Nha 2","discount":18000,"discount_rate":23,"rating_average":4.8,"review_count":136,"price":61000,"list_price":79000,"category":"Sách"},{"name":"Tô Bình Yên Vẽ Hạnh Phúc","discount":23600,"discount_rate":30,"rating_average":5,"review_count":5876,"price":54400,"list_price":78000,"category":"Sách"},{"name":"Nghệ Thuật Đánh Cắp Ý Tưởng (10 Bí Mật Không Ai Nói Với Bạn Về Sáng Tạo)","discount":14850,"discount_rate":15,"rating_average":4.2,"review_count":14,"price":84150,"list_price":99000,"category":"Sách"},{"name":"Nóng Giận Là Bản Năng , Tĩnh Lặng Là Bản Lĩnh","discount":32300,"discount_rate":36,"rating_average":4.7,"review_count":3235,"price":56700,"list_price":89000,"category":"Sách"},{"name":"Kiếp Nào Ta Cũng Tìm Thấy Nhau","discount":32200,"discount_rate":38,"rating_average":4.8,"review_count":1165,"price":52800,"list_price":85000,"category":"Sách"},{"name":"Đàn Ông Sao Hỏa Đàn Bà Sao Kim","discount":68100,"discount_rate":36,"rating_average":4.7,"review_count":1961,"price":119900,"list_price":188000,"category":"Sách"},{"name":"SÁCH VĂN HỌC THIẾU NHI_COMBO CUỘC SỐNG BAO ĐIỀU HAY 1+2+3","discount":37000,"discount_rate":14,"rating_average":0,"review_count":0,"price":230000,"list_price":267000,"category":"Sách"},{"name":"Đời Ngắn Đừng Ngủ Dài (Tái Bản)","discount":30000,"discount_rate":40,"rating_average":4.8,"review_count":1682,"price":45000,"list_price":75000,"category":"Sách"},{"name":"Đắc Nhân Tâm (Khổ Lớn)","discount":24400,"discount_rate":32,"rating_average":4.8,"review_count":184,"price":51600,"list_price":76000,"category":"Sách"},{"name":"Con Chim Xanh Biếc Bay Về (Nguyễn Nhật Ánh) (Bìa Mềm)","discount":75000,"discount_rate":50,"rating_average":5,"review_count":2735,"price":75000,"list_price":150000,"category":"Sách"},{"name":"SÁCH VĂN HỌC THIẾU NHI_COMBO CHUYỆN MÈO MUN TÌM MẸ VÀ NHỮNG ÁNH SAO ĐÊM + TÌNH BẠN TUYỆT VỜI CỦA BELLA VÀ HAI CHÚ CHÓ MONKEY - RABBIT","discount":21000,"discount_rate":17,"rating_average":4.5,"review_count":2,"price":105000,"list_price":126000,"category":"Sách"},{"name":"Đừng Lựa Chọn An Nhàn Khi Còn Trẻ","discount":24900,"discount_rate":31,"rating_average":4.7,"review_count":4741,"price":56100,"list_price":81000,"category":"Sách"},{"name":"Đừng Làm Việc Chăm Chỉ Hãy Làm Việc Thông Minh","discount":58300,"discount_rate":35,"rating_average":4.8,"review_count":742,"price":106700,"list_price":165000,"category":"Sách"},{"name":"How Psychology Works - Hiểu Hết Về Tâm Lý Học","discount":75100,"discount_rate":25,"rating_average":4.7,"review_count":352,"price":224900,"list_price":300000,"category":"Sách"},{"name":"CẨM NANG MUA BÁN ĐẤT","discount":48000,"discount_rate":24,"rating_average":4.5,"review_count":61,"price":150000,"list_price":198000,"category":"Sách"},{"name":"Combo 999 Lá Thư Gửi Cho Chính Mình - Tặng kèm bookmark (Trọn bộ 2 tập)","discount":65400,"discount_rate":33,"rating_average":4.8,"review_count":1962,"price":132600,"list_price":198000,"category":"Sách"},{"name":"Sapiens: Lược Sử Loài Người (Tái Bản Có Chỉnh Sửa) ","discount":42000,"discount_rate":20,"rating_average":5,"review_count":394,"price":167000,"list_price":209000,"category":"Sách"},{"name":"Thiết Kế Cuộc Đời Thịnh Vượng - Design a Prosperous Life","discount":0,"discount_rate":0,"rating_average":5,"review_count":1614,"price":299000,"list_price":299000,"category":"Sách"},{"name":"NYM - Tôi Của Tương Lai (Bản Đặc Biệt)","discount":195000,"discount_rate":50,"rating_average":5,"review_count":117,"price":195000,"list_price":390000,"category":"Sách"},{"name":"Chiến Binh Cầu Vồng (Tái Bản 2020)","discount":32800,"discount_rate":30,"rating_average":4.8,"review_count":851,"price":76200,"list_price":109000,"category":"Sách"},{"name":"Payback Time - Ngày Đòi Nợ","discount":0,"discount_rate":0,"rating_average":4.8,"review_count":1701,"price":299000,"list_price":299000,"category":"Sách"},{"name":"Combo 2 Cuốn: Tâm Lý Học Tội Phạm","discount":72100,"discount_rate":25,"rating_average":4.8,"review_count":243,"price":215900,"list_price":288000,"category":"Sách"},{"name":"Đừng Để Mất Bò - 7 Bước Quản Lý Cửa Hàng Hiệu Quả Và Chống Thất Thoát","discount":20000,"discount_rate":12,"rating_average":5,"review_count":344,"price":149000,"list_price":169000,"category":"Sách"},{"name":"Bước Chậm Lại Giữa Thế Gian Vội Vã (Tái Bản)","discount":2000,"discount_rate":2,"rating_average":5,"review_count":3,"price":83000,"list_price":85000,"category":"Sách"},{"name":"OSHO - Yêu - Being In Love","discount":37200,"discount_rate":22,"rating_average":5,"review_count":452,"price":130800,"list_price":168000,"category":"Sách"},{"name":"Nhà Giả Kim (Tái Bản 2020)","discount":25800,"discount_rate":33,"rating_average":4.8,"review_count":1216,"price":53200,"list_price":79000,"category":"Sách"},{"name":"Lâu Đài Bay Của Pháp Sư Howl (Tái Bản 2020)","discount":27700,"discount_rate":26,"rating_average":4.8,"review_count":533,"price":78300,"list_price":106000,"category":"Sách"},{"name":"Thám Tử Lừng Danh Conan - Tập 98","discount":4200,"discount_rate":21,"rating_average":5,"review_count":1280,"price":15800,"list_price":20000,"category":"Sách"},{"name":"Giải Thích Ngữ Pháp Tiếng Anh (Tái Bản 2020)","discount":76400,"discount_rate":42,"rating_average":4.8,"review_count":1247,"price":103600,"list_price":180000,"category":"Sách"},{"name":"Đọc Vị Bất Kỳ Ai (Tái Bản 2019)","discount":30200,"discount_rate":38,"rating_average":4.8,"review_count":1217,"price":48800,"list_price":79000,"category":"Sách"},{"name":"Tài Chính Doanh Nghiệp - Corporate Finance","discount":39000,"discount_rate":6,"rating_average":4.5,"review_count":102,"price":620000,"list_price":659000,"category":"Sách"},{"name":"Hiểu Về Trái Tim (Tái Bản)","discount":35200,"discount_rate":26,"rating_average":4.8,"review_count":1143,"price":102800,"list_price":138000,"category":"Sách"},{"name":"Mắt Biếc (Tái Bản 2019)","discount":66000,"discount_rate":60,"rating_average":4.8,"review_count":2311,"price":44000,"list_price":110000,"category":"Sách"},{"name":"Muôn Kiếp Nhân Sinh (Many Lives - Many Times)","discount":100800,"discount_rate":60,"rating_average":4.7,"review_count":2734,"price":67200,"list_price":168000,"category":"Sách"},{"name":"Sách: Thoát Khỏi Tâm Trí và Bước Vào Cuộc Sống","discount":38750,"discount_rate":25,"rating_average":4.8,"review_count":6,"price":116250,"list_price":155000,"category":"Sách"},{"name":"Nhà Giả Kim","discount":13900,"discount_rate":20,"rating_average":4.7,"review_count":5512,"price":55100,"list_price":69000,"category":"Sách"},{"name":"Spy X Family Tập 4","discount":2600,"discount_rate":10,"rating_average":5,"review_count":155,"price":22400,"list_price":25000,"category":"Sách"},{"name":"Tâm Lý Học Về Tiền","discount":47250,"discount_rate":25,"rating_average":4.8,"review_count":119,"price":141750,"list_price":189000,"category":"Sách"},{"name":"Giấy photo A4 70 Thiên Long PP-001","discount":11300,"discount_rate":15,"rating_average":5,"review_count":22,"price":65000,"list_price":76300,"category":"Sách"},{"name":"Muôn Kiếp Nhân Sinh (Khổ Nhỏ)","discount":39200,"discount_rate":40,"rating_average":4.8,"review_count":1162,"price":58800,"list_price":98000,"category":"Sách"},{"name":"Tony Buổi Sáng - Trên Đường Băng (Tái Bản 2017)","discount":40000,"discount_rate":50,"rating_average":4.8,"review_count":2211,"price":40000,"list_price":80000,"category":"Sách"},{"name":"Tự Học 2000 Từ Vựng Tiếng Anh Theo Chủ Đề","discount":39000,"discount_rate":60,"rating_average":4.7,"review_count":1711,"price":26000,"list_price":65000,"category":"Sách"},{"name":"Khi Nói Không Tôi Thấy Tội Lỗi","discount":40000,"discount_rate":25,"rating_average":0,"review_count":0,"price":120000,"list_price":160000,"category":"Sách"},{"name":"Rèn Luyện Tư Duy Phản Biện","discount":24750,"discount_rate":25,"rating_average":4.6,"review_count":447,"price":74250,"list_price":99000,"category":"Sách"},{"name":"Siêu Cò – How To Be A Power Connector","discount":0,"discount_rate":0,"rating_average":4.8,"review_count":1453,"price":249000,"list_price":249000,"category":"Sách"},{"name":"Chuyện Lạ Ở Bệnh Viện Tư Nhân Hiệp Tế Đường Đồng Hoa Trung","discount":14000,"discount_rate":9,"rating_average":0,"review_count":0,"price":135000,"list_price":149000,"category":"Sách"},{"name":"Combo Sách: Thai Giáo Theo Chuy​ên Gia  + Bách Khoa Nuôi Dạy Trẻ Từ 0-3 Tuổi","discount":45250,"discount_rate":25,"rating_average":0,"review_count":0,"price":135750,"list_price":181000,"category":"Sách"},{"name":"Không Sợ Chậm Chỉ Sợ Dừng ","discount":26600,"discount_rate":21,"rating_average":5,"review_count":1293,"price":102400,"list_price":129000,"category":"Sách"},{"name":"Tư Duy Sâu","discount":28400,"discount_rate":31,"rating_average":4.8,"review_count":576,"price":62600,"list_price":91000,"category":"Sách"},{"name":"Bút lông 36 màu Fiber Pen Washable - Nét mảnh nét to - Colokit SWM-C006","discount":61000,"discount_rate":38,"rating_average":4.8,"review_count":147,"price":99000,"list_price":160000,"category":"Sách"},{"name":"Ứng Dụng Siêu Trí Nhớ 4000 Từ Vựng Tiếng Anh Thông Dụng Nhất","discount":65450,"discount_rate":55,"rating_average":4.6,"review_count":65,"price":53550,"list_price":119000,"category":"Sách"},{"name":"Dạy Con Làm Giàu (Tập 1) - Để Không Có Tiền Vẫn Tạo Ra Tiền - Cha Giàu Cha Nghèo (Tái Bản)","discount":32500,"discount_rate":50,"rating_average":4.8,"review_count":1239,"price":32500,"list_price":65000,"category":"Sách"},{"name":"Những Gì Đã Qua Đừng Nghĩ Lại Quá Nhiều (Tái Bản 2020)(Tặng Kèm 01 Bookmark)","discount":25300,"discount_rate":35,"rating_average":4.7,"review_count":1295,"price":46700,"list_price":72000,"category":"Sách"},{"name":"999 Lá Thư Gửi Cho Chính Mình – Mong Bạn Trở Thành Phiên Bản Hoàn Hảo Nhất","discount":31600,"discount_rate":32,"rating_average":4.7,"review_count":2294,"price":67400,"list_price":99000,"category":"Sách"}]