[{"name":"Tai nghe không dây blueetooth LANITH cao cấp 5.0 TWS F9 – Tai nghe Bluetooth kiểu dáng hiện đại, thời thượng - Hàng nhập khẩu – TA0002","discount":260000,"discount_rate":65,"rating_average":4.8,"review_count":8,"price":139000,"list_price":399000,"category":"Thiết Bị Số - Phụ Kiện Số"},{"name":"Tai Nghe Bluetooth Apple AirPods Pro True Wireless - MWP22 - Hàng Chính Hãng VN/A","discount":3410000,"discount_rate":40,"rating_average":4.8,"review_count":1242,"price":5090000,"list_price":8500000,"category":"Thiết Bị Số - Phụ Kiện Số"},{"name":"Adapter Sạc 1 Cổng Anker 18W / 20W PowerPort III Nano Tích Hợp PowerIQ 3.0 - Hàng Chính Hãng","discount":0,"discount_rate":0,"rating_average":5,"review_count":2052,"price":400000,"list_price":400000,"category":"Thiết Bị Số - Phụ Kiện Số"},{"name":"Tai nghe bluetooth 5.0 TWS Air Pro - Định vị + Đổi tên thiết bị và Tháo tai nghe dừng nhạc","discount":1021000,"discount_rate":73,"rating_average":4.3,"review_count":4,"price":378000,"list_price":1399000,"category":"Thiết Bị Số - Phụ Kiện Số"},{"name":"Loa bluetooth speaker LANITH A2 dáng dài 2 loa cực đỉnh – Tặng kèm dây sạc 3 đầu - Kiểu dáng sang trọng hỗ trợ thẻ nhớ, đài FM - Hàng nhập khẩu – LWR000A2.CAP001","discount":151000,"discount_rate":38,"rating_average":5,"review_count":9,"price":249000,"list_price":400000,"category":"Thiết Bị Số - Phụ Kiện Số"},{"name":"Tai nghe bluetooth không dây F9 True wireless Dock Sạc có Led Báo Pin Kép","discount":621000,"discount_rate":83,"rating_average":4.5,"review_count":728,"price":129000,"list_price":750000,"category":"Thiết Bị Số - Phụ Kiện Số"},{"name":"Tai nghe Bluetooth Inpods 12 - Cảm biến vân tay, chống nước,màu sắc đa dạng- 5 màu sắc lựa chọn","discount":223100,"discount_rate":74,"rating_average":4.7,"review_count":38,"price":76900,"list_price":300000,"category":"Thiết Bị Số - Phụ Kiện Số"},{"name":"Tai Nghe Nhét Tai JBL C150SI - Hàng Chính Hãng","discount":199100,"discount_rate":50,"rating_average":4.5,"review_count":1997,"price":199900,"list_price":399000,"category":"Thiết Bị Số - Phụ Kiện Số"},{"name":"Máy trợ giảng không dây T20 UHF có bluetooth, âm thanh to rõ, chống rút rít bắt xa khoảng cách lên đến 40m,  tặng túi đựng máy + micro có dây cài áo- Hàng Chính Hãng","discount":470000,"discount_rate":38,"rating_average":4.5,"review_count":31,"price":780000,"list_price":1250000,"category":"Thiết Bị Số - Phụ Kiện Số"},{"name":"Chuột Không Dây Logitech M330 Silent Plus- Hàng Chính Hãng","discount":110000,"discount_rate":28,"rating_average":4.7,"review_count":1154,"price":289000,"list_price":399000,"category":"Thiết Bị Số - Phụ Kiện Số"},{"name":"Tai Nghe Bluetooth Nhét Tai Apple AirPods 2 True Wireless - Hàng Chính Hãng VN/A","discount":2000000,"discount_rate":36,"rating_average":4.7,"review_count":836,"price":3490000,"list_price":5490000,"category":"Thiết Bị Số - Phụ Kiện Số"},{"name":"Chuột Không Dây Logitech M331 Silent - Hàng Chính Hãng","discount":100000,"discount_rate":25,"rating_average":4.8,"review_count":501,"price":299000,"list_price":399000,"category":"Thiết Bị Số - Phụ Kiện Số"},{"name":"Bảng Vẽ Wacom Intuos S CTL-4100 - Hàng Chính Hãng","discount":1000,"discount_rate":0,"rating_average":4.8,"review_count":131,"price":2024000,"list_price":2025000,"category":"Thiết Bị Số - Phụ Kiện Số"},{"name":"Tai Nghe Bluetooth Không Dây Lanith 5.0 F9 - Tai Nghe Airpods Cao Cấp - Kiểu Dáng Độc Đáo, Nhỏ Gọn - Âm Thanh Mềm Mượt, Thoải Mái, Không Làm Nhức Tai - Hàng Nhập Khẩu - TAI000F9B","discount":260000,"discount_rate":65,"rating_average":3.9,"review_count":159,"price":139000,"list_price":399000,"category":"Thiết Bị Số - Phụ Kiện Số"},{"name":"Tai nghe Inpod i12 TWS Bluetooth 5.0 cho iPhone và Android kèm Hộp sạc - Hàng nhập khẩu","discount":152200,"discount_rate":66,"rating_average":4.7,"review_count":21,"price":76800,"list_price":229000,"category":"Thiết Bị Số - Phụ Kiện Số"},{"name":"Tai nghe Bluetooth Lanith i12 TWS 5.0 không dây – Tai nghe không dây kiểu dáng hiện đại, thời thượng - Hàng nhập khẩu – TAI0001","discount":121000,"discount_rate":61,"rating_average":3.8,"review_count":4,"price":78000,"list_price":199000,"category":"Thiết Bị Số - Phụ Kiện Số"},{"name":"Giá Đỡ Điện Thoại, Máy Tính Bảng Hợp Kim Nhôm Có Thể Điều Chỉnh Chiều Cao Helios","discount":103000,"discount_rate":52,"rating_average":4.6,"review_count":150,"price":97000,"list_price":200000,"category":"Thiết Bị Số - Phụ Kiện Số"},{"name":"Tai Nghe Bluetooth Không Dây 5.0, AMOI F9, Cảm Ứng Vân Tay, Màn Led Báo Pin, Kháng Nước, Chống Ồn, Âm Thanh Cực Chất - Hàng Nhập Khẩu","discount":420000,"discount_rate":76,"rating_average":4.5,"review_count":277,"price":130000,"list_price":550000,"category":"Thiết Bị Số - Phụ Kiện Số"},{"name":"Pin Sạc Dự Phòng Xiaomi Redmi 20000mAh PB200LMZ Tích Hợp Cổng USB Type - C In Hỗ Trợ Sạc Nhanh 18W - Hàng Chính Hãng","discount":41000,"discount_rate":9,"rating_average":4.7,"review_count":2586,"price":409000,"list_price":450000,"category":"Thiết Bị Số - Phụ Kiện Số"},{"name":"Tai nghe nhét tai BYZ S Super Bass cho IPHONE/IPAD/SAMSUNG (trắng) - Hàng chính hãng","discount":76100,"discount_rate":63,"rating_average":4.7,"review_count":328,"price":43900,"list_price":120000,"category":"Thiết Bị Số - Phụ Kiện Số"},{"name":"Bảng Vẽ Wacom Intuos Bluetooth S CTL-4100WL - Hàng Chính Hãng","discount":0,"discount_rate":0,"rating_average":4.8,"review_count":56,"price":2550000,"list_price":2550000,"category":"Thiết Bị Số - Phụ Kiện Số"},{"name":"[[ KÈM VIDEO ]] - Pin Sạc dự phòng 10000mAh Robot - Cho di động/điện thoại Apple/iOS (iPhone/iPad), Android -RT170 - Hàng Chính Hãng","discount":286000,"discount_rate":66,"rating_average":4.6,"review_count":1149,"price":149000,"list_price":435000,"category":"Thiết Bị Số - Phụ Kiện Số"},{"name":"Tai Nghe Bluetooth True Wireless AMOI F9 5.0 Cảm Ứng Vân Tay, Dock Sạc có Led Báo Pin Kép - Hàng Nhập Khẩu","discount":521000,"discount_rate":80,"rating_average":4.5,"review_count":360,"price":129000,"list_price":650000,"category":"Thiết Bị Số - Phụ Kiện Số"},{"name":"Pin Sạc Dự Phòng Samsung EB-P1100 10000mAh Hỗ Trợ Sạc Nhanh QC 2.0 - Hàng Chính Hãng","discount":111000,"discount_rate":28,"rating_average":4.5,"review_count":1670,"price":279000,"list_price":390000,"category":"Thiết Bị Số - Phụ Kiện Số"},{"name":"Chuột không dây Bluetooth PROLiNK PMB8502 (800/1200/1600dpi/6 button)- Hàng chính hãng","discount":170000,"discount_rate":37,"rating_average":3.8,"review_count":6,"price":289000,"list_price":459000,"category":"Thiết Bị Số - Phụ Kiện Số"},{"name":"Đồng Hồ Thông Minh Apple Watch SE GPS Only Aluminum Case With Sport Band (Viền Nhôm & Dây Cao Su) - Hàng Chính Hãng VN/A","discount":1800000,"discount_rate":20,"rating_average":5,"review_count":488,"price":7190000,"list_price":8990000,"category":"Thiết Bị Số - Phụ Kiện Số"},{"name":"Bàn Phím Bluetooth Logitech K380 - Hàng Chính Hãng","discount":191000,"discount_rate":25,"rating_average":4.7,"review_count":1542,"price":559000,"list_price":750000,"category":"Thiết Bị Số - Phụ Kiện Số"},{"name":"Tai Nghe Nhét Tai Sony ExtraBass MDR-XB55AP - Hàng Chính Hãng","discount":306800,"discount_rate":34,"rating_average":4.7,"review_count":68,"price":583200,"list_price":890000,"category":"Thiết Bị Số - Phụ Kiện Số"},{"name":"Tai nghe nhét tai kiểm âm TAKSTAR TS-2260 AVSTAR - hàng chính hãng","discount":485000,"discount_rate":58,"rating_average":5,"review_count":14,"price":352000,"list_price":837000,"category":"Thiết Bị Số - Phụ Kiện Số"},{"name":"Tai Nghe Bluetooth Air.podes Cảm Ứng Công Nghệ Cao 5.0","discount":372000,"discount_rate":50,"rating_average":4.6,"review_count":16,"price":378000,"list_price":750000,"category":"Thiết Bị Số - Phụ Kiện Số"},{"name":"Bộ Thu Phát Bluetooth TP-Link UB400 USB Nano Bluetooth 4.0 - Hàng Chính Hãng","discount":99000,"discount_rate":45,"rating_average":4.7,"review_count":106,"price":120000,"list_price":219000,"category":"Thiết Bị Số - Phụ Kiện Số"},{"name":"Chuột Không Dây Logitech M590 Slient - Hàng Chính Hãng","discount":110000,"discount_rate":16,"rating_average":4.5,"review_count":1247,"price":590000,"list_price":700000,"category":"Thiết Bị Số - Phụ Kiện Số"},{"name":"Tai nghe Bluetooth Lanith 5.0 đổi tên, định vị, cảm biển siêu nhạy - Hàng nhập khẩu - TAI00005W","discount":151000,"discount_rate":50,"rating_average":4.5,"review_count":10,"price":149000,"list_price":300000,"category":"Thiết Bị Số - Phụ Kiện Số"},{"name":"Chuột Không Dây Logitech B175 - Hàng Chính Hãng","discount":81000,"discount_rate":32,"rating_average":4.6,"review_count":373,"price":169000,"list_price":250000,"category":"Thiết Bị Số - Phụ Kiện Số"},{"name":"Chuột Có Dây Logitech B100 - Hàng Chính Hãng","discount":22000,"discount_rate":24,"rating_average":4.7,"review_count":156,"price":68000,"list_price":90000,"category":"Thiết Bị Số - Phụ Kiện Số"},{"name":"Thẻ Nhớ Micro SDHC SanDisk UHS-1 32GB Class 10  - Hàng Chính Hãng","discount":47000,"discount_rate":29,"rating_average":4.7,"review_count":1030,"price":113000,"list_price":160000,"category":"Thiết Bị Số - Phụ Kiện Số"},{"name":"Tai nghe Bluetooth Lanith S11 kèm pin sạc dự phòng dung lượng cao – Kết nối Bluetooth 5.0 – Tai nghe không dây nghe nhạc, chơi game hiện đại – Hàng nhập khẩu","discount":151000,"discount_rate":38,"rating_average":5,"review_count":8,"price":249000,"list_price":400000,"category":"Thiết Bị Số - Phụ Kiện Số"},{"name":"Loa Bluetooth Sanag X6 Plus Bản Mở Rộng, chống nước IPX5. Hỗ Trợ Kết Nối Bluetooth 5.0, Thẻ Nhớ, Nhiều Màu Sắc - Hàng chính hãng","discount":271000,"discount_rate":54,"rating_average":4.6,"review_count":433,"price":229000,"list_price":500000,"category":"Thiết Bị Số - Phụ Kiện Số"},{"name":"Adapter Sạc 1 Cổng USB Type-C 20W Apple MHJE3ZA/A - Hàng Chính Hãng","discount":448000,"discount_rate":50,"rating_average":5,"review_count":651,"price":442000,"list_price":890000,"category":"Thiết Bị Số - Phụ Kiện Số"},{"name":"Tai nghe Bluetooth Inpods 12 Thời trang","discount":174000,"discount_rate":67,"rating_average":4.2,"review_count":164,"price":86000,"list_price":260000,"category":"Thiết Bị Số - Phụ Kiện Số"},{"name":"Tai Nghe Bluetooth Mini I12 Tws V5.0 (Trắng) Nút Cảm Ứng, Có Pop-Up, Tương Thích Với Các Dòng Smartphone, Tích Hợp Mic Nói Chuyện Điện Thoại, Đi Kèm Dock Sạc Dự Phòng, Âm Bass Sống Động – Hàng Chính Hãng","discount":190000,"discount_rate":71,"rating_average":4.2,"review_count":13,"price":79000,"list_price":269000,"category":"Thiết Bị Số - Phụ Kiện Số"},{"name":"Đồng Hồ Thông Minh Apple Watch Series 6 GPS Only Aluminum Case With Sport Band (Viền Nhôm & Dây Cao Su) - Hàng Chính Hãng VN/A","discount":2000000,"discount_rate":17,"rating_average":5,"review_count":376,"price":9990000,"list_price":11990000,"category":"Thiết Bị Số - Phụ Kiện Số"},{"name":"Chuột Không Dây Logitech M221 - Hàng Chính Hãng","discount":104000,"discount_rate":33,"rating_average":4.7,"review_count":1331,"price":215000,"list_price":319000,"category":"Thiết Bị Số - Phụ Kiện Số"},{"name":"Dây sạc nhanh Hoco X14 cho Iphone, Ipad (Giao Màu Ngẫu Nhiên) - Hàng Chính Hãng","discount":66800,"discount_rate":67,"rating_average":4.5,"review_count":330,"price":33200,"list_price":100000,"category":"Thiết Bị Số - Phụ Kiện Số"},{"name":"Tai nghe không dây Lanith Air Pro 4 Bluetooth 5.0 đổi tên, định vị, cảm biến siêu nhạy - Tai nghe bluetooth - Hàng nhập khẩu - TAI0PRO4W","discount":151000,"discount_rate":50,"rating_average":4.5,"review_count":22,"price":149000,"list_price":300000,"category":"Thiết Bị Số - Phụ Kiện Số"},{"name":"[Miễn phí 1 năm] Sim 4G Vinaphone VD149 Tặng 120GB/Tháng Và 200 Phút Gọi Ngoại Mạng (Hàng Chính Hãng) - Màu ngẫu nhiên","discount":446000,"discount_rate":41,"rating_average":4.6,"review_count":161,"price":654000,"list_price":1100000,"category":"Thiết Bị Số - Phụ Kiện Số"},{"name":"Bao Tay Chơi Game Cảm Ứng Chống Mồ Hôi SIDOTECH Siêu Mỏng Vải Sợi Carbon Siêu Bền Chống Giãn Xù, Cảm Ứng Nhạy Thuộc Dòng Găng Tay Chơi Game Bao Ngón Tay Cho PUBG Tốc Chiến Freefire Liên Quân mobile - Hàng Chính Hãng","discount":62000,"discount_rate":54,"rating_average":4.1,"review_count":14,"price":53000,"list_price":115000,"category":"Thiết Bị Số - Phụ Kiện Số"},{"name":"Adapter Sạc 2 Cổng Anker PowerPort Mini 12W - A2620 - Hàng Chính Hãng","discount":0,"discount_rate":0,"rating_average":4.7,"review_count":1230,"price":225000,"list_price":225000,"category":"Thiết Bị Số - Phụ Kiện Số"},{"name":"Chuột không dây Bluetooth PROLiNK PMB8001 GRY (1600dpi/3 button) tính năng nhấp chuột im lặng, thiết kế vỏ nhôm nhỏ gọn, tiện lợi khi sử dụng - Hàng chính hãng","discount":301000,"discount_rate":50,"rating_average":4.5,"review_count":15,"price":299000,"list_price":600000,"category":"Thiết Bị Số - Phụ Kiện Số"},{"name":"Thẻ Nhớ Micro SD Samsung Evo Plus U1 32GB Class 10 - 95MB/s (Kèm Adapter) - Hàng Chính Hãng","discount":56000,"discount_rate":33,"rating_average":4.7,"review_count":1809,"price":114000,"list_price":170000,"category":"Thiết Bị Số - Phụ Kiện Số"},{"name":"Tai nghe Bluetooth Lanith i12 TWS 5.0 không dây tặng bao đựng silicone bảo vệ – Tai nghe không dây bluetooth kiểu dáng hiện đại, thời thượng - Tai nghe bluetooth nhét tai - Hàng nhập khẩu – TAI00I12W+OPTAIS55B","discount":101000,"discount_rate":51,"rating_average":4.5,"review_count":48,"price":99000,"list_price":200000,"category":"Thiết Bị Số - Phụ Kiện Số"},{"name":"Đồng Hồ Thông Minh Apple Watch Series 3 GPS Aluminum Case With Sport Band - Hàng Chính Hãng VN/A","discount":3100000,"discount_rate":39,"rating_average":4.7,"review_count":198,"price":4890000,"list_price":7990000,"category":"Thiết Bị Số - Phụ Kiện Số"},{"name":"Tai nghe TWS Bluetooth Không Dây  5.0 F9 Mini kèm Hộp sạc kiêm Sạc dự phòng ","discount":261000,"discount_rate":65,"rating_average":0,"review_count":0,"price":139000,"list_price":400000,"category":"Thiết Bị Số - Phụ Kiện Số"},{"name":"Chuột Gaming Logitech G102 Gen 2 Lightsync - Hàng Chính Hãng","discount":325000,"discount_rate":47,"rating_average":4.7,"review_count":93,"price":365000,"list_price":690000,"category":"Thiết Bị Số - Phụ Kiện Số"},{"name":"Thẻ Nhớ Micro SDXC SanDisk UHS-1 64GB Class 10  - Hàng Chính Hãng","discount":584000,"discount_rate":77,"rating_average":4.7,"review_count":705,"price":175000,"list_price":759000,"category":"Thiết Bị Số - Phụ Kiện Số"},{"name":"Tai Nghe Nhét Tai Sony MDR-EX155AP - Hàng Chính Hãng","discount":407000,"discount_rate":59,"rating_average":4.6,"review_count":935,"price":283000,"list_price":690000,"category":"Thiết Bị Số - Phụ Kiện Số"},{"name":"Loa bluetooth Lanith Booms Bass L17, Có Quai Xách – Tặng dây cáp sạc 3 đầu - Hỗ trợ thẻ nhớ, Bluetooth,audio 3.5mm – LB000017.CAP0001 - Hàng chính hãng","discount":181000,"discount_rate":39,"rating_average":5,"review_count":7,"price":289000,"list_price":470000,"category":"Thiết Bị Số - Phụ Kiện Số"},{"name":"Tai Nghe Bluetooth Apple AirPods 2 True Wireless (Sạc Có Dây) - Model A2032,A2031,A1602 - Hàng Nhập Khẩu","discount":1400000,"discount_rate":31,"rating_average":4.5,"review_count":120,"price":3190000,"list_price":4590000,"category":"Thiết Bị Số - Phụ Kiện Số"},{"name":"Tai nghe Bluetooth LG HBS-510 - Hàng Chính Hãng","discount":544000,"discount_rate":61,"rating_average":4.6,"review_count":892,"price":355000,"list_price":899000,"category":"Thiết Bị Số - Phụ Kiện Số"},{"name":"Dây cáp sạc đa năng Baseus Rapid 4 in 1 Type-C, 2 Lighning,  Micro USB, cho iPhone/ iPad, Smartphone & Tablet Android (3.5A, 1.2M, Fast charge 4 in 1 Cable) - Hàng chính hãng","discount":207000,"discount_rate":69,"rating_average":4.6,"review_count":1648,"price":93000,"list_price":300000,"category":"Thiết Bị Số - Phụ Kiện Số"},{"name":"Máy trợ giảng Hàn Quốc Sumin SM18 có dây dùng cho giáo viên pin siêu bền, chống rè, chống nhiễu- Hàng Chính Hãng","discount":180000,"discount_rate":18,"rating_average":5,"review_count":1,"price":800000,"list_price":980000,"category":"Thiết Bị Số - Phụ Kiện Số"},{"name":"Loa Bluetooth 5.0 Kiêm Đồng Hồ Báo Thức - [[ 2 Trong 1 ]] - Robot - Hàng Chính Hãng","discount":181000,"discount_rate":52,"rating_average":4.6,"review_count":1233,"price":169000,"list_price":350000,"category":"Thiết Bị Số - Phụ Kiện Số"},{"name":"Tai nghe cho iPhone 7 Plus/ 8 Plus/ X/ XSmax","discount":567000,"discount_rate":90,"rating_average":3.7,"review_count":200,"price":63000,"list_price":630000,"category":"Thiết Bị Số - Phụ Kiện Số"}]