[{"name":"Bao Da Case Cover Dành Cho iPad Mini 5/ iPad Pro 11 inch/ iPad Air 3 / iPad Pro 3/ iPad Air 4 / iPad 7/8 / iPad Pro 12.9 inch - Hàng Chính Hãng Có Khe Cắm Apple Pencil","discount":57000,"discount_rate":19,"rating_average":5,"review_count":13,"price":243000,"list_price":300000,"category":"Thiết Bị Số - Phụ Kiện Số"},{"name":"CỐC SẠC NHANH 2 CỔNG CHỐNG CHÁY NỔ HOCO C73 - CỦ SẠC ĐA NĂNG 2.4A CHO IPHONE SAMSUNG OPPO XAOMI CHÍNH HÃNG","discount":65000,"discount_rate":43,"rating_average":4.7,"review_count":45,"price":85000,"list_price":150000,"category":"Thiết Bị Số - Phụ Kiện Số"},{"name":"Đồng Hồ Thông Minh Theo Dõi Vận Động Theo Dõi Sức Khỏe Xiaomi Watch Lite - Hàng Chính Hãng","discount":1000000,"discount_rate":50,"rating_average":4.8,"review_count":99,"price":990000,"list_price":1990000,"category":"Thiết Bị Số - Phụ Kiện Số"},{"name":"Dây Cáp Sạc Lightning Cho iPhone Anker PowerLine II 1.8m - A8433 - Hàng Chính Hãng","discount":19000,"discount_rate":5,"rating_average":4.7,"review_count":510,"price":361000,"list_price":380000,"category":"Thiết Bị Số - Phụ Kiện Số"},{"name":"Miếng lót chuột, Pad chuột 90x40 cm Siêu rộng - Hàng chính hãng","discount":130000,"discount_rate":72,"rating_average":4.7,"review_count":224,"price":50000,"list_price":180000,"category":"Thiết Bị Số - Phụ Kiện Số"},{"name":"Vòng Tay Thông Minh Xiaomi Mi Band 5 Hàng Chính Hãng","discount":261000,"discount_rate":26,"rating_average":5,"review_count":4,"price":729000,"list_price":990000,"category":"Thiết Bị Số - Phụ Kiện Số"},{"name":"Dây Cáp Sạc Anker PowerLine III USB-C to USB-C 2.0 0.9m / 1.8m - A8852 / A8853 - Hàng Chính Hãng","discount":100,"discount_rate":0,"rating_average":4.7,"review_count":384,"price":249900,"list_price":250000,"category":"Thiết Bị Số - Phụ Kiện Số"},{"name":"Cáp Sạc Dây Dù Hoco X14 Iphone Chính Hãng Chống Đứt, Chống Rối - Cáp Sạc Lighning (màu ngẫu nhiên) - Chính Hãng ","discount":112500,"discount_rate":75,"rating_average":4.6,"review_count":164,"price":37500,"list_price":150000,"category":"Thiết Bị Số - Phụ Kiện Số"},{"name":"Kính Cường Lực Full Màn KingKong 10D Đủ Mã Dành Cho iPhone 7/8Plus/ X/Xs/11pro / XR/11/ Xs Max/11Promax - DT062","discount":25800,"discount_rate":40,"rating_average":0,"review_count":0,"price":39200,"list_price":65000,"category":"Thiết Bị Số - Phụ Kiện Số"},{"name":"Miếng Lót Chuột Dễ Thương Chữ Nhật ( 20 x 26 cm )","discount":30000,"discount_rate":50,"rating_average":4.8,"review_count":371,"price":30000,"list_price":60000,"category":"Thiết Bị Số - Phụ Kiện Số"},{"name":"Đồng Hồ Thông Minh AMA Watch S2 Kết nối Bluetooth Theo dõi Sức khỏe Vận động Màn hình cong tràn viền Hàng chính hãng","discount":1412999,"discount_rate":50,"rating_average":4.1,"review_count":89,"price":1387001,"list_price":2800000,"category":"Thiết Bị Số - Phụ Kiện Số"},{"name":"Tai nghe gaming có mic G901 dùng được cho điện thoại và máy tính + Tặng đế xem phim cho điện thoại","discount":111000,"discount_rate":44,"rating_average":4.5,"review_count":58,"price":139000,"list_price":250000,"category":"Thiết Bị Số - Phụ Kiện Số"},{"name":"Loa Bluetooth JBL Go 3 - Hàng Chính Hãng","discount":400100,"discount_rate":31,"rating_average":4.8,"review_count":107,"price":889900,"list_price":1290000,"category":"Thiết Bị Số - Phụ Kiện Số"},{"name":"Tai Nghe Nhét Tai Sony Fontopia MDR-E9LP - Hàng Chính Hãng","discount":87000,"discount_rate":44,"rating_average":4.3,"review_count":640,"price":112000,"list_price":199000,"category":"Thiết Bị Số - Phụ Kiện Số"},{"name":"Bút Cảm Ứng Điện Dung 2 Trong 1 Baseus Smartphone Tablet IPad - Màu Ngẫu Nhiên - Hàng chính hãng","discount":232000,"discount_rate":66,"rating_average":4.5,"review_count":21,"price":118000,"list_price":350000,"category":"Thiết Bị Số - Phụ Kiện Số"},{"name":"Tai nghe Bluetooth Lanith 5.0 đổi tên, định vị, cảm biển siêu nhạy - Hàng nhập khẩu - TAI00005W","discount":14000,"discount_rate":5,"rating_average":4.7,"review_count":6,"price":286000,"list_price":300000,"category":"Thiết Bị Số - Phụ Kiện Số"},{"name":"Loa Bluetooth GUTEK C3 MINI Nghe Nhạc Cầm Tay Không Dây, Vỏ Nhôm Nghe Nhạc Hay, Âm Thanh Chất Lượng, Hỗ Trợ Kết Nối Bluetooth 4.0, Thẻ Nhớ, Đài FM, Usb, Nhiều Màu Sắc - Hàng Chính Hãng","discount":176000,"discount_rate":63,"rating_average":4.1,"review_count":15,"price":104000,"list_price":280000,"category":"Thiết Bị Số - Phụ Kiện Số"},{"name":"Cáp sạc nhanh, truyền dữ liệu tốc độ cao Baseus Cafule Type C cho Samsung S8/S9/ Note8/ Note9/ Xiaomi/ Huawei/ Oppo/Nokia ( 3A, Sạc nhanh Quick charge 3.0, Siêu bền)- Hàng nhập khẩu","discount":53800,"discount_rate":49,"rating_average":4.6,"review_count":5,"price":56200,"list_price":110000,"category":"Thiết Bị Số - Phụ Kiện Số"},{"name":"Tai nghe không dây Bluetooth Inpod 12 Simple - Màu ngẫu nhiên","discount":173000,"discount_rate":69,"rating_average":4.5,"review_count":2,"price":76000,"list_price":249000,"category":"Thiết Bị Số - Phụ Kiện Số"},{"name":"Sim 4G Vinaphone VD89 60GB/THÁNG (2GB/ngày) trọn gói 1 năm không nạp tiền - Chính hãng - Màu ngẫu nhiên","discount":176000,"discount_rate":25,"rating_average":4.5,"review_count":108,"price":524000,"list_price":700000,"category":"Thiết Bị Số - Phụ Kiện Số"},{"name":"Tai Nghe Bluetooth I7s Bản Nâng Cấp","discount":611000,"discount_rate":87,"rating_average":4,"review_count":76,"price":89000,"list_price":700000,"category":"Thiết Bị Số - Phụ Kiện Số"},{"name":"Chuột Không Dây Logitech M238 Marvel Collection - Hàng Chính Hãng","discount":249000,"discount_rate":50,"rating_average":4.8,"review_count":133,"price":250000,"list_price":499000,"category":"Thiết Bị Số - Phụ Kiện Số"},{"name":"Loa Bluetooth 5.0 - [[ Nghe 24h - Phạm Vi 20m, 200m2 ]] - VIVAN VS20 - Hàng Chính Hãng","discount":491000,"discount_rate":50,"rating_average":4.6,"review_count":349,"price":499000,"list_price":990000,"category":"Thiết Bị Số - Phụ Kiện Số"},{"name":"Bàn Phím Có Dây Logitech K120 - Hàng Chính Hãng","discount":70000,"discount_rate":33,"rating_average":4.7,"review_count":72,"price":139000,"list_price":209000,"category":"Thiết Bị Số - Phụ Kiện Số"},{"name":"Dây Cáp sạc Lightning tự ngắt thông minh Baseus C Shape Light cho iPhone iPad (2.4A, Sạc nhanh, Sợi Carbon Siêu Bền, LED, Intelligent power-off) - Hàng Chính Hãng","discount":207000,"discount_rate":69,"rating_average":4.5,"review_count":27,"price":93000,"list_price":300000,"category":"Thiết Bị Số - Phụ Kiện Số"},{"name":"Tai Nghe Nhét Tai BYZ S389 - Hàng Chính Hãng","discount":47100,"discount_rate":53,"rating_average":4.3,"review_count":275,"price":41900,"list_price":89000,"category":"Thiết Bị Số - Phụ Kiện Số"},{"name":"ĐỒNG HỒ THÔNG MINH SMART WATCH T500 SERI 5","discount":321000,"discount_rate":47,"rating_average":2.8,"review_count":4,"price":369000,"list_price":690000,"category":"Thiết Bị Số - Phụ Kiện Số"},{"name":"Loa Bluetooth Harman Kardon Onyx Studio 5 50W - Hàng Chính Hãng","discount":3311600,"discount_rate":51,"rating_average":4.8,"review_count":192,"price":3188400,"list_price":6500000,"category":"Thiết Bị Số - Phụ Kiện Số"},{"name":"Tai nghe Bluetooth Lanith Không Dây - Tai Nghe Không Dây Thiết Kế Thời Trang – Chống Ồn Cực Tốt - Hàng Nhập Khẩu - TAI00003W","discount":151000,"discount_rate":38,"rating_average":0,"review_count":0,"price":248000,"list_price":399000,"category":"Thiết Bị Số - Phụ Kiện Số"},{"name":"Tai Nghe Bluetooth Mini I12 Tws V5.0 (Trắng) Nút Cảm Ứng, Có Pop-Up, Tương Thích Với Các Dòng Smartphone, Tích Hợp Mic Nói Chuyện Điện Thoại, Đi Kèm Dock Sạc Dự Phòng, Âm Bass Sống Động – Hàng Chính Hãng","discount":183000,"discount_rate":68,"rating_average":4.3,"review_count":19,"price":86000,"list_price":269000,"category":"Thiết Bị Số - Phụ Kiện Số"},{"name":"Chuột Không Dây DareU LM115G MultiColor - Hàng Chính Hãng","discount":175000,"discount_rate":53,"rating_average":4.5,"review_count":919,"price":155000,"list_price":330000,"category":"Thiết Bị Số - Phụ Kiện Số"},{"name":"Giá đỡ kẹp điện thoại kim loại gắn gương chiếu hậu xe máy C2","discount":73500,"discount_rate":57,"rating_average":4.5,"review_count":242,"price":55500,"list_price":129000,"category":"Thiết Bị Số - Phụ Kiện Số"},{"name":"Bút Cảm Ứng Apple Pencil 2 MU8F2ZP/A - Hàng Chính Hãng","discount":615100,"discount_rate":15,"rating_average":4.8,"review_count":258,"price":3374900,"list_price":3990000,"category":"Thiết Bị Số - Phụ Kiện Số"},{"name":"Đế Tản Nhiệt Laptop 2 Fan Có Led - Quạt Tản Nhiệt Laptop Thay Đổi Độ Dốc (Màu Đen)","discount":142800,"discount_rate":55,"rating_average":4.5,"review_count":51,"price":116200,"list_price":259000,"category":"Thiết Bị Số - Phụ Kiện Số"},{"name":"Pin Sạc Dự Phòng Xiaomi Gen 3 Version 2019 Polymer 10000mAh Tích Hợp Cổng Type-C PLM13ZM - Hàng Chính Hãng","discount":131000,"discount_rate":29,"rating_average":4.6,"review_count":8,"price":319000,"list_price":450000,"category":"Thiết Bị Số - Phụ Kiện Số"},{"name":"Tai Nghe Bluetooth True Wireless Samsung Galaxy Buds Live - Hàng Chính Hãng","discount":2140000,"discount_rate":48,"rating_average":4.7,"review_count":180,"price":2350000,"list_price":4490000,"category":"Thiết Bị Số - Phụ Kiện Số"},{"name":"Cốc Củ sạc nhanh Baseus công suất 24W Công nghệ Sạc Nhanh Qualcomm QC 3.0 tự động điều chình dòng sạc - Hàng nhập khẩu","discount":241000,"discount_rate":65,"rating_average":4.7,"review_count":110,"price":129000,"list_price":370000,"category":"Thiết Bị Số - Phụ Kiện Số"},{"name":"Đồng Hồ Thông Minh Theo Dõi Vận Động Theo Dõi Sức Khỏei Huami Amazfit Bip U / Bip U Pro - Hàng Chính Hãng","discount":308000,"discount_rate":22,"rating_average":4.7,"review_count":116,"price":1091000,"list_price":1399000,"category":"Thiết Bị Số - Phụ Kiện Số"},{"name":"Bộ Găng tay chơi game cảm ứng bao ngón tay chống mồ hôi chống trượt","discount":36600,"discount_rate":75,"rating_average":4.8,"review_count":37,"price":12400,"list_price":49000,"category":"Thiết Bị Số - Phụ Kiện Số"},{"name":"SIM 4G Mobifone MDT250A Trọn Gói 1 Năm Không Cần Nạp Tiền - Hàng chính hãng - Mẫu ngẫu nhiên","discount":53000,"discount_rate":21,"rating_average":4.3,"review_count":80,"price":197000,"list_price":250000,"category":"Thiết Bị Số - Phụ Kiện Số"},{"name":"Loa Bluetooth xách tay D-B16","discount":113500,"discount_rate":57,"rating_average":4.3,"review_count":121,"price":85500,"list_price":199000,"category":"Thiết Bị Số - Phụ Kiện Số"},{"name":"Chuột Không Dây Microsoft 1850 Receiver USB - Hàng Chính Hãng","discount":108000,"discount_rate":31,"rating_average":4.6,"review_count":316,"price":242000,"list_price":350000,"category":"Thiết Bị Số - Phụ Kiện Số"},{"name":"Tai Nghe Chụp Tai Sony ExtraBass MDR-XB550AP - Hàng Chính Hãng","discount":338400,"discount_rate":28,"rating_average":4.6,"review_count":622,"price":851600,"list_price":1190000,"category":"Thiết Bị Số - Phụ Kiện Số"},{"name":"Bộ củ cáp sạc nhanh 18W dùng cho iPhone 11 / iPhone 11 Pro Max / iPhone 11 Pro / iPad (sạc nhanh PD 3.0, kèm cáp sạc Type-C to lightning) ","discount":247201,"discount_rate":62,"rating_average":4.3,"review_count":54,"price":151799,"list_price":399000,"category":"Thiết Bị Số - Phụ Kiện Số"},{"name":"Tai nghe Bluetooth tai mèo đáng yêu có mic đàm thoại cao cấp, tai nghe mèo có đèn phát sáng cute tai nghe tai mèo thời trang, headphone Bluetooth đáng yêu có thể sử dụng khi chơi các tựa game online","discount":690004,"discount_rate":73,"rating_average":4,"review_count":4,"price":259996,"list_price":950000,"category":"Thiết Bị Số - Phụ Kiện Số"},{"name":"Cáp chuyển đổi HDMI sang VGA FULL HD 1080P dây chuyển đổi từ hdmi sang vga","discount":10500,"discount_rate":19,"rating_average":4.2,"review_count":62,"price":44500,"list_price":55000,"category":"Thiết Bị Số - Phụ Kiện Số"},{"name":"Pin Sạc Dự Phòng RAVPower 20000mAh Quick Charge 3.0 + PD 60W, In/Out Type-C, Sạc Được Macbook - RP-PB201 - Hàng Chính Hãng","discount":400000,"discount_rate":27,"rating_average":4.7,"review_count":211,"price":1090000,"list_price":1490000,"category":"Thiết Bị Số - Phụ Kiện Số"},{"name":"Cáp chuyển đổi HDMI sang VGA (20cm)","discount":131000,"discount_rate":57,"rating_average":0,"review_count":0,"price":99000,"list_price":230000,"category":"Thiết Bị Số - Phụ Kiện Số"},{"name":"Tai Nghe Bluetooth True Wireless Haylou GT1 Pro ( Phiên Bản Nâng Cấp Haylou GT1) - Hàng Chính Hãng","discount":250000,"discount_rate":42,"rating_average":4.5,"review_count":130,"price":350000,"list_price":600000,"category":"Thiết Bị Số - Phụ Kiện Số"}]