[{"name":"Máy trợ giảng không dây T20 UHF có bluetooth, âm thanh to rõ, chống rút rít bắt xa khoảng cách lên đến 40m,  tặng túi đựng máy + micro có dây cài áo- Hàng Chính Hãng","discount":470000,"discount_rate":38,"rating_average":4.5,"review_count":31,"price":780000,"list_price":1250000,"category":"Thiết Bị Số - Phụ Kiện Số"},{"name":"Sim 4G MAY V77 (Vinaphone-Itelecom) gói cước 90GB/ tháng tốc độ cao – Hàng chính hãng - Giao màu ngẫu nhiên","discount":70000,"discount_rate":70,"rating_average":4.5,"review_count":23,"price":30000,"list_price":100000,"category":"Thiết Bị Số - Phụ Kiện Số"},{"name":"Tai Nghe True Wireless Không Dây QCY T1C - Hàng Chính Hãng","discount":385000,"discount_rate":65,"rating_average":4.5,"review_count":970,"price":205000,"list_price":590000,"category":"Thiết Bị Số - Phụ Kiện Số"},{"name":"SIM 4G MOBIFONE TRÙM DATA FV99-FV119 (KHÔNG GIỚI HẠN DUNG LƯỢNG, Tốc Độ Luôn Luôn Cao 2Mbs)-Giao số ngẫu nhiên","discount":410000,"discount_rate":82,"rating_average":4.7,"review_count":98,"price":90000,"list_price":500000,"category":"Thiết Bị Số - Phụ Kiện Số"},{"name":"Củ sạc nhanh 3 cổng Prolink PTC32501 Quick charge 3.0 - Hàng chính hãng","discount":70000,"discount_rate":18,"rating_average":4.5,"review_count":2,"price":329000,"list_price":399000,"category":"Thiết Bị Số - Phụ Kiện Số"},{"name":"Bộ Găng Tay Cảm Ứng Chơi Game Điện Thoại Chống Mồ Hôi, Chống Trượt Gear Chuyên Game Mobile-4017- Hàng Nhập Khẩu","discount":140001,"discount_rate":93,"rating_average":4.2,"review_count":135,"price":9999,"list_price":150000,"category":"Thiết Bị Số - Phụ Kiện Số"},{"name":"Loa bluetooth JBL Flip 5 - Hàng chính hãng","discount":1702000,"discount_rate":49,"rating_average":4.8,"review_count":521,"price":1798000,"list_price":3500000,"category":"Thiết Bị Số - Phụ Kiện Số"},{"name":"Dây cáp sạc nhanh 2.4A Lightning dài 200cm hiệu Baseus Vertical cho iPhone / iPad trang bị đèn LED, sạc nhanh 2.4A, Công nghệ chống đứt SR - Hàng nhập khẩu","discount":149000,"discount_rate":60,"rating_average":4.1,"review_count":16,"price":101000,"list_price":250000,"category":"Thiết Bị Số - Phụ Kiện Số"},{"name":"Loa bluetooth Lanith Booms Bass L17, Có Quai Xách – Tặng dây cáp sạc 3 đầu - Hỗ trợ thẻ nhớ, Bluetooth,audio 3.5mm – LB000017.CAP0001 - Hàng chính hãng","discount":181000,"discount_rate":39,"rating_average":5,"review_count":7,"price":289000,"list_price":470000,"category":"Thiết Bị Số - Phụ Kiện Số"},{"name":"Tai Nghe Nhét Tai Mi Basic Xiaomi HSEJ03JY - Hàng Chính Hãng","discount":21000,"discount_rate":14,"rating_average":4.6,"review_count":41,"price":129000,"list_price":150000,"category":"Thiết Bị Số - Phụ Kiện Số"},{"name":"Loa Bluetooth JBL Go 2 - Hàng Chính Hãng","discount":331200,"discount_rate":39,"rating_average":4.7,"review_count":643,"price":518800,"list_price":850000,"category":"Thiết Bị Số - Phụ Kiện Số"},{"name":"Tai Nghe Bluetooth Chụp Tai Sony WH-1000XM4 Hi-Res Noise Canceling - Hàng Chính Hãng","discount":2389900,"discount_rate":28,"rating_average":5,"review_count":368,"price":6100100,"list_price":8490000,"category":"Thiết Bị Số - Phụ Kiện Số"},{"name":"Miếng Phủ Bàn Phím Laptop 12-13/13-14/15-17 inch Silicon Chống Nước, Chống Bụi Bẩn Hàng Chính Hãng Helios","discount":81000,"discount_rate":54,"rating_average":4.5,"review_count":45,"price":68000,"list_price":149000,"category":"Thiết Bị Số - Phụ Kiện Số"},{"name":"Tai nghe có dây nhét tai Q21 âm thanh toàn cảnh 360 độ chân thực, sử dụng được với tất cả các dòng điện thoại có chân cắm tai nghe tròn 3.5","discount":35000,"discount_rate":54,"rating_average":4.7,"review_count":15,"price":30000,"list_price":65000,"category":"Thiết Bị Số - Phụ Kiện Số"},{"name":"Tai nghe bluetooth Lanith F9 Pro 5.0 - Tai nghe nhét tai kết nối không dây phiên bản quốc tế - Âm bass êm và sâu, chip AIC chống gây chói tai - Thiết kế thời thượng, hiện đại - Hàng nhập khẩu - TAI0F9PRO","discount":154000,"discount_rate":51,"rating_average":5,"review_count":2,"price":146000,"list_price":300000,"category":"Thiết Bị Số - Phụ Kiện Số"},{"name":"Bàn Phím Có Dây Dell KB216 - Đen - Hàng Chính Hãng","discount":138500,"discount_rate":48,"rating_average":5,"review_count":6,"price":149000,"list_price":287500,"category":"Thiết Bị Số - Phụ Kiện Số"},{"name":"[Hàng nhập khẩu] Bộ vệ sinh Laptop, Macbook Cao Cấp JRC 5 Trong 1","discount":41000,"discount_rate":22,"rating_average":5,"review_count":2,"price":149000,"list_price":190000,"category":"Thiết Bị Số - Phụ Kiện Số"},{"name":"Tai Nghe True Wireless Sony WF-1000XM3 Chống Ồn Chủ Động - Hàng Chính Hãng","discount":1788900,"discount_rate":33,"rating_average":4.6,"review_count":399,"price":3701100,"list_price":5490000,"category":"Thiết Bị Số - Phụ Kiện Số"},{"name":"Tai Nghe Bluetooth không dây i12 - TWS, Nhỏ Gọn, Tiện Lợi, Cảm ứng tay -Hàng Chính Hãng","discount":487000,"discount_rate":84,"rating_average":4.5,"review_count":49,"price":93000,"list_price":580000,"category":"Thiết Bị Số - Phụ Kiện Số"},{"name":"Pin Sạc Dự Phòng Anker PowerCore 10400mAh - A1214 - Hàng Chính Hãng","discount":170100,"discount_rate":22,"rating_average":4.5,"review_count":890,"price":619900,"list_price":790000,"category":"Thiết Bị Số - Phụ Kiện Số"},{"name":"Bảng Vẽ Màn Hình XP-Pen Artist 13.3 Pro fullHD 91%Adobe RGB Lực Nhấn 8192 Cảm Ứng Nghiêng (Kèm Găng Tay Họa Sĩ Và Đế Nghiêng) - Hàng Chính Hãng","discount":1145000,"discount_rate":10,"rating_average":4.3,"review_count":6,"price":9930000,"list_price":11075000,"category":"Thiết Bị Số - Phụ Kiện Số"},{"name":"Tai Nghe Dùng Cho iPhone 5s / 6 / 6 Plus / 6s / 6s Plus Apple Loại 1","discount":70500,"discount_rate":71,"rating_average":4.2,"review_count":25,"price":29500,"list_price":100000,"category":"Thiết Bị Số - Phụ Kiện Số"},{"name":"Giá đỡ có chân đế, kẹp điện thoại để bàn đa năng tiện dụng xoay 270 độ, livestream, giải trí","discount":109700,"discount_rate":78,"rating_average":4.3,"review_count":27,"price":30300,"list_price":140000,"category":"Thiết Bị Số - Phụ Kiện Số"},{"name":"Găng tay chơi game chống mồ hôi hỗ trợ chơi game PUBG, Liên quân, Rules Of Survival Aturos M12 - Hàng chính hãng","discount":57000,"discount_rate":83,"rating_average":4.6,"review_count":112,"price":12000,"list_price":69000,"category":"Thiết Bị Số - Phụ Kiện Số"},{"name":"Tai nghe Bluetooth nhét tai Lanith INPODS PRO TAI0006 – Tai nghe không dây phím bấm cảm ứng – Hàng nhập khẩu - Hoạt động liên tục tới 3h","discount":181000,"discount_rate":60,"rating_average":5,"review_count":7,"price":119000,"list_price":300000,"category":"Thiết Bị Số - Phụ Kiện Số"},{"name":"Lót Chuột, Pad Chuột Bền Đẹp 80x30 cm - Hàng Chính Hãng","discount":101000,"discount_rate":72,"rating_average":4.7,"review_count":573,"price":39000,"list_price":140000,"category":"Thiết Bị Số - Phụ Kiện Số"},{"name":"Giá đỡ điện thoại để bàn gấp Điện thoại di động Giá đỡ bàn cho iPhone ipad pro mini Samsung Xiaomi Tablet Đứng tăng và giảm Giá đỡ có thể điều chỉnh","discount":102000,"discount_rate":68,"rating_average":4.2,"review_count":48,"price":48000,"list_price":150000,"category":"Thiết Bị Số - Phụ Kiện Số"},{"name":"Dây cáp sạc Lightning cho iPhone iPad 1m - Hàng nhập khẩu","discount":94500,"discount_rate":79,"rating_average":4.5,"review_count":54,"price":25500,"list_price":120000,"category":"Thiết Bị Số - Phụ Kiện Số"},{"name":"Tai Nghe Bluetooth Không Dây Lanith Apro 3 TWS – Tai Nghe Nhét Tai Không Dây – Bass Ấm – Sử Dụng Liên Tục Tới 4h - TAIAPPRO3","discount":211000,"discount_rate":53,"rating_average":4.8,"review_count":12,"price":189000,"list_price":400000,"category":"Thiết Bị Số - Phụ Kiện Số"},{"name":"Cáp Sạc Lightning Dây Dù Hoco X14 2m Cho iPhone Siêu Bền - Hàng Chính Hãng","discount":50500,"discount_rate":56,"rating_average":5,"review_count":79,"price":39500,"list_price":90000,"category":"Thiết Bị Số - Phụ Kiện Số"},{"name":" Bảng Vẽ Điện Tử Gaomon 1060Pro - 10x6 inch","discount":771000,"discount_rate":64,"rating_average":4.5,"review_count":522,"price":429000,"list_price":1200000,"category":"Thiết Bị Số - Phụ Kiện Số"},{"name":"Loa Bluetooth Sony SRS-XB12 - Hàng chính hãng","discount":330000,"discount_rate":26,"rating_average":4.7,"review_count":146,"price":960000,"list_price":1290000,"category":"Thiết Bị Số - Phụ Kiện Số"},{"name":"Tai nghe bluetooth 5.0 TWS Air Pro - Định vị + Đổi tên thiết bị và Tháo tai nghe dừng nhạc","discount":1100000,"discount_rate":79,"rating_average":4.6,"review_count":25,"price":299000,"list_price":1399000,"category":"Thiết Bị Số - Phụ Kiện Số"},{"name":"Loa Bluetooth JBL Charge 4 30W - Hàng Chính Hãng","discount":1500100,"discount_rate":38,"rating_average":4.7,"review_count":660,"price":2489900,"list_price":3990000,"category":"Thiết Bị Số - Phụ Kiện Số"},{"name":"Thẻ Nhớ Micro SD Samsung Evo Plus 64GB Class 10 - 100MB/s (Kèm Adapter) - Hàng Chính Hãng","discount":170000,"discount_rate":49,"rating_average":4.6,"review_count":965,"price":180000,"list_price":350000,"category":"Thiết Bị Số - Phụ Kiện Số"},{"name":"Tai nghe bluetooth nhét tai không dây tai phone bluetooth nghe nhạc X8","discount":502000,"discount_rate":84,"rating_average":4.5,"review_count":152,"price":97000,"list_price":599000,"category":"Thiết Bị Số - Phụ Kiện Số"},{"name":"Bao Da Case Cover Dành Cho iPad Mini 5/ iPad Pro 11 inch/ iPad Air 3 / iPad Pro 3/ iPad Air 4 / iPad 7/8 / iPad Pro 12.9 inch - Hàng Chính Hãng Có Khe Cắm Apple Pencil","discount":57000,"discount_rate":19,"rating_average":5,"review_count":13,"price":243000,"list_price":300000,"category":"Thiết Bị Số - Phụ Kiện Số"},{"name":"Tai nghe không dây Lanith Air Pro 4 Bluetooth 5.0 đổi tên, định vị, cảm biến siêu nhạy - Tai nghe bluetooth - Hàng nhập khẩu - TAI0PRO4W","discount":154000,"discount_rate":51,"rating_average":4.6,"review_count":5,"price":146000,"list_price":300000,"category":"Thiết Bị Số - Phụ Kiện Số"},{"name":"Ốp lưng silicone case Dada chống sốc chống bám bẩn cho iPhone 6, 6S, 6Plus, 6SPlus, 7, 7Plus, 8, 8Plus, X, XS, XR, XSMax, 11, 11Pro, 11 Promax, SE2020 - Hàng chính hãng","discount":102000,"discount_rate":68,"rating_average":4.6,"review_count":490,"price":48000,"list_price":150000,"category":"Thiết Bị Số - Phụ Kiện Số"},{"name":"Loa Bluetooth Mini Speaker B2","discount":39500,"discount_rate":51,"rating_average":3.8,"review_count":38,"price":38500,"list_price":78000,"category":"Thiết Bị Số - Phụ Kiện Số"},{"name":"Pin điện thoại Pisen dành cho IPhone 7Plus+ Dung Lượng Cao - Chính Hãng(Hình Ảnh Bao Bì Thay Đổi Theo Đợt)","discount":361000,"discount_rate":45,"rating_average":4.3,"review_count":3,"price":439000,"list_price":800000,"category":"Thiết Bị Số - Phụ Kiện Số"},{"name":"Bộ Bàn Phím Giả Cơ và Chuột Chuyên Game G21 Led 7 Màu","discount":124000,"discount_rate":50,"rating_average":4.1,"review_count":31,"price":126000,"list_price":250000,"category":"Thiết Bị Số - Phụ Kiện Số"},{"name":"Tai Nghe True Wireless AUKEY EP-T25 Điều Khiển Cảm Ứng, Bluetooth 5.0, Chống Nước IPX5, Pin Lên Đến 25h - Hàng Chính Hãng","discount":400000,"discount_rate":40,"rating_average":4.1,"review_count":270,"price":590000,"list_price":990000,"category":"Thiết Bị Số - Phụ Kiện Số"},{"name":"Chuột Máy Tính Có Dây Logitech B100 Black Chân USB - Hàng Chính Hãng","discount":72000,"discount_rate":48,"rating_average":4.7,"review_count":130,"price":78000,"list_price":150000,"category":"Thiết Bị Số - Phụ Kiện Số"},{"name":"Cáp sạc đặc biệt Baseus Special Data Cable for Backseat (USB to iP+Dual USB) - Hàng Chính Hãng","discount":171000,"discount_rate":48,"rating_average":0,"review_count":0,"price":189000,"list_price":360000,"category":"Thiết Bị Số - Phụ Kiện Số"},{"name":"Loa Bluetooth di động LG XBOOM Go PN1 - Hàng chính hãng","discount":341000,"discount_rate":49,"rating_average":5,"review_count":71,"price":349000,"list_price":690000,"category":"Thiết Bị Số - Phụ Kiện Số"},{"name":"SIM 4G VIETTEL V120Z - ĐĂNG KÝ ĐÚNG CHỦ ( 90.000/tháng: Có 4Gb/ngày, Gọi nội mạng miễn phí tất cả cuộc gọi dưới 20 phút, ngoại mạng 50 phút miễn phí). Chỉ áp dụng tại TPHCM và Cần Thơ","discount":58000,"discount_rate":39,"rating_average":4.5,"review_count":39,"price":92000,"list_price":150000,"category":"Thiết Bị Số - Phụ Kiện Số"},{"name":"SIM 4G Viettel D500 Trọn Gói 4G 1 Năm Không Cần Nạp Tiền - Chính Hãng - Mẫu ngẫu nhiên","discount":120000,"discount_rate":24,"rating_average":3.8,"review_count":6,"price":380000,"list_price":500000,"category":"Thiết Bị Số - Phụ Kiện Số"},{"name":"Combo Case ốp kèm phủ phím cho Macbook đủ dòng - Bảo vệ chống va chạm, trầy xước tốt cho Macbook","discount":41000,"discount_rate":12,"rating_average":0,"review_count":0,"price":299000,"list_price":340000,"category":"Thiết Bị Số - Phụ Kiện Số"},{"name":" Dây Cáp Chuyển Đổi Lightning Sang jack tai nghe 3.5mm cho iPhone iPad tương thích mọi hệ điều hành IOS - Hàng nhập khẩu","discount":300800,"discount_rate":86,"rating_average":4,"review_count":44,"price":49200,"list_price":350000,"category":"Thiết Bị Số - Phụ Kiện Số"},{"name":"Tai Nghe Bluetooth True Wireless AMOI F9 5.0 Cảm Ứng Vân Tay, Nâng Cấp Dock Sạc có Led Báo Pin Kép - Hàng Nhập Khẩu","discount":761000,"discount_rate":85,"rating_average":4.5,"review_count":508,"price":138000,"list_price":899000,"category":"Thiết Bị Số - Phụ Kiện Số"},{"name":"Cáp chuyển USB Type-c ra 4 cổng HDMI/ VGA/ USB và cổng sạc hỗ trợ chế độ Dex - UHV41160","discount":103000,"discount_rate":26,"rating_average":2,"review_count":5,"price":297000,"list_price":400000,"category":"Thiết Bị Số - Phụ Kiện Số"},{"name":"Giá đỡ laptop nhôm có thể gấp gọn dành cho Macbook Ipad Surface và máy tính xách tay","discount":159000,"discount_rate":53,"rating_average":4,"review_count":4,"price":141000,"list_price":300000,"category":"Thiết Bị Số - Phụ Kiện Số"},{"name":"Bộ Bàn Phím Giả Cơ và Chuột Chuyên Game G21 Led 7 Màu - Màu trắng","discount":153000,"discount_rate":51,"rating_average":4.5,"review_count":107,"price":147000,"list_price":300000,"category":"Thiết Bị Số - Phụ Kiện Số"},{"name":"Tai nghe không dây Sony WH-CH510 - Hàng chính hãng","discount":315000,"discount_rate":26,"rating_average":4.7,"review_count":166,"price":875000,"list_price":1190000,"category":"Thiết Bị Số - Phụ Kiện Số"},{"name":"Tai Nghe True Wireless Earbuds SOUNDPEATS TrueCapsule Smart Touch Bluetooth V5.0 - Hàng Chính Hãng","discount":712000,"discount_rate":59,"rating_average":4.5,"review_count":626,"price":488000,"list_price":1200000,"category":"Thiết Bị Số - Phụ Kiện Số"},{"name":"Pin Sạc Dự Phòng 10.000mAh ROBOT RT180 - 2 Cổng Sạc Vào Type-C/Micro, Kích Thước Mỏng và Nhẹ - HÀNG CHÍNH HÃNG","discount":231000,"discount_rate":64,"rating_average":4.6,"review_count":174,"price":129000,"list_price":360000,"category":"Thiết Bị Số - Phụ Kiện Số"},{"name":"SIM 4G Vinaphone D500 Trọn Gói 1 Năm Tặng 5GB/Tháng - Hàng Chính Hãng- Mẫu Ngẫu Nhiên","discount":86000,"discount_rate":25,"rating_average":4.3,"review_count":188,"price":264000,"list_price":350000,"category":"Thiết Bị Số - Phụ Kiện Số"},{"name":"Dây Đeo Thay Thế Cho Vòng Đeo Tay Thông Minh Xiaomi Mi Band 3 / Mi Band 4 Dẻo TPU","discount":47700,"discount_rate":80,"rating_average":4.7,"review_count":71,"price":12300,"list_price":60000,"category":"Thiết Bị Số - Phụ Kiện Số"},{"name":"Pin Sạc Dự Phòng Anker PowerCore Select 10000mAh - A1223 - Hàng Chính Hãng","discount":172600,"discount_rate":29,"rating_average":4.8,"review_count":334,"price":427400,"list_price":600000,"category":"Thiết Bị Số - Phụ Kiện Số"}]