[{"name":"Trân châu caramel Déli 1kg","discount":7000,"discount_rate":17,"rating_average":4.5,"review_count":15,"price":35000,"list_price":42000,"category":"Thực phẩm"},{"name":"Táo Đỏ Khô Cao Cấp Smile Nuts Hộp 500g","discount":164000,"discount_rate":69,"rating_average":4.5,"review_count":157,"price":75000,"list_price":239000,"category":"Thực phẩm"},{"name":"1KG - COMBO 2 HŨ THỊT KHÔ BÒ DẠNG SỢI TÂN LỘC PHÁT - DÙNG TRỘN GỎI","discount":40000,"discount_rate":20,"rating_average":3.9,"review_count":112,"price":160000,"list_price":200000,"category":"Thực phẩm"},{"name":"Yến Mạch Ăn Liền Woolworths Oats Rolled - Phù Hợp Ăn kiêng, Giúp Giảm Cân, Giảm Cholesterol Trong Máu, Kiểm Soát Đường Máu, Tăng Cường Miễn Dịch - Bịch 750gr","discount":82000,"discount_rate":68,"rating_average":4.8,"review_count":9,"price":38000,"list_price":120000,"category":"Thực phẩm"},{"name":"1 KG HẠT ĐIỀU NGUYÊN RANG TỎI ỚT GIÒN NGON LOẠI 1","discount":75000,"discount_rate":50,"rating_average":4,"review_count":35,"price":75000,"list_price":150000,"category":"Thực phẩm"},{"name":"Lốc 5 Mì Cay Truyền Thống Samyang (140g x 5) - Hàng Nhập Khẩu","discount":17000,"discount_rate":16,"rating_average":5,"review_count":14,"price":88000,"list_price":105000,"category":"Thực phẩm"},{"name":"Rong Biển Ăn Liền Choice L 5G (12 Gói)","discount":72000,"discount_rate":45,"rating_average":4.8,"review_count":25,"price":87000,"list_price":159000,"category":"Thực phẩm"},{"name":"Khô heo cháy tỏi loại 1 ( Giòn ngon - đậm vị ) thương hiệu Nàng Khô - 1 kí","discount":145000,"discount_rate":48,"rating_average":4.2,"review_count":117,"price":155000,"list_price":300000,"category":"Thực phẩm"},{"name":"Khô Gà Bơ Tỏi Thơm Mùi Tỏi TETE 500gram","discount":82000,"discount_rate":55,"rating_average":4.3,"review_count":140,"price":68000,"list_price":150000,"category":"Thực phẩm"},{"name":"Lốc 5 Gói Mì Cay Hàn Quốc Shin Ramyun Nongshim (120g / Gói)","discount":61000,"discount_rate":41,"rating_average":4.6,"review_count":64,"price":89000,"list_price":150000,"category":"Thực phẩm"},{"name":"Hạt đậu hà lan rang tỏi ớt loại 1 (Giòn ngon - đậm vị) thương hiệu Nàng Khô 500g","discount":58000,"discount_rate":58,"rating_average":4.7,"review_count":51,"price":42000,"list_price":100000,"category":"Thực phẩm"},{"name":"Combo 2 Túi Táo Đỏ Khô Tân Cương Smile Nuts 500g","discount":310000,"discount_rate":68,"rating_average":4.5,"review_count":141,"price":145000,"list_price":455000,"category":"Thực phẩm"},{"name":"Nam việt quất sấy DK HARVEST nhập khẩu Canada 200g","discount":21000,"discount_rate":16,"rating_average":4.8,"review_count":106,"price":109000,"list_price":130000,"category":"Thực phẩm"},{"name":"Hạt Diêm Mạch DK Harvest - Quinoa 300g, 500g, 1kg","discount":105000,"discount_rate":58,"rating_average":4.7,"review_count":121,"price":75000,"list_price":180000,"category":"Thực phẩm"},{"name":"500G BÁNH GẠO TOPOKKI HÀN QUỐC","discount":0,"discount_rate":0,"rating_average":4.5,"review_count":66,"price":55000,"list_price":55000,"category":"Thực phẩm"},{"name":"Khoai lang sấy mật ong (hàng loại 1 nguyên miếng) thương hiệu Nàng Khô - 1 kí ( 2 hũ )","discount":105000,"discount_rate":53,"rating_average":4.6,"review_count":55,"price":95000,"list_price":200000,"category":"Thực phẩm"},{"name":"Nhân Hạt Điều Rang DK Harvest - 250g, 500g","discount":80000,"discount_rate":42,"rating_average":4.6,"review_count":99,"price":109000,"list_price":189000,"category":"Thực phẩm"},{"name":"Túi Nho Khô 3 Màu REAL FOOD STORE (Nhiều lựa chọn)","discount":22000,"discount_rate":37,"rating_average":4.5,"review_count":256,"price":37000,"list_price":59000,"category":"Thực phẩm"},{"name":"Đường Phèn Quảng Ngãi 3T FOOD- Hạt vừa","discount":15000,"discount_rate":19,"rating_average":4.7,"review_count":85,"price":65000,"list_price":80000,"category":"Thực phẩm"},{"name":"Chà Là khô nguyên cành Deglet Nour Tunisia hộp 500g","discount":61000,"discount_rate":29,"rating_average":4.6,"review_count":108,"price":149000,"list_price":210000,"category":"Thực phẩm"},{"name":"Mứt Chocolate Hạt Dẻ Nutella Spread 350gr","discount":40000,"discount_rate":24,"rating_average":4.8,"review_count":71,"price":129000,"list_price":169000,"category":"Thực phẩm"},{"name":"Nhân Óc Chó Đỏ DK HARVEST - Là loại hạt \"siêu dinh dưỡng\", Có Omega 7,\u001cGiá trị dinh dưỡng cao gấp 3,3 lần so với loại óc chó thường","discount":30000,"discount_rate":18,"rating_average":4.6,"review_count":93,"price":139000,"list_price":169000,"category":"Thực phẩm"},{"name":"Bơ Đậu Phộng Mịn Golden Farm (510g)","discount":3800,"discount_rate":4,"rating_average":4.7,"review_count":121,"price":82800,"list_price":86600,"category":"Thực phẩm"},{"name":"Bột cacao nguyên chất 100% Việt Nam - Dòng Origin thượng hạng túi giấy 500g - Heyday Cacao","discount":0,"discount_rate":0,"rating_average":4.5,"review_count":153,"price":176000,"list_price":176000,"category":"Thực phẩm"},{"name":"Hạt Hạnh Nhân Tách Vỏ Nướng Mộc Smile Nuts Hộp Giấy 500g - Hạnh nhân nhập khẩu từ Mỹ, nướng mộc giòn rụm, thơm ngon","discount":46000,"discount_rate":20,"rating_average":4.6,"review_count":114,"price":179000,"list_price":225000,"category":"Thực phẩm"},{"name":"10 hũ nước Yến Sào Sanest Có Đường (70ml)","discount":41000,"discount_rate":11,"rating_average":4.7,"review_count":50,"price":349000,"list_price":390000,"category":"Thực phẩm"},{"name":"Gạo Lứt VietGAP Vinh Hiển - túi 2KG - dẻo mềm, thơm ngon, đạt chuẩn VietGAP","discount":1000,"discount_rate":2,"rating_average":4.5,"review_count":57,"price":41000,"list_price":42000,"category":"Thực phẩm"},{"name":"Yến Mạch Quaker Oats Quick - 1 Minute 4.52kg ( Dạng Hạt Cán Vỡ )","discount":89000,"discount_rate":36,"rating_average":4.7,"review_count":109,"price":161000,"list_price":250000,"category":"Thực phẩm"},{"name":"Hạt Bí Sống Dùng Làm Sữa DK Harvest nhập khẩu - Túi 500g, 1000g","discount":42000,"discount_rate":23,"rating_average":4.8,"review_count":56,"price":137000,"list_price":179000,"category":"Thực phẩm"},{"name":"1Kg xoài sấy dẻo chua ngọt thơm ngon chứa nhiều dưỡng chất rất tốt cho sức khỏe","discount":51000,"discount_rate":34,"rating_average":4.7,"review_count":9,"price":99000,"list_price":150000,"category":"Thực phẩm"},{"name":"Túi 12 Thanh Socola KitKat 2F (Thanh 17g)","discount":10000,"discount_rate":12,"rating_average":4.5,"review_count":11,"price":75000,"list_price":85000,"category":"Thực phẩm"},{"name":"Thức Uống Yến Mạch Quaker 3in1 - Vị Berry Burst 450g","discount":12900,"discount_rate":16,"rating_average":4.6,"review_count":108,"price":67100,"list_price":80000,"category":"Thực phẩm"},{"name":"[TẶNG KÈM HỘP XUÂN] 1KG LẠP XƯỞNG TÔM THƯỢNG HẠNG TLP - COMBO 2 BỊCH","discount":91000,"discount_rate":46,"rating_average":4.6,"review_count":13,"price":109000,"list_price":200000,"category":"Thực phẩm"},{"name":"Thùng 30 gói mì lẩu thái hương vị tôm 80g","discount":65000,"discount_rate":27,"rating_average":5,"review_count":14,"price":175000,"list_price":240000,"category":"Thực phẩm"},{"name":"Lốc 5 Gói Mì Khô Gà Cay Samyang Vị Phô Mai (140g / Gói)","discount":95800,"discount_rate":51,"rating_average":4.2,"review_count":5,"price":91200,"list_price":187000,"category":"Thực phẩm"},{"name":"1KG - COMBO 2 HŨ CƠM GẠO LỨT RONG BIỂN TLP - ĂN CHAY ĐƯỢC","discount":20000,"discount_rate":12,"rating_average":4.7,"review_count":38,"price":150000,"list_price":170000,"category":"Thực phẩm"},{"name":"Bún Gạo Lứt Hoa Sen - Hoa Sen Brown Rice Vermicelli - Hộp 400g","discount":20000,"discount_rate":31,"rating_average":4.8,"review_count":81,"price":45000,"list_price":65000,"category":"Thực phẩm"},{"name":"Thùng 30 Mì VIFON Chính Hiệu Hai Tôm (60g / Gói) ","discount":0,"discount_rate":0,"rating_average":4.5,"review_count":68,"price":78000,"list_price":78000,"category":"Thực phẩm"},{"name":"Lẩu tự sôi ( lẩu ăn liền ) - Lẩu trứng cút xúc xích   - chính hãng 7 Leaves","discount":10000,"discount_rate":10,"rating_average":4,"review_count":74,"price":95000,"list_price":105000,"category":"Thực phẩm"},{"name":"Bộ 9 gói Lương Khô Quân Đội các vị ","discount":15000,"discount_rate":14,"rating_average":4.5,"review_count":102,"price":95000,"list_price":110000,"category":"Thực phẩm"},{"name":"Mix Nhân Hạt Khô Smile Nuts (255g - 500g) | Hạt Dinh Dưỡng đã tách vỏ gồm nhân óc chó, hạnh nhân tách vỏ và nhân hạt bí xanh","discount":39000,"discount_rate":30,"rating_average":4.8,"review_count":32,"price":90000,"list_price":129000,"category":"Thực phẩm"},{"name":"Cơm tự sôi ( cơm ăn liền ) - Thịt Ba Chỉ","discount":21000,"discount_rate":19,"rating_average":4.3,"review_count":63,"price":89000,"list_price":110000,"category":"Thực phẩm"},{"name":"Nhân Hạt Óc Chó Sống DK Harvest Dùng làm Sữa 1000g","discount":356000,"discount_rate":49,"rating_average":4.7,"review_count":91,"price":369000,"list_price":725000,"category":"Thực phẩm"},{"name":"Gạo Lức Huyết Rồng Phú Minh Tâm (1kg)","discount":2000,"discount_rate":4,"rating_average":4.8,"review_count":113,"price":47000,"list_price":49000,"category":"Thực phẩm"},{"name":"500G CƠM GẠO LỨT RONG BIỂN XỐP GIÒN TLP - ĂN CHAY ĐƯỢC","discount":30000,"discount_rate":20,"rating_average":4.7,"review_count":16,"price":120000,"list_price":150000,"category":"Thực phẩm"},{"name":"Gạo ST25 Túi 5Kg Ông Thọ  - Cơm Thơm, Dai, Mềm Dẻo, Vị Ngọt - Đạt giải gạo ngon nhất thết giới 2019 tại Manila","discount":39000,"discount_rate":20,"rating_average":4.6,"review_count":12,"price":160000,"list_price":199000,"category":"Thực phẩm"},{"name":"Bột Làm Kem Tươi Phổ Thông BENUSCream  ","discount":1000,"discount_rate":1,"rating_average":4.5,"review_count":55,"price":69000,"list_price":70000,"category":"Thực phẩm"},{"name":"Bột ngũ cốc Calsome hương Vani","discount":11000,"discount_rate":18,"rating_average":4.8,"review_count":74,"price":49000,"list_price":60000,"category":"Thực phẩm"}]