[{"name":"Hạt Đậu Gà Chickpeas DK HARVEST nhập khẩu Nam Mỹ/ Ấn Độ 700g","discount":59000,"discount_rate":45,"rating_average":4.7,"review_count":319,"price":71000,"list_price":130000,"category":"Thực phẩm"},{"name":"Gạo Quê Dẻo Vừa Đỗ Quyên (5kg)","discount":1000,"discount_rate":1,"rating_average":4.5,"review_count":96,"price":89000,"list_price":90000,"category":"Thực phẩm"},{"name":"Thùng 40 Gói Mì Xào Khô Indomie goreng - mix vị","discount":18000,"discount_rate":9,"rating_average":4.3,"review_count":89,"price":192000,"list_price":210000,"category":"Thực phẩm"},{"name":"Hạt Nêm Knorr Từ Thịt Thăn, Xương Ống Và Tủy Bổ Sung Vitamin A (1200g) - 32010222","discount":16000,"discount_rate":17,"rating_average":4.8,"review_count":194,"price":78000,"list_price":94000,"category":"Thực phẩm"},{"name":"500gr MIx 8 Loại Hạt (hạnh nhân, óc chó vàng, óc chó đỏ, nho khô đen, nho khô vàng, macca, nam việt quất, bí xanh)","discount":150000,"discount_rate":50,"rating_average":4.3,"review_count":125,"price":150000,"list_price":300000,"category":"Thực phẩm"},{"name":"1KG HẠT ĐIỀU VỎ LỤA RANG MUỐI XẾP HOA CAO CẤP THƯƠNG HIỆU SK FOOD","discount":175000,"discount_rate":50,"rating_average":4.6,"review_count":63,"price":175000,"list_price":350000,"category":"Thực phẩm"},{"name":"Thùng Mì Gói Đệ Nhất Hương Vị Thịt Bằm","discount":26000,"discount_rate":13,"rating_average":4.8,"review_count":16,"price":175000,"list_price":201000,"category":"Thực phẩm"},{"name":"Gạo lứt nâu hữu cơ cao cấp/ECOBA Kim Mễ 1kg - Gạo lứt giảm cân - Cơm ngon mềm dẻo","discount":10800,"discount_rate":11,"rating_average":4.7,"review_count":46,"price":90000,"list_price":100800,"category":"Thực phẩm"},{"name":"1Kg Cơm Cháy Lắc Khô Gà Giòn Ngon Chất Lượng","discount":65000,"discount_rate":43,"rating_average":4.6,"review_count":149,"price":85000,"list_price":150000,"category":"Thực phẩm"},{"name":"Yến Mạch Ăn Kiêng TETE 500 gram","discount":112000,"discount_rate":70,"rating_average":4.6,"review_count":122,"price":47000,"list_price":159000,"category":"Thực phẩm"},{"name":"Túi Hạt Chia Tím Organic Úc (1kg)","discount":175000,"discount_rate":44,"rating_average":4.6,"review_count":47,"price":223000,"list_price":398000,"category":"Thực phẩm"},{"name":"Khô heo cháy tỏi đặc biệt ( Thơm ngon - đậm vị ) thương hiệu Nàng Khô - 500 Gram","discount":70000,"discount_rate":47,"rating_average":4.2,"review_count":68,"price":80000,"list_price":150000,"category":"Thực phẩm"},{"name":"Ngũ Cốc Trái Cây Calbee Nhật Bản 700g","discount":87000,"discount_rate":29,"rating_average":4.7,"review_count":81,"price":212000,"list_price":299000,"category":"Thực phẩm"},{"name":"500gr táo đỏ khô cao cấp","discount":96000,"discount_rate":58,"rating_average":4.3,"review_count":145,"price":69000,"list_price":165000,"category":"Thực phẩm"},{"name":"(1KG) Hạt Điều Rang Muối Sạch Vỏ Chất Lượng Hiệu SK FOOD","discount":121000,"discount_rate":48,"rating_average":4,"review_count":21,"price":129000,"list_price":250000,"category":"Thực phẩm"},{"name":"Cơm cháy mắm ớt mỡ hành giòn ngon - Bịch 3 Miếng","discount":20500,"discount_rate":45,"rating_average":3.8,"review_count":11,"price":25000,"list_price":45500,"category":"Thực phẩm"},{"name":"Vải Sấy Khô Vinafruits (500g)","discount":50001,"discount_rate":50,"rating_average":4.5,"review_count":368,"price":49999,"list_price":100000,"category":"Thực phẩm"},{"name":"Thùng Mì 30 Gói Hảo 100 Hương Vị Tôm Chua Cay ","discount":12000,"discount_rate":12,"rating_average":4.8,"review_count":16,"price":87000,"list_price":99000,"category":"Thực phẩm"},{"name":"Hạt Mix 3 Loại hạt nhập khẩu (Óc chó - Hạt Macca - Hạnh Nhân) DK Harvest","discount":51000,"discount_rate":22,"rating_average":4.5,"review_count":185,"price":179000,"list_price":230000,"category":"Thực phẩm"},{"name":"Nhân Hạt Điều Sống Nguyên Hạt Dùng Làm Sữa Hạt DK Harvest - Túi 500g, 1000g","discount":110000,"discount_rate":37,"rating_average":4.8,"review_count":60,"price":189000,"list_price":299000,"category":"Thực phẩm"},{"name":"Rong Biển Sấy Chú Tiểu (50g)","discount":4000,"discount_rate":14,"rating_average":4.3,"review_count":299,"price":24000,"list_price":28000,"category":"Thực phẩm"},{"name":"Gạo sạch GUfoods (dẻo - mềm - thơm) (1kg)","discount":8100,"discount_rate":29,"rating_average":4.5,"review_count":239,"price":19900,"list_price":28000,"category":"Thực phẩm"},{"name":"Nhân Hạt Bí Xanh Smile Nuts (265g - 500g) | Nhân bí xanh đã nướng nguyên vị, hàng nhập khẩu 100%","discount":31000,"discount_rate":33,"rating_average":4.7,"review_count":69,"price":64000,"list_price":95000,"category":"Thực phẩm"},{"name":"Bột CaCao TeTe Giúp Giảm Cân 500gram","discount":103000,"discount_rate":69,"rating_average":4.5,"review_count":322,"price":47000,"list_price":150000,"category":"Thực phẩm"},{"name":"Hạt Bí Xanh Đã Tách Võ (Đã Rang) TETE 500 gram","discount":73000,"discount_rate":49,"rating_average":4.6,"review_count":97,"price":76000,"list_price":149000,"category":"Thực phẩm"},{"name":"Muối chấm Hảo hảo tôm chua cay 50 gói x 10g","discount":20000,"discount_rate":21,"rating_average":4.7,"review_count":6,"price":75000,"list_price":95000,"category":"Thực phẩm"},{"name":"Lẩu tự sôi ( lẩu ăn liền ) - Lẩu bò tê cay - chính hãng 7 Leaves","discount":0,"discount_rate":0,"rating_average":3.6,"review_count":78,"price":110000,"list_price":110000,"category":"Thực phẩm"},{"name":"1KG KHÔ GÀ BƠ TỎI ĐẶC BIỆT THƯƠNG HIỆU SK FOOD","discount":135000,"discount_rate":54,"rating_average":4.6,"review_count":43,"price":115000,"list_price":250000,"category":"Thực phẩm"},{"name":"Heyday Bột Cacao Nguyên Chất Không Đường Việt Nam - Dòng Origin - Chứng Nhận UTZ - Hỗ Trợ Giảm Cân - Túi Giấy 250g","discount":0,"discount_rate":0,"rating_average":4.6,"review_count":210,"price":97000,"list_price":97000,"category":"Thực phẩm"},{"name":"Hạt Bí Xanh (Đã Tách Vỏ) Nhập Khẩu – DK Harvest - 100% nguyên chất và không ướp muối - 250g, 500g","discount":20000,"discount_rate":20,"rating_average":4.7,"review_count":168,"price":79000,"list_price":99000,"category":"Thực phẩm"},{"name":"1 Hộp miến chua cay - chính hãng JUNJIE","discount":5000,"discount_rate":23,"rating_average":4,"review_count":21,"price":17000,"list_price":22000,"category":"Thực phẩm"},{"name":"Thùng 40 Gói Mì Xào Khô Indomie Vị đặc biệt - Mi Goreng Fried Noodle (85g x 40)","discount":11000,"discount_rate":6,"rating_average":4.8,"review_count":55,"price":189000,"list_price":200000,"category":"Thực phẩm"},{"name":"Yến Mạch CANADA thùng 4.52kg ( nguyên hạt cán mỏng )","discount":75000,"discount_rate":34,"rating_average":4.5,"review_count":107,"price":145000,"list_price":220000,"category":"Thực phẩm"},{"name":"Trân châu đường đen 300g (10*30g)","discount":0,"discount_rate":0,"rating_average":4.7,"review_count":10,"price":27000,"list_price":27000,"category":"Thực phẩm"},{"name":"Bánh Ăn Sáng Nestle KoKo Krunch (170g)","discount":2000,"discount_rate":4,"rating_average":4.7,"review_count":72,"price":50000,"list_price":52000,"category":"Thực phẩm"},{"name":"500GR Yến mạch tươi nguyên chất Hafer Flocken - Nhập Khẩu Từ Đức","discount":71000,"discount_rate":71,"rating_average":4.8,"review_count":23,"price":29000,"list_price":100000,"category":"Thực phẩm"},{"name":"COMBO 2 HŨ KHÔ GÀ XÉ LÁ CHANH (GÀ CHÀ BÔNG CAY) TÂN LỘC PHÁT - MỖI HŨ 300G","discount":20000,"discount_rate":13,"rating_average":4.6,"review_count":60,"price":130000,"list_price":150000,"category":"Thực phẩm"},{"name":"Nho Khô Nhập Khẩu Cao Cấp Thương Hiệu SK FOOD - 1Kg 2 Hũ","discount":91000,"discount_rate":51,"rating_average":4.6,"review_count":21,"price":89000,"list_price":180000,"category":"Thực phẩm"},{"name":"Bột ngũ cốc dinh dưỡng Calsome hương Sô cô la","discount":11000,"discount_rate":18,"rating_average":4.8,"review_count":110,"price":49000,"list_price":60000,"category":"Thực phẩm"},{"name":"Gạo Nhật hữu cơ cao cấp/ECOBA Sakura 1kg - Nấu cháo cho bé ăn dặm - Hạt tròn, cơm mềm dẻo ngọt - 100% Organic","discount":10600,"discount_rate":10,"rating_average":4.8,"review_count":45,"price":95000,"list_price":105600,"category":"Thực phẩm"},{"name":"Gạo Lứt Huyết Rồng Hoa Sen - Hoa Sen Red Rice - Cơm mềm dễ ăn - Chế độ ăn kiêng và thực dưỡng - Túi 2kg","discount":29000,"discount_rate":19,"rating_average":4.7,"review_count":54,"price":120000,"list_price":149000,"category":"Thực phẩm"},{"name":"Hạt hướng dương Chacheer vị Dừa-130g/gói ( Lốc 5 gói )","discount":31000,"discount_rate":21,"rating_average":4.7,"review_count":61,"price":119000,"list_price":150000,"category":"Thực phẩm"},{"name":"Gạo Lức Phú Minh Tâm (2kg)","discount":2000,"discount_rate":4,"rating_average":4.7,"review_count":195,"price":44000,"list_price":46000,"category":"Thực phẩm"},{"name":"Túi Hạt Chia Hữu Cơ Úc Absolute Organic (400g)","discount":165000,"discount_rate":51,"rating_average":4.7,"review_count":58,"price":160000,"list_price":325000,"category":"Thực phẩm"},{"name":"Bánh Gạo Tokpokki Hàn Quốc Vị Phô Mai Kèm Sốt Nấu O'Food (Gói 140g)","discount":14000,"discount_rate":28,"rating_average":4.5,"review_count":21,"price":36000,"list_price":50000,"category":"Thực phẩm"},{"name":"Gạo lứt sấy ăn liền GUfoods  - Ăn kiêng, thực dưỡng, eat clean","discount":17100,"discount_rate":52,"rating_average":4.7,"review_count":35,"price":15900,"list_price":33000,"category":"Thực phẩm"},{"name":"Hộp 6 Hũ Nước Yến Sào Sanest Có Đường (70ml / hũ)","discount":25000,"discount_rate":10,"rating_average":4.8,"review_count":67,"price":225000,"list_price":250000,"category":"Thực phẩm"},{"name":"Hạt Chia Trắng DK Harvest (Nhập Khẩu Úc) - 300g, 500g - giàu acid béo omega-3, chất xơ, protein và chất chống oxy hoá","discount":20000,"discount_rate":20,"rating_average":4.7,"review_count":95,"price":79000,"list_price":99000,"category":"Thực phẩm"},{"name":"Khô gà lá chanh chất lượng Tân Lộc Phát (Hũ 500G)","discount":85000,"discount_rate":57,"rating_average":4.5,"review_count":336,"price":65000,"list_price":150000,"category":"Thực phẩm"}]