[{"name":"Đồ Ăn Cho Chó Vị Gà Và Các Loại Rau Củ Pedigree Dạng Túi 1.5kg","discount":42300,"discount_rate":30,"rating_average":4.5,"review_count":27,"price":99000,"list_price":141300,"category":"Chăm sóc thú cưng"},{"name":"Thức Ăn Hạt Catsrang Cho Mèo Mọi Lứa Tuổi - 2Kg","discount":85000,"discount_rate":28,"rating_average":4.8,"review_count":40,"price":215000,"list_price":300000,"category":"Chăm sóc thú cưng"},{"name":"Đồ Chơi Cao Su Hình Xương Có Gai Luyện Tập Răng Cho Thú Cưng","discount":7000,"discount_rate":17,"rating_average":3.7,"review_count":3,"price":35000,"list_price":42000,"category":"Chăm sóc thú cưng"},{"name":"Trứng Artemia Mỹ ấp nở làm thức ăn cho cá bột, cá Guppy, cá Betta - Hủ 20g","discount":135300,"discount_rate":68,"rating_average":4.1,"review_count":9,"price":64700,"list_price":200000,"category":"Chăm sóc thú cưng"},{"name":"Thức Ăn Dành Cho Chó Đã Trưởng Thành Thuộc Các Giống Chó Lớn Có Hàm Lượng Năng Lượng Tăng Fitmin Dog Maxi Performance 15KG - TẶNG 1 Lon Pate Tươi Hello Dog Chicken Pate 850G","discount":358000,"discount_rate":21,"rating_average":5,"review_count":1,"price":1323000,"list_price":1681000,"category":"Chăm sóc thú cưng"},{"name":"Dung dịch nhỏ sống lưng trị ve ghẻ, bọ chét chó  - Fronil spot hộp 5 ống","discount":11500,"discount_rate":19,"rating_average":4.5,"review_count":46,"price":47500,"list_price":59000,"category":"Chăm sóc thú cưng"},{"name":"Cát Vệ Sinh Đậu Phụ Cho Mèo ACROPET 5L - Hương Lavender","discount":55000,"discount_rate":37,"rating_average":4.8,"review_count":28,"price":95000,"list_price":150000,"category":"Chăm sóc thú cưng"},{"name":"Thức ăn cho cá  Guppy, cá 7 màu - Cám Thái INVE 3/5  cho cá nhỏ- chiết lẻ. rất thơm, cá ăn nhìu, mập ú, màu sắc đẹp. không đục nước.","discount":75000,"discount_rate":58,"rating_average":4.7,"review_count":7,"price":55000,"list_price":130000,"category":"Chăm sóc thú cưng"},{"name":"Tã lót cho chó mèo thú cưng (có mùi hương) Sumiho công nghệ Ý (nhiều Size) Phụ kiện cho chó mèo","discount":44000,"discount_rate":16,"rating_average":4.8,"review_count":148,"price":224000,"list_price":268000,"category":"Chăm sóc thú cưng"},{"name":"Bể cá mini","discount":110000,"discount_rate":37,"rating_average":4,"review_count":36,"price":189000,"list_price":299000,"category":"Chăm sóc thú cưng"},{"name":"Xương Orgo cho chó","discount":12000,"discount_rate":24,"rating_average":5,"review_count":44,"price":38000,"list_price":50000,"category":"Chăm sóc thú cưng"},{"name":"Combo Máy bơm, máng lọc, dành cho hồ cá cảnh RS-288","discount":150000,"discount_rate":68,"rating_average":0,"review_count":0,"price":70000,"list_price":220000,"category":"Chăm sóc thú cưng"},{"name":"Thức Ăn Dành Cho Chó Đã Trưởng Thành Của Giống Chó Nhỏ Có Hàm Lượng Năng Lượng Trung Bình Hỗ Trợ Giảm Cân Fitmin Dog Mini Maintenance 3KG - TẶNG 1 Lon Pate Tươi Hello Dog Chicken Pate 190G","discount":92000,"discount_rate":21,"rating_average":5,"review_count":3,"price":337000,"list_price":429000,"category":"Chăm sóc thú cưng"},{"name":"Bông lọc bể cá, vật liệu lọc cho bể cá (30 x 13cm) - Trắng","discount":29001,"discount_rate":83,"rating_average":5,"review_count":11,"price":5999,"list_price":35000,"category":"Chăm sóc thú cưng"},{"name":"Cát tắm hamster","discount":11000,"discount_rate":31,"rating_average":4.6,"review_count":31,"price":24000,"list_price":35000,"category":"Chăm sóc thú cưng"},{"name":"Lược chải lông cho chó mèo có nút loại bỏ lông thừa","discount":8000,"discount_rate":18,"rating_average":4.3,"review_count":43,"price":37000,"list_price":45000,"category":"Chăm sóc thú cưng"},{"name":"Bỉm vệ sinh cho chó đực (dạng quấn bụng) thấm hút vượt trội","discount":28000,"discount_rate":17,"rating_average":5,"review_count":29,"price":140000,"list_price":168000,"category":"Chăm sóc thú cưng"},{"name":"Áo Quần Thú Cưng, Áo cho chó mèo siêu cute","discount":50000,"discount_rate":46,"rating_average":4.8,"review_count":61,"price":59000,"list_price":109000,"category":"Chăm sóc thú cưng"},{"name":"Máy sủi oxy hồ cá LEO  27895-205 Hàng chính hãng","discount":146000,"discount_rate":49,"rating_average":4.5,"review_count":33,"price":149000,"list_price":295000,"category":"Chăm sóc thú cưng"},{"name":"Đồ Ăn Cho Mèo Trưởng Thành Me-O Hương Vị Hải Sản (1.2Kg)","discount":45000,"discount_rate":28,"rating_average":5,"review_count":52,"price":114000,"list_price":159000,"category":"Chăm sóc thú cưng"},{"name":"Thức Ăn Dành Cho Chó Trong Thời Kì 5 - 18 Tháng Có Hàm Lượng Năng Lượng Được Kiểm Soát Để Xương Phát Triển Khỏe Mạnh Thuộc Giống Chó Lớn Fitmin Dog Maxi Junior 3KG - TẶNG 1 Lon Pate Tươi Hello Dog Chicken Pate 190G","discount":39000,"discount_rate":10,"rating_average":4.7,"review_count":3,"price":360000,"list_price":399000,"category":"Chăm sóc thú cưng"},{"name":"Viên Nhai Trị Ve, Ghẻ, Bọ Chét Nexgard Cho Chó 4 - 10kg","discount":24000,"discount_rate":13,"rating_average":4,"review_count":39,"price":165000,"list_price":189000,"category":"Chăm sóc thú cưng"},{"name":"Chậu thủy tinh, bể cá mini D14H12","discount":19000,"discount_rate":25,"rating_average":4.2,"review_count":11,"price":56000,"list_price":75000,"category":"Chăm sóc thú cưng"},{"name":"Đồ Chơi Cho Mèo Cần Câu Đùa Giỡn Với Mèo Đẹp Mắt","discount":123000,"discount_rate":82,"rating_average":4.8,"review_count":34,"price":27000,"list_price":150000,"category":"Chăm sóc thú cưng"},{"name":"Bỉm quần vệ sinh cho chó mèo Cái (Female) Sumiho công nghệ Ý (Nhiều size) thấm hút vượt trội","discount":28000,"discount_rate":17,"rating_average":4.8,"review_count":51,"price":140000,"list_price":168000,"category":"Chăm sóc thú cưng"},{"name":" Đồ Ăn Khô Cho Chó Trưởng Thành Hương Vị Thịt Bò Nướng SmartHeart (3kg)","discount":52500,"discount_rate":23,"rating_average":4.6,"review_count":152,"price":177500,"list_price":230000,"category":"Chăm sóc thú cưng"},{"name":"Catsrang 5Kg Thức Ăn Hạt Cho Mèo Mọi Lứa Tuổi","discount":160000,"discount_rate":31,"rating_average":4.3,"review_count":3,"price":350000,"list_price":510000,"category":"Chăm sóc thú cưng"},{"name":"Đồ Ăn Khô Cho Chó Con Hương Vị Thịt Bò Và Sữa SmartHeart (3kg)","discount":51100,"discount_rate":19,"rating_average":4.5,"review_count":85,"price":218900,"list_price":270000,"category":"Chăm sóc thú cưng"},{"name":"(Combo 5 Lon) Pate Tươi Dành Cho Mèo Kén Ăn Tất Cả Các Giống Mèo Ở Mọi Độ Tuổi Hương Vị Gà - Hello Cat Chicken Pate 190G","discount":211000,"discount_rate":60,"rating_average":4.5,"review_count":10,"price":139000,"list_price":350000,"category":"Chăm sóc thú cưng"},{"name":"Nhỏ gáy trị ve rận chó mèo 2.5ml cho thú cưng dưới 10kg","discount":1000,"discount_rate":4,"rating_average":4.5,"review_count":23,"price":24000,"list_price":25000,"category":"Chăm sóc thú cưng"},{"name":"Vòng cổ chó mèo nhiều màu sắc (giao ngẫu nhiên)","discount":10000,"discount_rate":33,"rating_average":4.8,"review_count":18,"price":20000,"list_price":30000,"category":"Chăm sóc thú cưng"},{"name":"Đèn bể cá loại chìm dành cho hồ cá cảnh có công tắc dễ sử dụng","discount":61000,"discount_rate":38,"rating_average":4.5,"review_count":80,"price":98000,"list_price":159000,"category":"Chăm sóc thú cưng"},{"name":"Tẩy Giun Chó Mèo Hanvet Sanpet (1 Vỉ 10 Viên)","discount":8000,"discount_rate":14,"rating_average":4.6,"review_count":85,"price":51000,"list_price":59000,"category":"Chăm sóc thú cưng"},{"name":"Đồ Ăn Cho Mèo Lớn Whiskas Vị Cá Thu Túi 1.2 Kg ","discount":48000,"discount_rate":31,"rating_average":4.8,"review_count":25,"price":107000,"list_price":155000,"category":"Chăm sóc thú cưng"},{"name":"Máy bơm nước bể cá RS-1680F, đầu máy bơm, máy lọc, máy bơm chìm làm quạt điều hoà (25W, 1750L/H)","discount":65120,"discount_rate":43,"rating_average":4.3,"review_count":18,"price":84880,"list_price":150000,"category":"Chăm sóc thú cưng"},{"name":"Bộ 10 Thanh Sứ Lọc Bể Cá DJ301 (Vàng)","discount":143520,"discount_rate":72,"rating_average":4.3,"review_count":11,"price":56480,"list_price":200000,"category":"Chăm sóc thú cưng"},{"name":" Thức Ăn Hảo Hạng Có Hơn 30% Thịt Tươi Dành Cho Chó Trưởng Thành Tất Cả Các Giống Fitmin Dog For Life Adult All Breeds 3KG - TẶNG 1 Lon Pate Tươi Hello Dog Chicken Pate 190G","discount":123000,"discount_rate":35,"rating_average":4.3,"review_count":10,"price":227000,"list_price":350000,"category":"Chăm sóc thú cưng"},{"name":"Máy thổi oxy tích điện 1 vòi ĐỀ PHÒNG CÚP ĐIỆN  SB-168 thích hợp cho hồ cá cảnh, hồ thủy sinh và đi câu cá","discount":120001,"discount_rate":48,"rating_average":5,"review_count":16,"price":129999,"list_price":250000,"category":"Chăm sóc thú cưng"},{"name":"Sữa Tắm Cho Chó SOS - Phục Hồi Da, Lông (530ml)","discount":63000,"discount_rate":44,"rating_average":4.5,"review_count":28,"price":79000,"list_price":142000,"category":"Chăm sóc thú cưng"},{"name":"Than hoạt tính lọc nước bể cá (1kg) vật liệu lọc nước sinh hoạt, vật liệu lọc bể cá, xử lý khí thải, khử độc","discount":60420,"discount_rate":62,"rating_average":4.7,"review_count":10,"price":37580,"list_price":98000,"category":"Chăm sóc thú cưng"},{"name":"Combo Fitmin Cat Purity Urinary Thức Ăn Đặc Biệt Giàu Đạm Động Vật Từ Thịt Gà Tây Cho Mèo Lớn Có Tác Động Tốt Đến Hệ Tiết Niệu - TẶNG 1 Lon Pate Tươi Hello Cat Pate 190G","discount":95000,"discount_rate":21,"rating_average":5,"review_count":2,"price":357000,"list_price":452000,"category":"Chăm sóc thú cưng"},{"name":"Bể cá để bàn - 30x17x17 tặng phụ kiên- hồ cá mini","discount":40000,"discount_rate":21,"rating_average":4.5,"review_count":11,"price":149000,"list_price":189000,"category":"Chăm sóc thú cưng"},{"name":"Máy bơm nước bể cá RS-1200, đầu máy bơm, máy lọc (8W, 800L/H)","discount":74520,"discount_rate":53,"rating_average":4.3,"review_count":12,"price":65480,"list_price":140000,"category":"Chăm sóc thú cưng"},{"name":"Thức Ăn Cho Mèo Con Royal Canin Kitten (2kg)","discount":49000,"discount_rate":11,"rating_average":5,"review_count":18,"price":397000,"list_price":446000,"category":"Chăm sóc thú cưng"},{"name":"Combo thức ăn cho chó Pedigree 1,5kg vị thịt bò và rau củ + sốt chó lớn Pedigree 80g vị bò nướng và rau","discount":45000,"discount_rate":30,"rating_average":4.5,"review_count":4,"price":105000,"list_price":150000,"category":"Chăm sóc thú cưng"},{"name":"Dây dắt yếm cho chó mèo nhỏ (màu ngẫu nhiên)","discount":13000,"discount_rate":37,"rating_average":4.5,"review_count":30,"price":22000,"list_price":35000,"category":"Chăm sóc thú cưng"},{"name":"Artemia Tách Vỏ Sấy Khô - Thức Ăn Cá Cảnh 150ml (80g)","discount":10000,"discount_rate":14,"rating_average":5,"review_count":2,"price":60000,"list_price":70000,"category":"Chăm sóc thú cưng"},{"name":"Thuốc Trị Ve Ghẻ Nhỏ Sống Lưng, Nhỏ Tai Chó Vemedim Fronil Spot","discount":20000,"discount_rate":29,"rating_average":4.7,"review_count":49,"price":49000,"list_price":69000,"category":"Chăm sóc thú cưng"},{"name":"500ml Vi sinh PSB làm trong nước bể cá (Vi khuẩn quang hợp, vi sinh tươi)","discount":4950,"discount_rate":11,"rating_average":0,"review_count":0,"price":39900,"list_price":44850,"category":"Chăm sóc thú cưng"},{"name":"Tông đơ chó mèo cạo lông thú cưng + Bộ nhiều phụ kiện tỉa móng - Sói bạc AGD-P60","discount":211000,"discount_rate":38,"rating_average":4.5,"review_count":15,"price":349000,"list_price":560000,"category":"Chăm sóc thú cưng"},{"name":"Nhà Ngủ Gỗ Lắp Ráp + Nệm Sky Mini dành cho dòng chó mèo nhỏ","discount":60000,"discount_rate":20,"rating_average":5,"review_count":1,"price":240000,"list_price":300000,"category":"Chăm sóc thú cưng"},{"name":"Combo đá nham thạch (1kg) + san hô vụn (1kg) vật liệu lọc, trang trí bể cá","discount":151000,"discount_rate":89,"rating_average":3.8,"review_count":5,"price":18000,"list_price":169000,"category":"Chăm sóc thú cưng"},{"name":"Thức ăn cho chó trưởng thành Ganador vị gà nướng Adult Roasted Chicken Flavor 3kg","discount":26000,"discount_rate":17,"rating_average":5,"review_count":5,"price":129000,"list_price":155000,"category":"Chăm sóc thú cưng"},{"name":"Lọ vi sinh quang hợp cho bể thủy sinh, cá cảnh","discount":99980,"discount_rate":50,"rating_average":4.2,"review_count":9,"price":100020,"list_price":200000,"category":"Chăm sóc thú cưng"},{"name":"Chuồng pet gấp gọn - lồng nuôi chó mèo sơn tĩnh điện tặng kèm khay vệ sinh","discount":102000,"discount_rate":41,"rating_average":3.8,"review_count":6,"price":148000,"list_price":250000,"category":"Chăm sóc thú cưng"},{"name":"Thức Ăn Cho Mèo  Me-O Adult Vị Cá Thu (350g)","discount":6000,"discount_rate":17,"rating_average":4.8,"review_count":12,"price":29000,"list_price":35000,"category":"Chăm sóc thú cưng"},{"name":"Dung dịch phun xịt diệt bọ chét, trứng bọ chét, con bét, con ve, rận chấy ở chó mèo Fiprofort Spray 250ml","discount":20000,"discount_rate":11,"rating_average":4.6,"review_count":22,"price":170000,"list_price":190000,"category":"Chăm sóc thú cưng"},{"name":"Bể cá mini để bàn làm việc","discount":442000,"discount_rate":55,"rating_average":4.3,"review_count":6,"price":357000,"list_price":799000,"category":"Chăm sóc thú cưng"},{"name":"Đồ Ăn Cho Chó Trưởng Thành Classic Pets Hương Vị Thịt Bò Nướng (2kg)","discount":26200,"discount_rate":19,"rating_average":4.7,"review_count":105,"price":112800,"list_price":139000,"category":"Chăm sóc thú cưng"},{"name":"Keo bẫy chim siêu dính, không độc hại","discount":74500,"discount_rate":83,"rating_average":4.3,"review_count":12,"price":15500,"list_price":90000,"category":"Chăm sóc thú cưng"}]