[{"name":"Sữa tắm hương nước hoa cao cấp cho chó mèo Spirit 500ml","discount":60000,"discount_rate":32,"rating_average":3.7,"review_count":3,"price":125000,"list_price":185000,"category":"Chăm sóc thú cưng"},{"name":"Nano bạc thủy sinh Fin+ Làm sạch bể cá, diệt khuẩn phòng bệnh cá Cảnh, cá Koi","discount":3000,"discount_rate":7,"rating_average":4.3,"review_count":14,"price":39000,"list_price":42000,"category":"Chăm sóc thú cưng"},{"name":"MEN VI SINH COMPOZYME DÀNH CHO HỒ CÁ CẢNH","discount":55001,"discount_rate":69,"rating_average":4.5,"review_count":29,"price":24999,"list_price":80000,"category":"Chăm sóc thú cưng"},{"name":"Combo máy bơm, máng lọc, RS 7800 cho hồ cá cảnh ","discount":132000,"discount_rate":44,"rating_average":4.5,"review_count":8,"price":168000,"list_price":300000,"category":"Chăm sóc thú cưng"},{"name":"Combo 5 gói thức ăn cho chó con Ganador vị sữa & DHA Puppy Milk with DHA 400 gram","discount":22001,"discount_rate":15,"rating_average":4.6,"review_count":36,"price":122999,"list_price":145000,"category":"Chăm sóc thú cưng"},{"name":"CHUỒNG CHÓ MÈO 60*43*50cm SƠN TĨNH ĐIỆN","discount":315000,"discount_rate":53,"rating_average":4.8,"review_count":15,"price":285000,"list_price":600000,"category":"Chăm sóc thú cưng"},{"name":"Sữa Tắm Chó Mèo Siêu Mượt Lông, Khử Mùi Bio (500ml)","discount":24000,"discount_rate":20,"rating_average":4.6,"review_count":38,"price":95000,"list_price":119000,"category":"Chăm sóc thú cưng"},{"name":"Men vi sinh  Bio 500ml","discount":105010,"discount_rate":42,"rating_average":4.3,"review_count":4,"price":144990,"list_price":250000,"category":"Chăm sóc thú cưng"},{"name":"Thức ăn cho mèo Minino Tuna Flavored thùng 7,8kg (6 túi*1,3kg)","discount":165000,"discount_rate":28,"rating_average":4.8,"review_count":57,"price":430000,"list_price":595000,"category":"Chăm sóc thú cưng"},{"name":"Đèn bể cá LED ĐỔi MÀU 4 dãy led cho hồ cá cảnh","discount":100000,"discount_rate":50,"rating_average":4.6,"review_count":99,"price":99000,"list_price":199000,"category":"Chăm sóc thú cưng"},{"name":"Lưới Bẫy Chim Tổng Hợp cao 5m","discount":115000,"discount_rate":72,"rating_average":0,"review_count":0,"price":45000,"list_price":160000,"category":"Chăm sóc thú cưng"},{"name":"Đèn bể cá đèn chìm tự động đổi màu cho hồ cá thêm sinh động","discount":50000,"discount_rate":39,"rating_average":4.2,"review_count":30,"price":79000,"list_price":129000,"category":"Chăm sóc thú cưng"},{"name":"Bể cá MJ260 - giao mầu ngẫu nhiên","discount":304000,"discount_rate":38,"rating_average":4.1,"review_count":8,"price":495000,"list_price":799000,"category":"Chăm sóc thú cưng"},{"name":"Xúc xích ăn vặt cho chó mèo, gói 30 cây","discount":25000,"discount_rate":31,"rating_average":4.7,"review_count":51,"price":55000,"list_price":80000,"category":"Chăm sóc thú cưng"},{"name":"Thức Ăn Hạt Cho Mèo Thái Lan Hello Cat Tuna 1.2Kg - Tặng Lon Pate Hello Cat 190G","discount":50000,"discount_rate":32,"rating_average":4.3,"review_count":30,"price":105000,"list_price":155000,"category":"Chăm sóc thú cưng"},{"name":"Cát vệ sinh Nhật Bản Cat Litter 10L dành cho mèo (Giao mùi ngẫu nhiên)","discount":46100,"discount_rate":30,"rating_average":4.3,"review_count":4,"price":108900,"list_price":155000,"category":"Chăm sóc thú cưng"},{"name":"Combo 6 bịch cát vệ sinh cho mèo - Cát Nhật 8 L (Giao mùi ngẫu nhiên)","discount":75000,"discount_rate":21,"rating_average":4.6,"review_count":8,"price":275000,"list_price":350000,"category":"Chăm sóc thú cưng"},{"name":"Máy bơm nước bể cá ATMAN AT-306s( 27W - 2000l/h) siêu bền","discount":354489,"discount_rate":59,"rating_average":3.8,"review_count":4,"price":245511,"list_price":600000,"category":"Chăm sóc thú cưng"},{"name":"Thức ăn cho chó trưởng thành Ganador vị thịt cừu & gạo Lamb & Rice 3 kg","discount":24000,"discount_rate":15,"rating_average":5,"review_count":34,"price":141000,"list_price":165000,"category":"Chăm sóc thú cưng"},{"name":"Đá nham thạch (2kg) vật liệu lọc, trang trí bể cá","discount":125910,"discount_rate":85,"rating_average":4.5,"review_count":7,"price":23090,"list_price":149000,"category":"Chăm sóc thú cưng"},{"name":"thức ăn cho cá Shanghai 500g","discount":36500,"discount_rate":73,"rating_average":0,"review_count":0,"price":13500,"list_price":50000,"category":"Chăm sóc thú cưng"},{"name":"Combo 12 Gói Thức Ăn Cho Mèo Con Whiskas Vị Cá Ngừ Dạng Túi (85g)","discount":7500,"discount_rate":5,"rating_average":5,"review_count":17,"price":155000,"list_price":162500,"category":"Chăm sóc thú cưng"},{"name":"Dây dắt vải đan bền cho thú cưng (màu ngẫu nhiên)","discount":45330,"discount_rate":60,"rating_average":4.5,"review_count":29,"price":29670,"list_price":75000,"category":"Chăm sóc thú cưng"},{"name":"Máy thổi luồng Sobo-WP800M (25W - 20.000 L/H) tạo dòng nước, làm sạch chất bẩn trong hồ","discount":180000,"discount_rate":45,"rating_average":4.7,"review_count":3,"price":220000,"list_price":400000,"category":"Chăm sóc thú cưng"},{"name":"Thức ăn hạt cho mèo con Hàn Quốc Catsrang Kittten","discount":9001,"discount_rate":13,"rating_average":4.8,"review_count":86,"price":60999,"list_price":70000,"category":"Chăm sóc thú cưng"},{"name":"Đồ Ăn Cho Mèo Trưởng Thành Me-O Hương Vị Cá Thu (450g)","discount":10700,"discount_rate":16,"rating_average":4.8,"review_count":16,"price":54300,"list_price":65000,"category":"Chăm sóc thú cưng"},{"name":"Vòng nổi chứa thức ăn cho cá phụ kiện bể cá","discount":14000,"discount_rate":29,"rating_average":5,"review_count":9,"price":35000,"list_price":49000,"category":"Chăm sóc thú cưng"},{"name":"Máy sủi oxy mini 2 vòi SOBO SB-348A (5W - 8L/PHÚT)","discount":101120,"discount_rate":56,"rating_average":3.8,"review_count":4,"price":77880,"list_price":179000,"category":"Chăm sóc thú cưng"},{"name":"Thức ăn cho chó con Ganador vị Trứng và Sữa - Egg and Milk 400 gr","discount":0,"discount_rate":0,"rating_average":5,"review_count":23,"price":26000,"list_price":26000,"category":"Chăm sóc thú cưng"},{"name":"Xương da bò gặm sạch răng cho chó","discount":41631,"discount_rate":53,"rating_average":4.2,"review_count":11,"price":36269,"list_price":77900,"category":"Chăm sóc thú cưng"},{"name":"Xẻng cán thẳng xúc cát vệ sinh – Xẻng xúc chất thải cho mèo - Giao màu ngẫu nhiên","discount":25000,"discount_rate":60,"rating_average":5,"review_count":4,"price":17000,"list_price":42000,"category":"Chăm sóc thú cưng"},{"name":"Mô hình cầu non bộ trang trí bể cá phụ kiện thiết bị bể cá cảnh quan bể cá trang trí nhà cửa lũa bể cá thủy sinh","discount":180000,"discount_rate":67,"rating_average":4.6,"review_count":5,"price":89000,"list_price":269000,"category":"Chăm sóc thú cưng"},{"name":"Xương Gặm Đồ Chơi Có Thể Ăn Được Orgo – Bịch 90g 5 Thanh - Dành Cho Chó Giúp Làm Sạch Răng Và Thơm Miệng Hình Bàn Chải Ngộ Nghĩnh 3 Vị Bò, Sữa Và Bạc Hà Xudapet – XBC01","discount":101400,"discount_rate":78,"rating_average":4.5,"review_count":8,"price":28600,"list_price":130000,"category":"Chăm sóc thú cưng"},{"name":"Bể cá mini để bàn combo 2 Bể tặng phụ kiện","discount":31000,"discount_rate":24,"rating_average":4.5,"review_count":41,"price":99000,"list_price":130000,"category":"Chăm sóc thú cưng"},{"name":"Đồ Ăn Cho Chó Vị Thịt Gà Và Gan SmartHeart (Hộp 400g)","discount":11300,"discount_rate":21,"rating_average":4.7,"review_count":49,"price":43700,"list_price":55000,"category":"Chăm sóc thú cưng"},{"name":"Cát vệ sinh mèo McKelly 5L","discount":15000,"discount_rate":18,"rating_average":4.8,"review_count":43,"price":70000,"list_price":85000,"category":"Chăm sóc thú cưng"},{"name":"Vòng cổ đệm cho chó (Chọn 4 màu) - Vòng cổ chó mèo 5 size thích hợp mọi loại chó","discount":64100,"discount_rate":65,"rating_average":0,"review_count":0,"price":34900,"list_price":99000,"category":"Chăm sóc thú cưng"},{"name":"1KG Cát thạch anh lọc nước bể cá, nước sinh hoạt, trải nền, làm thác cát, trang trí bể cá, ","discount":64520,"discount_rate":82,"rating_average":3.7,"review_count":3,"price":14480,"list_price":79000,"category":"Chăm sóc thú cưng"},{"name":" Combo 24 túi mix 4 vị thức ăn pate cho mèo lớn Whiskas 85g/túi","discount":0,"discount_rate":0,"rating_average":5,"review_count":6,"price":264000,"list_price":264000,"category":"Chăm sóc thú cưng"},{"name":"Sữa Tắm Cho Chó SOS - Giúp Mềm Mượt Lông (530ml)","discount":62001,"discount_rate":44,"rating_average":4.3,"review_count":56,"price":79999,"list_price":142000,"category":"Chăm sóc thú cưng"},{"name":"Combo 5 gói thức ăn cho chó trưởng thành Ganador vị thịt cừu & gạo Lamb & Rice 400gram","discount":22113,"discount_rate":18,"rating_average":4.7,"review_count":24,"price":102887,"list_price":125000,"category":"Chăm sóc thú cưng"},{"name":"THỨC ĂN HẠT CHO MÈO NHỎ CATSRANG KITTEN 1.5KG - NHẬP KHẨU HÀN QUỐC","discount":75000,"discount_rate":27,"rating_average":4.8,"review_count":13,"price":205000,"list_price":280000,"category":"Chăm sóc thú cưng"},{"name":"Balo Phi Hành Gia trong suốt cho chó mèo (giao màu ngẫu nhiên)","discount":271000,"discount_rate":54,"rating_average":5,"review_count":2,"price":229000,"list_price":500000,"category":"Chăm sóc thú cưng"},{"name":"Đồ Ăn Cho Chó Vị Gà Và Các Loại Rau Củ Pedigree Dạng Túi 1.5kg","discount":31300,"discount_rate":22,"rating_average":4.6,"review_count":68,"price":110000,"list_price":141300,"category":"Chăm sóc thú cưng"},{"name":"Thức ăn mèo lớn Royal Canin Indoor 2kg","discount":70000,"discount_rate":15,"rating_average":4.8,"review_count":28,"price":390000,"list_price":460000,"category":"Chăm sóc thú cưng"},{"name":"Tấm lót vệ sinh cho chó mèo","discount":25000,"discount_rate":12,"rating_average":5,"review_count":4,"price":190000,"list_price":215000,"category":"Chăm sóc thú cưng"},{"name":"Nệm ngủ cho chó","discount":126500,"discount_rate":63,"rating_average":3.9,"review_count":8,"price":73500,"list_price":200000,"category":"Chăm sóc thú cưng"},{"name":"Tiểu cảnh bể cá để bàn kèm đồng hồ TG-03M","discount":10000,"discount_rate":2,"rating_average":0,"review_count":0,"price":640000,"list_price":650000,"category":"Chăm sóc thú cưng"},{"name":"Cát vệ sinh cho mèo Genki 5L","discount":13260,"discount_rate":20,"rating_average":4.5,"review_count":12,"price":54740,"list_price":68000,"category":"Chăm sóc thú cưng"}]