[{"name":"Pate cho chó Petite Balade 400g (hộp) - Thức ăn thú cưng ","discount":36000,"discount_rate":30,"rating_average":4.7,"review_count":7,"price":84000,"list_price":120000,"category":"Chăm sóc thú cưng"},{"name":"Thức ăn hạt cho mèo mọi lứa tuổi CATSRANG ","discount":80000,"discount_rate":20,"rating_average":4.7,"review_count":417,"price":319000,"list_price":399000,"category":"Chăm sóc thú cưng"},{"name":"Cát Vệ Sinh Cho Mèo - Cát Nhật 8L (6 mùi)","discount":132000,"discount_rate":73,"rating_average":4.5,"review_count":13,"price":48000,"list_price":180000,"category":"Chăm sóc thú cưng"},{"name":"Cát Vệ Sinh Cho Mèo - Cát Nhật 8L ","discount":29500,"discount_rate":37,"rating_average":4.8,"review_count":50,"price":50500,"list_price":80000,"category":"Chăm sóc thú cưng"},{"name":"Tã lót cho chó mèo thú cưng (có mùi hương) Sumiho công nghệ Ý (nhiều Size) Phụ kiện cho chó mèo","discount":38000,"discount_rate":13,"rating_average":4.8,"review_count":148,"price":252000,"list_price":290000,"category":"Chăm sóc thú cưng"},{"name":"Đồ Ăn Cho Mèo Trưởng Thành Me-O Vị Hải Sản (7kg)","discount":325000,"discount_rate":42,"rating_average":4.7,"review_count":176,"price":444000,"list_price":769000,"category":"Chăm sóc thú cưng"},{"name":"Thức ăn hạt cho mèo Hàn Quốc Catsrang","discount":34000,"discount_rate":49,"rating_average":4.7,"review_count":298,"price":36000,"list_price":70000,"category":"Chăm sóc thú cưng"},{"name":"Máy Lọc Thác Nước Dành Cho Bể Cá","discount":54851,"discount_rate":46,"rating_average":4.8,"review_count":15,"price":65149,"list_price":120000,"category":"Chăm sóc thú cưng"},{"name":"Đồ Ăn Cho Chó Vị Gà Và Các Loại Rau Củ Pedigree Dạng Túi 1.5kg","discount":42300,"discount_rate":30,"rating_average":4.5,"review_count":27,"price":99000,"list_price":141300,"category":"Chăm sóc thú cưng"},{"name":"Sứ lọc bể cá (1kg) vật liệu lọc hồ cá, bể cá cảnh","discount":122100,"discount_rate":76,"rating_average":4.5,"review_count":51,"price":37900,"list_price":160000,"category":"Chăm sóc thú cưng"},{"name":"Cát vệ sinh cho mèo cát nhật 8L 4 mùi hương [giao mùi ngẫu nhiên]","discount":133500,"discount_rate":74,"rating_average":5,"review_count":2,"price":46500,"list_price":180000,"category":"Chăm sóc thú cưng"},{"name":"Đồ Ăn Cho Mèo Con Me-O Hương Vị Cá Biển (1.1Kg)","discount":35000,"discount_rate":26,"rating_average":4.7,"review_count":287,"price":100000,"list_price":135000,"category":"Chăm sóc thú cưng"},{"name":"(Combo 3 hộp song vị) Pate cho chó Petite Balade 400g/hộp (Pate Bò & Gà, Pate Heo & Cá Chày, Pate Gà & Cừu) nhập khẩu từ Pháp","discount":100000,"discount_rate":28,"rating_average":5,"review_count":4,"price":260000,"list_price":360000,"category":"Chăm sóc thú cưng"},{"name":"Thức Ăn Khô Cho Chó Con Hương Vị Thịt Bò Và Sữa SmartHeart (1.5kg)","discount":43000,"discount_rate":31,"rating_average":4.8,"review_count":22,"price":97000,"list_price":140000,"category":"Chăm sóc thú cưng"},{"name":"Đồ Ăn Cho Mèo Trưởng Thành Me-O Vị Cá Ngừ (7kg)","discount":319100,"discount_rate":41,"rating_average":4.5,"review_count":236,"price":449900,"list_price":769000,"category":"Chăm sóc thú cưng"},{"name":"Máy sủi oxy 1 vòi Electrical RS-248A ( 3W - 2.5L/PHÚT) loại tốt, siêu êm, cung cấp oxy cho bể cá cảnh mini, hồ thúy sinh","discount":92000,"discount_rate":71,"rating_average":4,"review_count":5,"price":37000,"list_price":129000,"category":"Chăm sóc thú cưng"},{"name":"Thức Ăn Được Chế Biến Từ Thịt Tươi Cho Tất Cả Các Giống Mèo Trưởng Thành Fitmin Cat For Life Salmon 1.8KG - TẶNG 1 Lon Pate Tươi Hello Cat Pate 190G","discount":29000,"discount_rate":8,"rating_average":4.3,"review_count":3,"price":349000,"list_price":378000,"category":"Chăm sóc thú cưng"},{"name":"Đá nham thạch (1kg) loại đẹp, vật liệu lọc, trang trí bể cá","discount":60002,"discount_rate":86,"rating_average":4.6,"review_count":17,"price":9998,"list_price":70000,"category":"Chăm sóc thú cưng"},{"name":"Dụng cụ bơm tay, chuyên dùng để hút nước và vệ sinh hồ cá","discount":20500,"discount_rate":46,"rating_average":4.7,"review_count":25,"price":24500,"list_price":45000,"category":"Chăm sóc thú cưng"},{"name":"Sữa Tắm Chó Mèo Trị Ve Ghẻ, Bọ Chét, Rận Tai Bio (500ml)","discount":54000,"discount_rate":39,"rating_average":4.7,"review_count":32,"price":85000,"list_price":139000,"category":"Chăm sóc thú cưng"},{"name":"Pate Tươi Dành Cho Tất Cả Các Giống Chó Ở Mọi Độ Tuổi Hương Vị Gà Thơm Ngon Dễ Ăn Bắt Vị - Hello Dog Chicken Pate 850G","discount":20000,"discount_rate":8,"rating_average":4.6,"review_count":5,"price":230000,"list_price":250000,"category":"Chăm sóc thú cưng"},{"name":"Thuốc Phun Xịt Ve, Ghẻ, Bọ Chét Chó Mèo Hanvet Hantox Spray (300ml)","discount":39000,"discount_rate":44,"rating_average":4.5,"review_count":63,"price":50000,"list_price":89000,"category":"Chăm sóc thú cưng"},{"name":"Thức ăn cho mèo con & mèo trưởng thành vị cá ngừ Minino Tuna Flavored 1,3kg","discount":25000,"discount_rate":25,"rating_average":4.7,"review_count":81,"price":75000,"list_price":100000,"category":"Chăm sóc thú cưng"},{"name":"Tông đơ cắt tỉa lông chó mèo","discount":170000,"discount_rate":49,"rating_average":4.6,"review_count":34,"price":180000,"list_price":350000,"category":"Chăm sóc thú cưng"},{"name":"(Combo 5 Lon) Pate Tươi Dành Cho Tất Cả Các Giống Mèo Ở Mọi Độ Tuổi Hương Vị Cá Ngừ Thơm Ngon Bắt Vị - Hello Cat Tuna Pate 190G","discount":211000,"discount_rate":60,"rating_average":4.5,"review_count":5,"price":139000,"list_price":350000,"category":"Chăm sóc thú cưng"},{"name":"Máy lọc nước bể cá cảnh Electrical RS188 ( 12W, 800L/H) - Máy lọc chìm","discount":129000,"discount_rate":65,"rating_average":3.6,"review_count":16,"price":70000,"list_price":199000,"category":"Chăm sóc thú cưng"},{"name":"Đá sỏi trồng cây, trang trí bể cá, sân vườn, bịch nửa kg","discount":37900,"discount_rate":63,"rating_average":5,"review_count":10,"price":22100,"list_price":60000,"category":"Chăm sóc thú cưng"},{"name":"1kg cát thạch anh siêu trắng Joton Sandy cho bể cá và bể lọc","discount":35000,"discount_rate":58,"rating_average":4.7,"review_count":72,"price":25000,"list_price":60000,"category":"Chăm sóc thú cưng"},{"name":"Combo Fitmin Cat Purity Hairball Thức Ăn Đặc Biệt Giàu Đạm Động Vật Từ Thịt Bò Và Gan Dành Cho Mèo Trưởng Thành Có Lông Dài - TẶNG 1 Lon Pate Tươi Hello Cat Pate 190G","discount":95000,"discount_rate":21,"rating_average":4.5,"review_count":4,"price":357000,"list_price":452000,"category":"Chăm sóc thú cưng"},{"name":"Đồ Ăn Cho Chó Trưởng Thành Hương Vị Thịt Bò Nướng Classic Pets (20kg)","discount":184800,"discount_rate":19,"rating_average":4.7,"review_count":181,"price":805200,"list_price":990000,"category":"Chăm sóc thú cưng"},{"name":"Sỏi suối tự nhiên dùng trải nền hồ cá thủy sinh ( size nhỏ nhuyễn )","discount":30000,"discount_rate":60,"rating_average":4.7,"review_count":15,"price":20000,"list_price":50000,"category":"Chăm sóc thú cưng"},{"name":"Combo 8 miếng Mảnh ghép chuồng chó đa năng kích thước 35x35cm tặng kèm 16 chốt nhựa để lắp ghép quây chó mèo, lắp ghép kệ","discount":273500,"discount_rate":69,"rating_average":4.8,"review_count":26,"price":125500,"list_price":399000,"category":"Chăm sóc thú cưng"},{"name":"(Combo 5 Lon) Pate Tươi Dành Cho Mèo Kén Ăn Tất Cả Các Giống Mèo Ở Mọi Độ Tuổi Hương Vị Gà - Hello Cat Chicken Pate 190G","discount":211000,"discount_rate":60,"rating_average":4.5,"review_count":10,"price":139000,"list_price":350000,"category":"Chăm sóc thú cưng"},{"name":"Lồng Chuột Hamster","discount":210000,"discount_rate":70,"rating_average":4.5,"review_count":85,"price":90000,"list_price":300000,"category":"Chăm sóc thú cưng"},{"name":"Sỏi ba màu tự nhiên màu đậm ( size nhỏ ) dùng trang trí hồ cá và sân vườn","discount":32001,"discount_rate":64,"rating_average":3.8,"review_count":8,"price":17999,"list_price":50000,"category":"Chăm sóc thú cưng"},{"name":"Sữa Tắm Chó Mèo Trị Ve Ghẻ, Bọ Chét, Rận Tai Bio (150ml)","discount":10100,"discount_rate":18,"rating_average":4.5,"review_count":44,"price":44900,"list_price":55000,"category":"Chăm sóc thú cưng"},{"name":"Tẩy Giun Chó Mèo Hanvet Sanpet (1 Vỉ 10 Viên)","discount":8000,"discount_rate":14,"rating_average":4.6,"review_count":85,"price":51000,"list_price":59000,"category":"Chăm sóc thú cưng"},{"name":"Đồ Ăn Cho Chó Trưởng Thành Hương Vị Thịt Bò Nướng SmartHeart (10kg)","discount":245100,"discount_rate":32,"rating_average":5,"review_count":88,"price":524900,"list_price":770000,"category":"Chăm sóc thú cưng"},{"name":"san hô vụn lọc nước bể cá 1kg","discount":51201,"discount_rate":85,"rating_average":4.5,"review_count":29,"price":8799,"list_price":60000,"category":"Chăm sóc thú cưng"},{"name":"Chuồng lồng nuôi nhốt chó mèo -LỒNG SƠN TĨNH ĐIỆN  XUẤT KHẨU NAN DÀY màu ngẫu nhiên","discount":40000,"discount_rate":15,"rating_average":4.5,"review_count":38,"price":229000,"list_price":269000,"category":"Chăm sóc thú cưng"},{"name":"Bỉm quần vệ sinh cho chó mèo Cái (Female) Sumiho công nghệ Ý (Nhiều size) thấm hút vượt trội","discount":35000,"discount_rate":20,"rating_average":4.8,"review_count":51,"price":140000,"list_price":175000,"category":"Chăm sóc thú cưng"},{"name":"Máy lọc nước bể cá dạng treo, máy lọc thác kết hợp lọc váng","discount":71500,"discount_rate":48,"rating_average":4,"review_count":32,"price":78500,"list_price":150000,"category":"Chăm sóc thú cưng"},{"name":"Đồ Ăn Cho Mèo Trưởng Thành Me-O Vị Cá Thu (7kg)","discount":310000,"discount_rate":40,"rating_average":4.5,"review_count":138,"price":459000,"list_price":769000,"category":"Chăm sóc thú cưng"},{"name":"Giường ngủ ấm áp cho thú cưng, Nệm ngủ cho chó mèo","discount":202000,"discount_rate":67,"rating_average":4.6,"review_count":40,"price":98000,"list_price":300000,"category":"Chăm sóc thú cưng"},{"name":"Thức Ăn Dành Cho Chó Trong Thời Kì 5 - 18 Tháng Có Hàm Lượng Năng Lượng Được Kiểm Soát Để Xương Phát Triển Khỏe Mạnh Thuộc Giống Chó Lớn Fitmin Dog Maxi Junior 3KG - TẶNG 1 Lon Pate Tươi Hello Dog Chicken Pate 190G","discount":39000,"discount_rate":10,"rating_average":4.7,"review_count":3,"price":360000,"list_price":399000,"category":"Chăm sóc thú cưng"},{"name":"Combo 5 gói thức ăn cho chó trưởng thành Ganador vị gà nướng Adult Roasted Chicken Flavor 400gr","discount":14000,"discount_rate":13,"rating_average":5,"review_count":36,"price":96000,"list_price":110000,"category":"Chăm sóc thú cưng"},{"name":"Sữa Tắm Cho Chó Lông Trắng SOS (530ml)","discount":63000,"discount_rate":44,"rating_average":4.6,"review_count":69,"price":79000,"list_price":142000,"category":"Chăm sóc thú cưng"},{"name":"Thức Ăn Cho Mèo Me-O Adult Vị Cá Ngừ (350g)","discount":11010,"discount_rate":28,"rating_average":5,"review_count":16,"price":28990,"list_price":40000,"category":"Chăm sóc thú cưng"},{"name":"Combo 12 gói sốt chó Pedigree vị gà,gan và rau 80g/1 gói","discount":0,"discount_rate":0,"rating_average":5,"review_count":4,"price":140000,"list_price":140000,"category":"Chăm sóc thú cưng"},{"name":"Đèn led hồ cá , hồ thủy sinh ","discount":60000,"discount_rate":40,"rating_average":4.5,"review_count":83,"price":89000,"list_price":149000,"category":"Chăm sóc thú cưng"},{"name":"Cát thạch anh (1KG) Cát thạch anh lọc nước bể cá, nước sinh hoạt, trải nền, làm thác cát, trang trí bể cá, khử asen, tạp chất có trong nước ăn hàng ngày...","discount":68520,"discount_rate":86,"rating_average":3.9,"review_count":8,"price":11480,"list_price":80000,"category":"Chăm sóc thú cưng"},{"name":"Cát vệ sinh cho mèo - Cát Nhật 10L","discount":26100,"discount_rate":22,"rating_average":3.9,"review_count":8,"price":93900,"list_price":120000,"category":"Chăm sóc thú cưng"},{"name":" Thức Ăn Hảo Hạng Có Hơn 30% Thịt Tươi Dành Cho Chó Trưởng Thành Tất Cả Các Giống Fitmin Dog For Life Adult All Breeds 3KG - TẶNG 1 Lon Pate Tươi Hello Dog Chicken Pate 190G","discount":123000,"discount_rate":35,"rating_average":4.3,"review_count":10,"price":227000,"list_price":350000,"category":"Chăm sóc thú cưng"},{"name":"Cát Vệ Sinh Cho Mèo - Cát Nhật 8L - 6 mùi [giao ngẫu nhiên] ","discount":74000,"discount_rate":62,"rating_average":4.8,"review_count":21,"price":46000,"list_price":120000,"category":"Chăm sóc thú cưng"},{"name":"Thức Ăn Ngũ Cốc Cho Hamster - Thức Ăn Loại Thường (500g)","discount":23000,"discount_rate":38,"rating_average":4.5,"review_count":80,"price":37000,"list_price":60000,"category":"Chăm sóc thú cưng"},{"name":"THỨC ĂN CHO MÈO MỌI LỨA TUỔI CATSRANG 3KG","discount":205000,"discount_rate":42,"rating_average":5,"review_count":36,"price":285000,"list_price":490000,"category":"Chăm sóc thú cưng"},{"name":"Thức Ăn Dành Cho Mèo Trưởng Thành Lông Dài Hỗ Trợ Điều Trị Búi Lông Fitmin Cat For Life Hairball 1.8KG - TẶNG 1 Lon Pate Tươi Hello Cat Pate 190G","discount":91000,"discount_rate":24,"rating_average":0,"review_count":0,"price":287000,"list_price":378000,"category":"Chăm sóc thú cưng"},{"name":" Máy Lọc Chìm Bể Cá Cảnh 5W JY-03 (Lớn) ","discount":94000,"discount_rate":50,"rating_average":5,"review_count":1,"price":95000,"list_price":189000,"category":"Chăm sóc thú cưng"},{"name":"Máy Lọc Thác Nước Bể Cá","discount":51000,"discount_rate":39,"rating_average":3.9,"review_count":109,"price":79000,"list_price":130000,"category":"Chăm sóc thú cưng"},{"name":" GĂNG TAY TẮM CHO CHÓ MÈO, (Màu ngẫu nhiên)","discount":14500,"discount_rate":50,"rating_average":3.8,"review_count":11,"price":14500,"list_price":29000,"category":"Chăm sóc thú cưng"},{"name":"Combo Fitmin Cat Purity Urinary Thức Ăn Đặc Biệt Giàu Đạm Động Vật Từ Thịt Gà Tây Cho Mèo Lớn Có Tác Động Tốt Đến Hệ Tiết Niệu - TẶNG 1 Lon Pate Tươi Hello Cat Pate 190G","discount":95000,"discount_rate":21,"rating_average":5,"review_count":2,"price":357000,"list_price":452000,"category":"Chăm sóc thú cưng"},{"name":"Hạt Catsrang  - Thức Ăn Hạt Cho Mèo Mọi Lứa Tuổi","discount":20000,"discount_rate":29,"rating_average":5,"review_count":2,"price":50000,"list_price":70000,"category":"Chăm sóc thú cưng"},{"name":"Ngăn phóng uế Fay Repell 200ml","discount":5000,"discount_rate":8,"rating_average":4,"review_count":40,"price":57000,"list_price":62000,"category":"Chăm sóc thú cưng"}]